"date","store","shift","maid","tweet_id"
"2025-07-26","1号店 アキバ絶対領域","ひる","かすみ","1948944239674753213"
"2025-07-26","1号店 アキバ絶対領域","ひる","しゃち","1948944239674753213"
"2025-07-26","1号店 アキバ絶対領域","ひる","しょこら","1948944239674753213"
"2025-07-26","1号店 アキバ絶対領域","ひる","のの","1948944239674753213"
"2025-07-26","1号店 アキバ絶対領域","ひる","はんちゅ","1948944239674753213"
"2025-07-26","1号店 アキバ絶対領域","ひる","みりあ","1948944239674753213"
"2025-07-26","1号店 アキバ絶対領域","よる","あめる","1949045012840546816"
"2025-07-26","1号店 アキバ絶対領域","よる","こえび","1949045012840546816"
"2025-07-26","1号店 アキバ絶対領域","よる","ばにら","1949045012840546816"
"2025-07-26","1号店 アキバ絶対領域","よる","ひなり","1949045012840546816"
"2025-07-26","1号店 アキバ絶対領域","よる","ふぁん","1949045012840546816"
"2025-07-26","3号店 +e","ひる","あまめ","1948941842877481196"
"2025-07-26","3号店 +e","ひる","あむ","1948941842877481196"
"2025-07-26","3号店 +e","ひる","あらた","1948941842877481196"
"2025-07-26","3号店 +e","ひる","こまち","1948941842877481196"
"2025-07-26","3号店 +e","ひる","さぴ","1948941842877481196"
"2025-07-26","3号店 +e","ひる","ふぁん","1948941842877481196"
"2025-07-26","3号店 +e","ひる","みりん","1948941842877481196"
"2025-07-26","3号店 +e","ひる","らき","1948941842877481196"
"2025-07-27","1号店 アキバ絶対領域","ひる","あまめ","1949304733283635691"
"2025-07-27","1号店 アキバ絶対領域","ひる","あめる","1949304733283635691"
"2025-07-27","1号店 アキバ絶対領域","ひる","ちさと","1949304733283635691"
"2025-07-27","1号店 アキバ絶対領域","ひる","ひかり","1949304733283635691"
"2025-07-27","1号店 アキバ絶対領域","ひる","らき","1949304733283635691"
"2025-07-27","1号店 アキバ絶対領域","よる","こえび","1949402171730186569"
"2025-07-27","1号店 アキバ絶対領域","よる","ばにら","1949402171730186569"
"2025-07-27","1号店 アキバ絶対領域","よる","ひかり","1949402171730186569"
"2025-07-27","1号店 アキバ絶対領域","よる","ひなり","1949402171730186569"
"2025-07-27","2号店 A.D.1912","ひる","うる","1949307421773762905"
"2025-07-27","2号店 A.D.1912","ひる","こい","1949307421773762905"
"2025-07-27","2号店 A.D.1912","ひる","すくい","1949307421773762905"
"2025-07-27","2号店 A.D.1912","ひる","ねむり","1949307421773762905"
"2025-07-27","2号店 A.D.1912","ひる","まこと","1949307421773762905"
"2025-07-27","2号店 A.D.1912","ひる","まる","1949307421773762905"
"2025-07-27","2号店 A.D.1912","ひる","みんと","1949307421773762905"
"2025-07-27","2号店 A.D.1912","よる","あめる","1949409571371651280"
"2025-07-27","2号店 A.D.1912","よる","えな","1949409571371651280"
"2025-07-27","2号店 A.D.1912","よる","えみる","1949409571371651280"
"2025-07-27","2号店 A.D.1912","よる","こばと","1949409571371651280"
"2025-07-27","2号店 A.D.1912","よる","ねむり","1949409571371651280"
"2025-07-27","2号店 A.D.1912","よる","ほたて","1949409571371651280"
"2025-07-27","2号店 A.D.1912","よる","まこっちゃん","1949409571371651280"
"2025-07-27","2号店 A.D.1912","よる","まこと","1949409571371651280"
"2025-07-27","2号店 A.D.1912","よる","まる","1949409571371651280"
"2025-07-28","1号店 アキバ絶対領域","ひる","あまめ","1949669914018754770"
"2025-07-28","1号店 アキバ絶対領域","ひる","こえび","1949669914018754770"
"2025-07-28","1号店 アキバ絶対領域","ひる","こまち","1949669914018754770"
"2025-07-28","1号店 アキバ絶対領域","ひる","はぴる","1949669914018754770"
"2025-07-28","1号店 アキバ絶対領域","ひる","まる","1949669914018754770"
"2025-07-28","1号店 アキバ絶対領域","よる","しゃち","1949758335827468396"
"2025-07-28","1号店 アキバ絶対領域","よる","すくい","1949758335827468396"
"2025-07-28","1号店 アキバ絶対領域","よる","はな","1949758335827468396"
"2025-07-28","1号店 アキバ絶対領域","よる","みりあ","1949758335827468396"
"2025-07-28","3号店 +e","よる","あらた","1949751423131865447"
"2025-07-28","3号店 +e","よる","はぴる","1949751423131865447"
"2025-07-28","3号店 +e","よる","はんちゅ","1949751423131865447"
"2025-07-28","3号店 +e","よる","らき","1949751423131865447"
"2025-07-29","1号店 アキバ絶対領域","ひる","あくび","1950033754921034219"
"2025-07-29","1号店 アキバ絶対領域","ひる","あらた","1950033754921034219"
"2025-07-29","1号店 アキバ絶対領域","ひる","うな","1950033754921034219"
"2025-07-29","1号店 アキバ絶対領域","ひる","えい","1950033754921034219"
"2025-07-29","1号店 アキバ絶対領域","ひる","えな","1950033754921034219"
"2025-07-29","1号店 アキバ絶対領域","ひる","こばと","1950033754921034219"
"2025-07-29","1号店 アキバ絶対領域","ひる","しゃち","1950033754921034219"
"2025-07-29","1号店 アキバ絶対領域","ひる","ほたて","1950033754921034219"
"2025-07-29","1号店 アキバ絶対領域","よる","あむ","1950130389839655300"
"2025-07-29","1号店 アキバ絶対領域","よる","あらた","1950130389839655300"
"2025-07-29","1号店 アキバ絶対領域","よる","うる","1950130389839655300"
"2025-07-29","1号店 アキバ絶対領域","よる","えい","1950130389839655300"
"2025-07-29","1号店 アキバ絶対領域","よる","きらり","1950130389839655300"
"2025-07-29","1号店 アキバ絶対領域","よる","さぴ","1950130389839655300"
"2025-07-29","1号店 アキバ絶対領域","よる","ちさと","1950130389839655300"
"2025-07-29","4号店 A.D.2045","よる","まこと","1950108017069793613"
"2025-07-29","4号店 A.D.2045","よる","まる","1950108017069793613"
"2025-07-29","4号店 A.D.2045","よる","みんと","1950108017069793613"
"2025-07-30","1号店 アキバ絶対領域","ひる","こばと","1950407999299686511"
"2025-07-30","1号店 アキバ絶対領域","ひる","のの","1950407999299686511"
"2025-07-30","1号店 アキバ絶対領域","ひる","ひなり","1950407999299686511"
"2025-07-30","1号店 アキバ絶対領域","ひる","まる","1950407999299686511"
"2025-07-30","1号店 アキバ絶対領域","よる","あくび","1950471300503498784"
"2025-07-30","1号店 アキバ絶対領域","よる","しゃち","1950471300503498784"
"2025-07-30","1号店 アキバ絶対領域","よる","すくい","1950471300503498784"
"2025-07-30","1号店 アキバ絶対領域","よる","ひかり","1950471300503498784"
"2025-07-30","3号店 +e","よる","あむ","1950472697068077101"
"2025-07-30","3号店 +e","よる","つくし","1950472697068077101"
"2025-07-30","3号店 +e","よる","まこと","1950472697068077101"
"2025-07-30","3号店 +e","よる","みりん","1950472697068077101"
"2025-07-30","3号店 +e","よる","らき","1950472697068077101"
"2025-07-31","1号店 アキバ絶対領域","ひる","あめる","1950841144046432673"
"2025-07-31","1号店 アキバ絶対領域","ひる","あらた","1950753929329099171"
"2025-07-31","1号店 アキバ絶対領域","ひる","あらた","1950841144046432673"
"2025-07-31","1号店 アキバ絶対領域","ひる","うな","1950753929329099171"
"2025-07-31","1号店 アキバ絶対領域","ひる","かすみ","1950753929329099171"
"2025-07-31","1号店 アキバ絶対領域","ひる","こまち","1950841144046432673"
"2025-07-31","1号店 アキバ絶対領域","ひる","すくい","1950841144046432673"
"2025-07-31","1号店 アキバ絶対領域","ひる","のの","1950753929329099171"
"2025-07-31","1号店 アキバ絶対領域","ひる","はな","1950841144046432673"
"2025-07-31","1号店 アキバ絶対領域","ひる","みりあ","1950753929329099171"
"2025-07-31","1号店 アキバ絶対領域","ひる","みりあ","1950841144046432673"
"2025-07-31","1号店 アキバ絶対領域","ひる","みりん","1950753929329099171"
"2025-07-31","1号店 アキバ絶対領域","ひる","みんと","1950753929329099171"
"2025-07-31","1号店 アキバ絶対領域","よる","あめる","1950841178947273087"
"2025-07-31","1号店 アキバ絶対領域","よる","あらた","1950841178947273087"
"2025-07-31","1号店 アキバ絶対領域","よる","こまち","1950841178947273087"
"2025-07-31","1号店 アキバ絶対領域","よる","すくい","1950841178947273087"
"2025-07-31","1号店 アキバ絶対領域","よる","はな","1950841178947273087"
"2025-07-31","1号店 アキバ絶対領域","よる","みりあ","1950841178947273087"
"2025-07-31","2号店 A.D.1912","ひる","あまめ","1950759603526087045"
"2025-07-31","2号店 A.D.1912","ひる","うる","1950759603526087045"
"2025-07-31","2号店 A.D.1912","ひる","えい","1950759603526087045"
"2025-07-31","2号店 A.D.1912","ひる","えな","1950759603526087045"
"2025-07-31","2号店 A.D.1912","ひる","つくし","1950759603526087045"
"2025-07-31","2号店 A.D.1912","ひる","はんちゅ","1950759603526087045"
"2025-07-31","2号店 A.D.1912","ひる","ひかり","1950759603526087045"
"2025-07-31","2号店 A.D.1912","ひる","まこと","1950759603526087045"
"2025-07-31","2号店 A.D.1912","よる","あむ","1950854824678826309"
"2025-07-31","2号店 A.D.1912","よる","うる","1950854824678826309"
"2025-07-31","2号店 A.D.1912","よる","えい","1950854824678826309"
"2025-07-31","2号店 A.D.1912","よる","えみる","1950854824678826309"
"2025-07-31","2号店 A.D.1912","よる","ちさと","1950854824678826309"
"2025-07-31","2号店 A.D.1912","よる","ねむり","1950854824678826309"
"2025-07-31","2号店 A.D.1912","よる","はぴる","1950854824678826309"
"2025-07-31","2号店 A.D.1912","よる","まこと","1950854824678826309"
"2025-08-01","1号店 アキバ絶対領域","ひる","あくび","1951216283275407437"
"2025-08-01","1号店 アキバ絶対領域","ひる","あまめ","1951117437421887720"
"2025-08-01","1号店 アキバ絶対領域","ひる","あらた","1951117437421887720"
"2025-08-01","1号店 アキバ絶対領域","ひる","うな","1951117437421887720"
"2025-08-01","1号店 アキバ絶対領域","ひる","きらり","1951117437421887720"
"2025-08-01","1号店 アキバ絶対領域","ひる","しゃち","1951216283275407437"
"2025-08-01","1号店 アキバ絶対領域","ひる","はんちゅ","1951117437421887720"
"2025-08-01","1号店 アキバ絶対領域","ひる","ひかり","1951216283275407437"
"2025-08-01","1号店 アキバ絶対領域","ひる","ひかり","1951117437421887720"
"2025-08-01","1号店 アキバ絶対領域","ひる","ふぁん","1951216283275407437"
"2025-08-01","1号店 アキバ絶対領域","ひる","まこと","1951216283275407437"
"2025-08-01","1号店 アキバ絶対領域","よる","あくび","1951216376141774953"
"2025-08-01","1号店 アキバ絶対領域","よる","しゃち","1951216376141774953"
"2025-08-01","1号店 アキバ絶対領域","よる","ひかり","1951216376141774953"
"2025-08-01","1号店 アキバ絶対領域","よる","ふぁん","1951216376141774953"
"2025-08-01","1号店 アキバ絶対領域","よる","まこと","1951216376141774953"
"2025-08-02","1号店 アキバ絶対領域","ひる","あむ","1951479394633130422"
"2025-08-02","1号店 アキバ絶対領域","ひる","あらた","1951479394633130422"
"2025-08-02","1号店 アキバ絶対領域","ひる","えな","1951479394633130422"
"2025-08-02","1号店 アキバ絶対領域","ひる","こい","1951479214739431447"
"2025-08-02","1号店 アキバ絶対領域","ひる","こばと","1951479214739431447"
"2025-08-02","1号店 アキバ絶対領域","ひる","さぴ","1951479214739431447"
"2025-08-02","1号店 アキバ絶対領域","ひる","しゃち","1951479394633130422"
"2025-08-02","1号店 アキバ絶対領域","ひる","ちさと","1951479214739431447"
"2025-08-02","1号店 アキバ絶対領域","ひる","ひなり","1951479214739431447"
"2025-08-02","1号店 アキバ絶対領域","ひる","ほたて","1951479394633130422"
"2025-08-02","1号店 アキバ絶対領域","ひる","みりあ","1951479214739431447"
"2025-08-02","1号店 アキバ絶対領域","ひる","みりん","1951479394633130422"
"2025-08-02","1号店 アキバ絶対領域","よる","あむ","1951573678258626646"
"2025-08-02","1号店 アキバ絶対領域","よる","あめる","1951573678258626646"
"2025-08-02","1号店 アキバ絶対領域","よる","うる","1951573678258626646"
"2025-08-02","1号店 アキバ絶対領域","よる","こえび","1951573678258626646"
"2025-08-02","1号店 アキバ絶対領域","よる","のの","1951573678258626646"
"2025-08-02","1号店 アキバ絶対領域","よる","はな","1951573678258626646"
"2025-08-03","1号店 アキバ絶対領域","ひる","あくび","1951841430085001385"
"2025-08-03","1号店 アキバ絶対領域","ひる","あまめ","1951841430085001385"
"2025-08-03","1号店 アキバ絶対領域","ひる","つくし","1951841430085001385"
"2025-08-03","1号店 アキバ絶対領域","ひる","のの","1951841430085001385"
"2025-08-03","1号店 アキバ絶対領域","ひる","はんちゅ","1951841430085001385"
"2025-08-03","1号店 アキバ絶対領域","ひる","ひかり","1951841430085001385"
"2025-08-03","1号店 アキバ絶対領域","ひる","まこと","1951841430085001385"
"2025-08-03","1号店 アキバ絶対領域","よる","すくい","1951929191294738544"
"2025-08-03","1号店 アキバ絶対領域","よる","ひなり","1951929191294738544"
"2025-08-03","1号店 アキバ絶対領域","よる","ふぁん","1951929191294738544"
"2025-08-03","1号店 アキバ絶対領域","よる","まひろ","1951929191294738544"
"2025-08-03","1号店 アキバ絶対領域","よる","まる","1951929191294738544"
"2025-08-03","3号店 +e","よる","あむ","1951921922100310311"
"2025-08-03","3号店 +e","よる","あめる","1951921922100310311"
"2025-08-03","3号店 +e","よる","えみる","1951921922100310311"
"2025-08-03","3号店 +e","よる","はんちゅ","1951921922100310311"
"2025-08-03","3号店 +e","よる","まこと","1951921922100310311"
"2025-08-03","4号店 A.D.2045","ひる","うな","1951842916567302449"
"2025-08-03","4号店 A.D.2045","ひる","うる","1951842916567302449"
"2025-08-03","4号店 A.D.2045","ひる","えな","1951842916567302449"
"2025-08-03","4号店 A.D.2045","ひる","みりあ","1951842916567302449"
"2025-08-04","1号店 アキバ絶対領域","ひる","あめる","1952205638840574110"
"2025-08-04","1号店 アキバ絶対領域","ひる","うな","1952205638840574110"
"2025-08-04","1号店 アキバ絶対領域","ひる","うる","1952205638840574110"
"2025-08-04","1号店 アキバ絶対領域","ひる","こい","1952205638840574110"
"2025-08-04","1号店 アキバ絶対領域","ひる","ほたて","1952205638840574110"
"2025-08-04","1号店 アキバ絶対領域","ひる","みりあ","1952205638840574110"
"2025-08-04","1号店 アキバ絶対領域","よる","えみる","1952292698934980984"
"2025-08-04","1号店 アキバ絶対領域","よる","ばにら","1952292698934980984"
"2025-08-04","1号店 アキバ絶対領域","よる","はんちゅ","1952292698934980984"
"2025-08-04","1号店 アキバ絶対領域","よる","まる","1952292698934980984"
"2025-08-04","3号店 +e","よる","あまめ","1952288046008934706"
"2025-08-04","3号店 +e","よる","あめる","1952288046008934706"
"2025-08-04","3号店 +e","よる","うる","1952288046008934706"
"2025-08-04","3号店 +e","よる","つくし","1952288046008934706"
"2025-08-04","3号店 +e","よる","はぴる","1952288046008934706"
"2025-08-04","3号店 +e","よる","まこと","1952288046008934706"
"2025-08-04","3号店 +e","よる","みりあ","1952288046008934706"
"2025-08-05","1号店 アキバ絶対領域","ひる","こまち","1952571429423301074"
"2025-08-05","1号店 アキバ絶対領域","ひる","ちさと","1952571429423301074"
"2025-08-05","1号店 アキバ絶対領域","ひる","まこと","1952571429423301074"
"2025-08-05","1号店 アキバ絶対領域","ひる","まる","1952571429423301074"
"2025-08-05","1号店 アキバ絶対領域","よる","かなた","1952648571959890324"
"2025-08-05","1号店 アキバ絶対領域","よる","こばと","1952648571959890324"
"2025-08-05","1号店 アキバ絶対領域","よる","はんちゅ","1952648571959890324"
"2025-08-05","1号店 アキバ絶対領域","よる","ひかり","1952648571959890324"
"2025-08-05","1号店 アキバ絶対領域","よる","ふぁん","1952648571959890324"
"2025-08-05","2号店 A.D.1912","ひる","あらた","1952571814351421734"
"2025-08-05","2号店 A.D.1912","ひる","えな","1952571814351421734"
"2025-08-05","2号店 A.D.1912","ひる","こい","1952571814351421734"
"2025-08-05","2号店 A.D.1912","ひる","こえび","1952571814351421734"
"2025-08-05","2号店 A.D.1912","ひる","みりあ","1952571814351421734"
"2025-08-05","4号店 A.D.2045","よる","える","1952658986152464763"
"2025-08-05","4号店 A.D.2045","よる","ばにら","1952658986152464763"
"2025-08-05","4号店 A.D.2045","よる","まこと","1952658986152464763"
"2025-08-05","4号店 A.D.2045","よる","まる","1952658986152464763"
"2025-08-05","4号店 A.D.2045","よる","らき","1952658986152464763"
"2025-08-06","1号店 アキバ絶対領域","ひる","あむ","1952929353131803061"
"2025-08-06","1号店 アキバ絶対領域","ひる","えみる","1952929353131803061"
"2025-08-06","1号店 アキバ絶対領域","ひる","のの","1952929353131803061"
"2025-08-06","1号店 アキバ絶対領域","ひる","ひなり","1952929353131803061"
"2025-08-06","1号店 アキバ絶対領域","よる","あむ","1953025860820451545"
"2025-08-06","1号店 アキバ絶対領域","よる","あめる","1953025860820451545"
"2025-08-06","1号店 アキバ絶対領域","よる","うる","1953025860820451545"
"2025-08-06","1号店 アキバ絶対領域","よる","しゃち","1953025860820451545"
"2025-08-06","1号店 アキバ絶対領域","よる","みぞれ","1953025860820451545"
"2025-08-06","1号店 アキバ絶対領域","よる","らき","1953025860820451545"
"2025-08-06","4号店 A.D.2045","ひる","うる","1952930206991442392"
"2025-08-06","4号店 A.D.2045","ひる","こえび","1952930206991442392"
"2025-08-06","4号店 A.D.2045","ひる","こまち","1952930206991442392"
"2025-08-06","4号店 A.D.2045","ひる","みんと","1952930206991442392"
"2025-08-07","1号店 アキバ絶対領域","ひる","こまち","1953291199068131668"
"2025-08-07","1号店 アキバ絶対領域","ひる","つくし","1953291199068131668"
"2025-08-07","1号店 アキバ絶対領域","ひる","はぴる","1953291199068131668"
"2025-08-07","1号店 アキバ絶対領域","ひる","ほたて","1953291199068131668"
"2025-08-07","1号店 アキバ絶対領域","ひる","まこと","1953291199068131668"
"2025-08-07","1号店 アキバ絶対領域","ひる","みんと","1953291199068131668"
"2025-08-07","1号店 アキバ絶対領域","ひる","めろ","1953291199068131668"
"2025-08-07","1号店 アキバ絶対領域","よる","あめる","1953377209193816158"
"2025-08-07","1号店 アキバ絶対領域","よる","こえび","1953377209193816158"
"2025-08-07","1号店 アキバ絶対領域","よる","こばと","1953377209193816158"
"2025-08-07","1号店 アキバ絶対領域","よる","さぴ","1953377209193816158"
"2025-08-07","1号店 アキバ絶対領域","よる","ばにら","1953377209193816158"
"2025-08-07","1号店 アキバ絶対領域","よる","はぴる","1953377209193816158"
"2025-08-07","1号店 アキバ絶対領域","よる","まこと","1953377209193816158"
"2025-08-07","3号店 +e","ひる","あまめ","1953293198677156274"
"2025-08-07","3号店 +e","ひる","うる","1953293198677156274"
"2025-08-07","3号店 +e","ひる","えな","1953293198677156274"
"2025-08-07","3号店 +e","ひる","まひろ","1953293198677156274"
"2025-08-07","3号店 +e","ひる","まる","1953293198677156274"
"2025-08-07","3号店 +e","ひる","みりん","1953293198677156274"
"2025-08-07","3号店 +e","ひる","らき","1953293198677156274"
"2025-08-08","1号店 アキバ絶対領域","ひる","あらた","1953656641024667764"
"2025-08-08","1号店 アキバ絶対領域","ひる","える","1953656641024667764"
"2025-08-08","1号店 アキバ絶対領域","ひる","こまち","1953656641024667764"
"2025-08-08","1号店 アキバ絶対領域","ひる","ねむり","1953656641024667764"
"2025-08-08","1号店 アキバ絶対領域","ひる","ふぁん","1953656641024667764"
"2025-08-08","1号店 アキバ絶対領域","ひる","まこと","1953656641024667764"
"2025-08-08","1号店 アキバ絶対領域","ひる","まる","1953656641024667764"
"2025-08-08","1号店 アキバ絶対領域","ひる","みりあ","1953656641024667764"
"2025-08-08","1号店 アキバ絶対領域","よる","あむ","1953751382483427605"
"2025-08-08","1号店 アキバ絶対領域","よる","あらた","1953751382483427605"
"2025-08-08","1号店 アキバ絶対領域","よる","すくい","1953751382483427605"
"2025-08-08","1号店 アキバ絶対領域","よる","ねむり","1953751382483427605"
"2025-08-08","1号店 アキバ絶対領域","よる","ばにら","1953751382483427605"
"2025-08-08","1号店 アキバ絶対領域","よる","まこと","1953751382483427605"
"2025-08-08","1号店 アキバ絶対領域","よる","まる","1953751382483427605"
"2025-08-08","1号店 アキバ絶対領域","よる","みぞれ","1953751382483427605"
"2025-08-08","2号店 A.D.1912","ひる","あむ","1953653230778692033"
"2025-08-08","2号店 A.D.1912","ひる","うる","1953653230778692033"
"2025-08-08","2号店 A.D.1912","ひる","えみる","1953653230778692033"
"2025-08-08","2号店 A.D.1912","ひる","こい","1953653230778692033"
"2025-08-08","2号店 A.D.1912","ひる","つくし","1953653230778692033"
"2025-08-08","2号店 A.D.1912","ひる","みりん","1953653230778692033"
"2025-08-08","2号店 A.D.1912","よる","うな","1953742905308328387"
"2025-08-08","2号店 A.D.1912","よる","うる","1953742905308328387"
"2025-08-08","2号店 A.D.1912","よる","こばと","1953742905308328387"
"2025-08-08","2号店 A.D.1912","よる","はんちゅ","1953742905308328387"
"2025-08-08","2号店 A.D.1912","よる","ひかり","1953742905308328387"
"2025-08-08","2号店 A.D.1912","よる","ほたて","1953742905308328387"
"2025-08-09","1号店 アキバ絶対領域","ひる","あめる","1954016986545238296"
"2025-08-09","1号店 アキバ絶対領域","ひる","うる","1954016986545238296"
"2025-08-09","1号店 アキバ絶対領域","ひる","えな","1954016986545238296"
"2025-08-09","1号店 アキバ絶対領域","ひる","こい","1954016986545238296"
"2025-08-09","1号店 アキバ絶対領域","ひる","しょこら","1954016986545238296"
"2025-08-09","1号店 アキバ絶対領域","ひる","つくし","1954016986545238296"
"2025-08-09","1号店 アキバ絶対領域","ひる","まひろ","1954016986545238296"
"2025-08-09","1号店 アキバ絶対領域","ひる","みりん","1954016986545238296"
"2025-08-09","1号店 アキバ絶対領域","よる","あむ","1954113508146106602"
"2025-08-09","1号店 アキバ絶対領域","よる","あめる","1954113508146106602"
"2025-08-09","1号店 アキバ絶対領域","よる","あらた","1954113508146106602"
"2025-08-09","1号店 アキバ絶対領域","よる","さぴ","1954113508146106602"
"2025-08-09","1号店 アキバ絶対領域","よる","みんと","1954113508146106602"
"2025-08-09","3号店 +e","ひる","あくび","1954017301206110401"
"2025-08-09","3号店 +e","ひる","あむ","1954017301206110401"
"2025-08-09","3号店 +e","ひる","あらた","1954017301206110401"
"2025-08-09","3号店 +e","ひる","さぴ","1954017301206110401"
"2025-08-09","3号店 +e","ひる","すくい","1954017301206110401"
"2025-08-09","3号店 +e","ひる","ひなり","1954017301206110401"
"2025-08-09","4号店 A.D.2045","よる","こえび","1954097225442770964"
"2025-08-09","4号店 A.D.2045","よる","ひかり","1954097225442770964"
"2025-08-09","4号店 A.D.2045","よる","まこと","1954097225442770964"
"2025-08-09","4号店 A.D.2045","よる","みぞれ","1954097225442770964"
"2025-08-10","1号店 アキバ絶対領域","ひる","こまち","1954379350603927846"
"2025-08-10","1号店 アキバ絶対領域","ひる","ばにら","1954379350603927846"
"2025-08-10","1号店 アキバ絶対領域","ひる","ひなり","1954379350603927846"
"2025-08-10","1号店 アキバ絶対領域","ひる","ほたて","1954379350603927846"
"2025-08-10","1号店 アキバ絶対領域","ひる","まこと","1954379350603927846"
"2025-08-10","1号店 アキバ絶対領域","ひる","みるき","1954379350603927846"
"2025-08-10","1号店 アキバ絶対領域","よる","えみる","1954481041042997431"
"2025-08-10","1号店 アキバ絶対領域","よる","える","1954481041042997431"
"2025-08-10","1号店 アキバ絶対領域","よる","こまち","1954481041042997431"
"2025-08-10","1号店 アキバ絶対領域","よる","さぴ","1954481041042997431"
"2025-08-10","1号店 アキバ絶対領域","よる","まこと","1954481041042997431"
"2025-08-10","1号店 アキバ絶対領域","よる","みりあ","1954481041042997431"
"2025-08-10","3号店 +e","ひる","あまめ","1954379538479362225"
"2025-08-10","3号店 +e","ひる","あめる","1954379538479362225"
"2025-08-10","3号店 +e","ひる","あらた","1954379538479362225"
"2025-08-10","3号店 +e","ひる","うな","1954379538479362225"
"2025-08-10","3号店 +e","ひる","えみる","1954379538479362225"
"2025-08-10","3号店 +e","ひる","こい","1954379538479362225"
"2025-08-10","3号店 +e","ひる","みりあ","1954379538479362225"
"2025-08-11","1号店 アキバ絶対領域","ひる","うる","1954739983941873997"
"2025-08-11","1号店 アキバ絶対領域","ひる","こまち","1954739983941873997"
"2025-08-11","1号店 アキバ絶対領域","ひる","しょこら","1954739983941873997"
"2025-08-11","1号店 アキバ絶対領域","ひる","ちさと","1954739983941873997"
"2025-08-11","1号店 アキバ絶対領域","ひる","ふぁん","1954739983941873997"
"2025-08-11","1号店 アキバ絶対領域","ひる","みるき","1954739983941873997"
"2025-08-11","1号店 アキバ絶対領域","よる","うる","1954833443969265934"
"2025-08-11","1号店 アキバ絶対領域","よる","しゃち","1954833443969265934"
"2025-08-11","1号店 アキバ絶対領域","よる","ばにら","1954833443969265934"
"2025-08-11","1号店 アキバ絶対領域","よる","はぴる","1954833443969265934"
"2025-08-11","1号店 アキバ絶対領域","よる","まひろ","1954833443969265934"
"2025-08-11","1号店 アキバ絶対領域","よる","みぞれ","1954833443969265934"
"2025-08-11","2号店 A.D.1912","ひる","あむ","1954740922371223850"
"2025-08-11","2号店 A.D.1912","ひる","あらた","1954740922371223850"
"2025-08-11","2号店 A.D.1912","ひる","えな","1954740922371223850"
"2025-08-11","2号店 A.D.1912","ひる","えみる","1954740922371223850"
"2025-08-11","2号店 A.D.1912","ひる","かなた","1954740922371223850"
"2025-08-11","2号店 A.D.1912","ひる","ひなり","1954740922371223850"
"2025-08-11","2号店 A.D.1912","ひる","みりん","1954740922371223850"
"2025-08-11","2号店 A.D.1912","ひる","らき","1954740922371223850"
"2025-08-12","1号店 アキバ絶対領域","ひる","あまめ","1955102115803861094"
"2025-08-12","1号店 アキバ絶対領域","ひる","あらた","1955102115803861094"
"2025-08-12","1号店 アキバ絶対領域","ひる","こい","1955102115803861094"
"2025-08-12","1号店 アキバ絶対領域","ひる","しゃち","1955102115803861094"
"2025-08-12","1号店 アキバ絶対領域","ひる","のの","1955102115803861094"
"2025-08-12","1号店 アキバ絶対領域","ひる","はぴる","1955102115803861094"
"2025-08-12","1号店 アキバ絶対領域","ひる","みんと","1955102115803861094"
"2025-08-12","1号店 アキバ絶対領域","よる","あめる","1955194729391599975"
"2025-08-12","1号店 アキバ絶対領域","よる","あらた","1955194729391599975"
"2025-08-12","1号店 アキバ絶対領域","よる","かなた","1955194729391599975"
"2025-08-12","1号店 アキバ絶対領域","よる","はんちゅ","1955194729391599975"
"2025-08-12","1号店 アキバ絶対領域","よる","みぞれ","1955194729391599975"
"2025-08-12","1号店 アキバ絶対領域","よる","みんと","1955194729391599975"
"2025-08-12","4号店 A.D.2045","ひる","うる","1955104422742433842"
"2025-08-12","4号店 A.D.2045","ひる","すくい","1955104422742433842"
"2025-08-12","4号店 A.D.2045","ひる","ちさと","1955104422742433842"
"2025-08-12","4号店 A.D.2045","ひる","ねむり","1955104422742433842"
"2025-08-12","4号店 A.D.2045","ひる","みりあ","1955104422742433842"
"2025-08-12","4号店 A.D.2045","よる","あむ","1955194986196255227"
"2025-08-12","4号店 A.D.2045","よる","える","1955194986196255227"
"2025-08-12","4号店 A.D.2045","よる","すくい","1955194986196255227"
"2025-08-12","4号店 A.D.2045","よる","はぴる","1955194986196255227"
"2025-08-12","4号店 A.D.2045","よる","まこと","1955194986196255227"
"2025-08-13","1号店 アキバ絶対領域","ひる","えみる","1955471527404765365"
"2025-08-13","1号店 アキバ絶対領域","ひる","える","1955471527404765365"
"2025-08-13","1号店 アキバ絶対領域","ひる","ひかり","1955471527404765365"
"2025-08-13","1号店 アキバ絶対領域","ひる","まこと","1955471527404765365"
"2025-08-13","1号店 アキバ絶対領域","ひる","みるき","1955471527404765365"
"2025-08-13","1号店 アキバ絶対領域","ひる","めろ","1955471527404765365"
"2025-08-13","1号店 アキバ絶対領域","よる","こばと","1955549696379981962"
"2025-08-13","1号店 アキバ絶対領域","よる","こまち","1955549696379981962"
"2025-08-13","1号店 アキバ絶対領域","よる","しゃち","1955549696379981962"
"2025-08-13","1号店 アキバ絶対領域","よる","ひかり","1955549696379981962"
"2025-08-13","1号店 アキバ絶対領域","よる","まひろ","1955549696379981962"
"2025-08-13","3号店 +e","よる","あむ","1955543670087881001"
"2025-08-13","3号店 +e","よる","かなた","1955543670087881001"
"2025-08-13","3号店 +e","よる","さぴ","1955543670087881001"
"2025-08-13","3号店 +e","よる","ばにら","1955543670087881001"
"2025-08-13","3号店 +e","よる","まこと","1955543670087881001"
"2025-08-13","3号店 +e","よる","みりん","1955543670087881001"
"2025-08-14","1号店 アキバ絶対領域","ひる","こい","1955827431623024898"
"2025-08-14","1号店 アキバ絶対領域","ひる","こまち","1955827431623024898"
"2025-08-14","1号店 アキバ絶対領域","ひる","ひかり","1955827431623024898"
"2025-08-14","1号店 アキバ絶対領域","ひる","ふぁん","1955827431623024898"
"2025-08-14","1号店 アキバ絶対領域","ひる","みんと","1955827431623024898"
"2025-08-14","1号店 アキバ絶対領域","よる","あめる","1955930635182465174"
"2025-08-14","1号店 アキバ絶対領域","よる","こえび","1955930635182465174"
"2025-08-14","1号店 アキバ絶対領域","よる","すくい","1955930635182465174"
"2025-08-14","1号店 アキバ絶対領域","よる","みぞれ","1955930635182465174"
"2025-08-14","1号店 アキバ絶対領域","よる","みりあ","1955930635182465174"
"2025-08-14","2号店 A.D.1912","ひる","あめる","1955833297273282625"
"2025-08-14","2号店 A.D.1912","ひる","のの","1955833297273282625"
"2025-08-14","2号店 A.D.1912","ひる","みりあ","1955833297273282625"
"2025-08-14","2号店 A.D.1912","ひる","みりん","1955833297273282625"
"2025-08-15","1号店 アキバ絶対領域","ひる","えみる","1956189929333260395"
"2025-08-15","1号店 アキバ絶対領域","ひる","すくい","1956189929333260395"
"2025-08-15","1号店 アキバ絶対領域","ひる","ねむり","1956189929333260395"
"2025-08-15","1号店 アキバ絶対領域","ひる","はぴる","1956189929333260395"
"2025-08-15","1号店 アキバ絶対領域","ひる","まこと","1956189929333260395"
"2025-08-15","1号店 アキバ絶対領域","よる","あくび","1956283061752001021"
"2025-08-15","1号店 アキバ絶対領域","よる","あくび","1956283028587659500"
"2025-08-15","1号店 アキバ絶対領域","よる","あむ","1956283061752001021"
"2025-08-15","1号店 アキバ絶対領域","よる","あむ","1956283028587659500"
"2025-08-15","1号店 アキバ絶対領域","よる","えな","1956283061752001021"
"2025-08-15","1号店 アキバ絶対領域","よる","えな","1956283028587659500"
"2025-08-15","1号店 アキバ絶対領域","よる","こばと","1956283061752001021"
"2025-08-15","1号店 アキバ絶対領域","よる","しょこら","1956283028587659500"
"2025-08-15","1号店 アキバ絶対領域","よる","しょこら","1956283061752001021"
"2025-08-15","1号店 アキバ絶対領域","よる","ばにら","1956283061752001021"
"2025-08-15","1号店 アキバ絶対領域","よる","ばにら","1956283028587659500"
"2025-08-15","3号店 +e","よる","あめる","1956291761896075380"
"2025-08-15","3号店 +e","よる","しゃち","1956291761896075380"
"2025-08-15","3号店 +e","よる","はぴる","1956291761896075380"
"2025-08-15","3号店 +e","よる","ひなり","1956291761896075380"
"2025-08-15","3号店 +e","よる","まこと","1956291761896075380"
"2025-08-15","3号店 +e","よる","みぞれ","1956291761896075380"
"2025-08-15","3号店 +e","よる","みりん","1956291761896075380"
"2025-08-15","3号店 +e","よる","めろ","1956291761896075380"
"2025-08-15","4号店 A.D.2045","ひる","うる","1956191744313451005"
"2025-08-15","4号店 A.D.2045","ひる","こえび","1956191744313451005"
"2025-08-15","4号店 A.D.2045","ひる","ばにら","1956191744313451005"
"2025-08-15","4号店 A.D.2045","ひる","みりあ","1956191744313451005"
"2025-08-16","1号店 アキバ絶対領域","よる","あくび","1956659730325156198"
"2025-08-16","1号店 アキバ絶対領域","よる","こえび","1956659730325156198"
"2025-08-16","1号店 アキバ絶対領域","よる","こまち","1956659730325156198"
"2025-08-16","1号店 アキバ絶対領域","よる","ばにら","1956659730325156198"
"2025-08-16","1号店 アキバ絶対領域","よる","みりあ","1956659730325156198"
"2025-08-16","2号店 A.D.1912","ひる","えな","1956552388086768089"
"2025-08-16","2号店 A.D.1912","ひる","えみる","1956552388086768089"
"2025-08-16","2号店 A.D.1912","ひる","のの","1956552388086768089"
"2025-08-16","2号店 A.D.1912","ひる","はんちゅ","1956552388086768089"
"2025-08-16","2号店 A.D.1912","ひる","まこと","1956552388086768089"
"2025-08-16","2号店 A.D.1912","ひる","まひろ","1956552388086768089"
"2025-08-16","2号店 A.D.1912","ひる","みりあ","1956552388086768089"
"2025-08-17","1号店 アキバ絶対領域","ひる","あまめ","1956917360121860604"
"2025-08-17","1号店 アキバ絶対領域","ひる","うる","1956917360121860604"
"2025-08-17","1号店 アキバ絶対領域","ひる","ねむり","1956917360121860604"
"2025-08-17","1号店 アキバ絶対領域","ひる","ほたて","1956917360121860604"
"2025-08-17","1号店 アキバ絶対領域","ひる","まひろ","1956917360121860604"
"2025-08-17","1号店 アキバ絶対領域","ひる","みりあ","1956917360121860604"
"2025-08-17","1号店 アキバ絶対領域","ひる","らき","1956917360121860604"
"2025-08-17","1号店 アキバ絶対領域","よる","あむ","1957009731215634874"
"2025-08-17","1号店 アキバ絶対領域","よる","あめる","1957009731215634874"
"2025-08-17","1号店 アキバ絶対領域","よる","えな","1957009731215634874"
"2025-08-17","1号店 アキバ絶対領域","よる","きらり","1957009731215634874"
"2025-08-17","1号店 アキバ絶対領域","よる","ひかり","1957009731215634874"
"2025-08-17","1号店 アキバ絶対領域","よる","まこと","1957009731215634874"
"2025-08-17","3号店 +e","ひる","あむ","1956917601759900082"
"2025-08-17","3号店 +e","ひる","あめる","1956917601759900082"
"2025-08-17","3号店 +e","ひる","こい","1956917601759900082"
"2025-08-17","3号店 +e","ひる","こえび","1956917601759900082"
"2025-08-17","3号店 +e","ひる","つくし","1956917601759900082"
"2025-08-17","3号店 +e","ひる","まこと","1956917601759900082"
"2025-08-17","4号店 A.D.2045","よる","うな","1957001069839737015"
"2025-08-17","4号店 A.D.2045","よる","うる","1957001069839737015"
"2025-08-17","4号店 A.D.2045","よる","はんちゅ","1957001069839737015"
"2025-08-17","4号店 A.D.2045","よる","みんと","1957001069839737015"
"2025-08-18","1号店 アキバ絶対領域","ひる","あめる","1957278542837985534"
"2025-08-18","1号店 アキバ絶対領域","ひる","きらり","1957278542837985534"
"2025-08-18","1号店 アキバ絶対領域","ひる","こまち","1957278542837985534"
"2025-08-18","1号店 アキバ絶対領域","ひる","ひかり","1957278542837985534"
"2025-08-18","1号店 アキバ絶対領域","ひる","みるき","1957278542837985534"
"2025-08-18","1号店 アキバ絶対領域","よる","あむ","1957381466716815871"
"2025-08-18","1号店 アキバ絶対領域","よる","ばにら","1957381466716815871"
"2025-08-18","1号店 アキバ絶対領域","よる","はぴる","1957381466716815871"
"2025-08-18","1号店 アキバ絶対領域","よる","まひろ","1957381466716815871"
"2025-08-18","1号店 アキバ絶対領域","よる","めろ","1957381466716815871"
"2025-08-18","2号店 A.D.1912","ひる","うる","1957288322696384620"
"2025-08-18","2号店 A.D.1912","ひる","えみる","1957288322696384620"
"2025-08-18","2号店 A.D.1912","ひる","つくし","1957288322696384620"
"2025-08-18","2号店 A.D.1912","ひる","のの","1957288322696384620"
"2025-08-18","2号店 A.D.1912","ひる","はぴる","1957288322696384620"
"2025-08-18","2号店 A.D.1912","ひる","らき","1957288322696384620"
"2025-08-19","1号店 アキバ絶対領域","ひる","しゃち","1957639543785680986"
"2025-08-19","1号店 アキバ絶対領域","ひる","はぴる","1957639543785680986"
"2025-08-19","1号店 アキバ絶対領域","ひる","みりあ","1957639543785680986"
"2025-08-19","1号店 アキバ絶対領域","よる","あむ","1957732646349394137"
"2025-08-19","1号店 アキバ絶対領域","よる","えみる","1957732646349394137"
"2025-08-19","1号店 アキバ絶対領域","よる","まこと","1957732646349394137"
"2025-08-19","1号店 アキバ絶対領域","よる","みるき","1957732646349394137"
"2025-08-19","3号店 +e","ひる","あむ","1957639360586871199"
"2025-08-19","3号店 +e","ひる","うな","1957639360586871199"
"2025-08-19","3号店 +e","ひる","えみる","1957639360586871199"
"2025-08-19","3号店 +e","ひる","ふぁん","1957639360586871199"
"2025-08-19","3号店 +e","ひる","まこと","1957639360586871199"
"2025-08-20","1号店 アキバ絶対領域","ひる","あむ","1958003050729337079"
"2025-08-20","1号店 アキバ絶対領域","ひる","うる","1958003050729337079"
"2025-08-20","1号店 アキバ絶対領域","ひる","かなた","1958003050729337079"
"2025-08-20","1号店 アキバ絶対領域","ひる","きらり","1958003050729337079"
"2025-08-20","1号店 アキバ絶対領域","ひる","つくし","1958003050729337079"
"2025-08-20","1号店 アキバ絶対領域","ひる","ふぁん","1958003050729337079"
"2025-08-20","1号店 アキバ絶対領域","よる","うな","1958127080711065709"
"2025-08-20","1号店 アキバ絶対領域","よる","しゃち","1958127080711065709"
"2025-08-20","1号店 アキバ絶対領域","よる","みりあ","1958127080711065709"
"2025-08-20","1号店 アキバ絶対領域","よる","みんと","1958127080711065709"
"2025-08-20","4号店 A.D.2045","ひる","こい","1958004196684501210"
"2025-08-20","4号店 A.D.2045","ひる","ひなり","1958004196684501210"
"2025-08-20","4号店 A.D.2045","ひる","まこと","1958004196684501210"
"2025-08-20","4号店 A.D.2045","ひる","みりあ","1958004196684501210"
"2025-08-20","4号店 A.D.2045","よる","うる","1958090973826928786"
"2025-08-20","4号店 A.D.2045","よる","ばにら","1958090973826928786"
"2025-08-20","4号店 A.D.2045","よる","はんちゅ","1958090973826928786"
"2025-08-20","4号店 A.D.2045","よる","ひかり","1958090973826928786"
"2025-08-20","4号店 A.D.2045","よる","みぞれ","1958090973826928786"
"2025-08-21","1号店 アキバ絶対領域","ひる","あまめ","1958366429260190001"
"2025-08-21","1号店 アキバ絶対領域","ひる","あむ","1958366429260190001"
"2025-08-21","1号店 アキバ絶対領域","ひる","うる","1958366429260190001"
"2025-08-21","1号店 アキバ絶対領域","ひる","こい","1958366429260190001"
"2025-08-21","1号店 アキバ絶対領域","ひる","ねむり","1958366429260190001"
"2025-08-21","1号店 アキバ絶対領域","よる","こばと","1958458647530651801"
"2025-08-21","1号店 アキバ絶対領域","よる","しゃち","1958458647530651801"
"2025-08-21","1号店 アキバ絶対領域","よる","ちさと","1958458647530651801"
"2025-08-21","1号店 アキバ絶対領域","よる","ばにら","1958458647530651801"
"2025-08-21","1号店 アキバ絶対領域","よる","はんちゅ","1958458647530651801"
"2025-08-21","1号店 アキバ絶対領域","よる","みぞれ","1958458647530651801"
"2025-08-21","2号店 A.D.1912","ひる","あとから","1958364381546418519"
"2025-08-21","2号店 A.D.1912","ひる","あらた","1958364381546418519"
"2025-08-21","2号店 A.D.1912","ひる","かすみ","1958364381546418519"
"2025-08-21","2号店 A.D.1912","ひる","のの","1958364381546418519"
"2025-08-21","2号店 A.D.1912","ひる","ひかり","1958364381546418519"
"2025-08-21","2号店 A.D.1912","ひる","ほたて","1958364381546418519"
"2025-08-21","2号店 A.D.1912","ひる","みりん","1958364381546418519"
"2025-08-21","2号店 A.D.1912","よる","あむ","1958455976622788631"
"2025-08-21","2号店 A.D.1912","よる","えみる","1958455976622788631"
"2025-08-21","2号店 A.D.1912","よる","こえび","1958455976622788631"
"2025-08-21","2号店 A.D.1912","よる","こまち","1958455976622788631"
"2025-08-21","2号店 A.D.1912","よる","すくい","1958455976622788631"
"2025-08-21","2号店 A.D.1912","よる","まこと","1958455976622788631"
"2025-08-22","1号店 アキバ絶対領域","ひる","える","1958728433267282101"
"2025-08-22","1号店 アキバ絶対領域","ひる","かすみ","1958728433267282101"
"2025-08-22","1号店 アキバ絶対領域","ひる","みりあ","1958728433267282101"
"2025-08-22","1号店 アキバ絶対領域","よる","あめる","1958821917860765903"
"2025-08-22","1号店 アキバ絶対領域","よる","あらた","1958821917860765903"
"2025-08-22","1号店 アキバ絶対領域","よる","しょこら","1958821917860765903"
"2025-08-22","1号店 アキバ絶対領域","よる","ちさと","1958821917860765903"
"2025-08-22","1号店 アキバ絶対領域","よる","めろ","1958821917860765903"
"2025-08-22","3号店 +e","ひる","あまめ","1958727779329220826"
"2025-08-22","3号店 +e","ひる","あらた","1958727779329220826"
"2025-08-22","3号店 +e","ひる","えみる","1958727779329220826"
"2025-08-22","3号店 +e","ひる","こえび","1958727779329220826"
"2025-08-22","3号店 +e","ひる","はぴる","1958727779329220826"
"2025-08-22","3号店 +e","ひる","ひなり","1958727779329220826"
"2025-08-22","3号店 +e","ひる","みりん","1958727779329220826"
"2025-08-23","1号店 アキバ絶対領域","ひる","あめる","1959090381750247497"
"2025-08-23","1号店 アキバ絶対領域","ひる","しゃち","1959090381750247497"
"2025-08-23","1号店 アキバ絶対領域","ひる","しょこら","1959090381750247497"
"2025-08-23","1号店 アキバ絶対領域","ひる","まこと","1959090381750247497"
"2025-08-23","1号店 アキバ絶対領域","ひる","まひろ","1959090381750247497"
"2025-08-23","1号店 アキバ絶対領域","ひる","みりあ","1959090381750247497"
"2025-08-23","1号店 アキバ絶対領域","よる","あむ","1959184192396468677"
"2025-08-23","1号店 アキバ絶対領域","よる","あめる","1959184192396468677"
"2025-08-23","1号店 アキバ絶対領域","よる","こえび","1959184192396468677"
"2025-08-23","1号店 アキバ絶対領域","よる","さぴ","1959184192396468677"
"2025-08-23","2号店 A.D.1912","ひる","あらた","1959088102544482728"
"2025-08-23","2号店 A.D.1912","ひる","うな","1959088102544482728"
"2025-08-23","2号店 A.D.1912","ひる","かすみ","1959088102544482728"
"2025-08-23","2号店 A.D.1912","ひる","すくい","1959088102544482728"
"2025-08-23","2号店 A.D.1912","ひる","のの","1959088102544482728"
"2025-08-23","2号店 A.D.1912","ひる","ひかり","1959088102544482728"
"2025-08-23","2号店 A.D.1912","ひる","みりん","1959088102544482728"
"2025-08-23","4号店 A.D.2045","よる","きらり","1959169265346752733"
"2025-08-23","4号店 A.D.2045","よる","まこと","1959169265346752733"
"2025-08-23","4号店 A.D.2045","よる","みりあ","1959169265346752733"
"2025-08-24","1号店 アキバ絶対領域","ひる","あめる","1959452060774277229"
"2025-08-24","1号店 アキバ絶対領域","ひる","あらた","1959452060774277229"
"2025-08-24","1号店 アキバ絶対領域","ひる","さぴ","1959452060774277229"
"2025-08-24","1号店 アキバ絶対領域","ひる","ばにら","1959452060774277229"
"2025-08-24","1号店 アキバ絶対領域","ひる","みんと","1959452060774277229"
"2025-08-24","1号店 アキバ絶対領域","よる","あくび","1959548147518083198"
"2025-08-24","1号店 アキバ絶対領域","よる","あむ","1959548147518083198"
"2025-08-24","1号店 アキバ絶対領域","よる","うな","1959548147518083198"
"2025-08-24","1号店 アキバ絶対領域","よる","うる","1959548147518083198"
"2025-08-24","1号店 アキバ絶対領域","よる","こばと","1959548147518083198"
"2025-08-24","1号店 アキバ絶対領域","よる","ばにら","1959548147518083198"
"2025-08-24","1号店 アキバ絶対領域","よる","ふぁん","1959548147518083198"
"2025-08-24","4号店 A.D.2045","ひる","えみる","1959451800605778310"
"2025-08-24","4号店 A.D.2045","ひる","まこと","1959451800605778310"
"2025-08-24","4号店 A.D.2045","ひる","みりあ","1959451800605778310"
"2025-08-25","1号店 アキバ絶対領域","ひる","あむ","1959813970489151877"
"2025-08-25","1号店 アキバ絶対領域","ひる","かすみ","1959813970489151877"
"2025-08-25","1号店 アキバ絶対領域","ひる","のの","1959813970489151877"
"2025-08-25","1号店 アキバ絶対領域","ひる","はんちゅ","1959813970489151877"
"2025-08-25","1号店 アキバ絶対領域","よる","かすみ","1959911516356092165"
"2025-08-25","1号店 アキバ絶対領域","よる","しゃち","1959911516356092165"
"2025-08-25","1号店 アキバ絶対領域","よる","ちさと","1959911516356092165"
"2025-08-25","1号店 アキバ絶対領域","よる","まこと","1959911516356092165"
"2025-08-25","1号店 アキバ絶対領域","よる","めろ","1959911516356092165"
"2025-08-25","3号店 +e","ひる","こまち","1959832060002201915"
"2025-08-25","3号店 +e","ひる","すくい","1959832060002201915"
"2025-08-25","3号店 +e","ひる","ばにら","1959832060002201915"
"2025-08-25","3号店 +e","ひる","ひかり","1959832060002201915"
"2025-08-25","3号店 +e","ひる","まこと","1959832060002201915"
"2025-08-25","3号店 +e","よる","あむ","1959913641035125182"
"2025-08-25","3号店 +e","よる","うる","1959913641035125182"
"2025-08-25","3号店 +e","よる","こえび","1959913641035125182"
"2025-08-25","3号店 +e","よる","すくい","1959913641035125182"
"2025-08-25","3号店 +e","よる","のの","1959913641035125182"
"2025-08-25","3号店 +e","よる","みりん","1959913641035125182"
"2025-08-26","1号店 アキバ絶対領域","ひる","うる","1960178000034730335"
"2025-08-26","1号店 アキバ絶対領域","ひる","える","1960178000034730335"
"2025-08-26","1号店 アキバ絶対領域","ひる","きらり","1960178000034730335"
"2025-08-26","1号店 アキバ絶対領域","ひる","こまち","1960178000034730335"
"2025-08-26","1号店 アキバ絶対領域","ひる","しゃち","1960178000034730335"
"2025-08-26","1号店 アキバ絶対領域","ひる","はぴる","1960178000034730335"
"2025-08-26","1号店 アキバ絶対領域","よる","あむ","1960259532166222118"
"2025-08-26","1号店 アキバ絶対領域","よる","あめる","1960259532166222118"
"2025-08-26","1号店 アキバ絶対領域","よる","あらた","1960259532166222118"
"2025-08-26","1号店 アキバ絶対領域","よる","はんちゅ","1960259532166222118"
"2025-08-26","1号店 アキバ絶対領域","よる","らき","1960259532166222118"
"2025-08-26","2号店 A.D.1912","ひる","あらた","1960176962586198162"
"2025-08-26","2号店 A.D.1912","ひる","かすみ","1960176962586198162"
"2025-08-26","2号店 A.D.1912","ひる","こえび","1960176962586198162"
"2025-08-26","2号店 A.D.1912","ひる","つくし","1960176962586198162"
"2025-08-26","2号店 A.D.1912","ひる","ねむり","1960176962586198162"
"2025-08-26","2号店 A.D.1912","ひる","ほたて","1960176962586198162"
"2025-08-26","2号店 A.D.1912","ひる","みりあ","1960176962586198162"
"2025-08-26","2号店 A.D.1912","ひる","みりん","1960176962586198162"
"2025-08-26","4号店 A.D.2045","よる","うる","1960257195368403226"
"2025-08-26","4号店 A.D.2045","よる","ねむり","1960257195368403226"
"2025-08-26","4号店 A.D.2045","よる","ばにら","1960257195368403226"
"2025-08-26","4号店 A.D.2045","よる","はぴる","1960257195368403226"
"2025-08-27","1号店 アキバ絶対領域","ひる","きらり","1960537405037142228"
"2025-08-27","1号店 アキバ絶対領域","ひる","ひなり","1960537405037142228"
"2025-08-27","1号店 アキバ絶対領域","ひる","みんと","1960537405037142228"
"2025-08-27","1号店 アキバ絶対領域","よる","あめる","1960636566071923078"
"2025-08-27","1号店 アキバ絶対領域","よる","える","1960636566071923078"
"2025-08-27","1号店 アキバ絶対領域","よる","こい","1960636566071923078"
"2025-08-27","1号店 アキバ絶対領域","よる","みんと","1960636566071923078"
"2025-08-27","2号店 A.D.1912","よる","あくび","1960635674664821138"
"2025-08-27","2号店 A.D.1912","よる","こまち","1960635674664821138"
"2025-08-27","2号店 A.D.1912","よる","さぴ","1960635674664821138"
"2025-08-27","2号店 A.D.1912","よる","しゃち","1960635674664821138"
"2025-08-27","2号店 A.D.1912","よる","のの","1960635674664821138"
"2025-08-27","2号店 A.D.1912","よる","みりあ","1960635674664821138"
"2025-08-27","4号店 A.D.2045","ひる","こえび","1960540107553059049"
"2025-08-27","4号店 A.D.2045","ひる","こまち","1960540107553059049"
"2025-08-27","4号店 A.D.2045","ひる","まこと","1960540107553059049"
"2025-08-27","4号店 A.D.2045","ひる","みりあ","1960540107553059049"
"2025-08-28","1号店 アキバ絶対領域","ひる","かすみ","1960902032531055019"
"2025-08-28","1号店 アキバ絶対領域","ひる","こい","1960902032531055019"
"2025-08-28","1号店 アキバ絶対領域","ひる","ふぁん","1960902032531055019"
"2025-08-28","1号店 アキバ絶対領域","ひる","まこと","1960902032531055019"
"2025-08-28","1号店 アキバ絶対領域","ひる","みんと","1960902032531055019"
"2025-08-28","1号店 アキバ絶対領域","よる","あめる","1960994904617979947"
"2025-08-28","1号店 アキバ絶対領域","よる","あらた","1960994904617979947"
"2025-08-28","1号店 アキバ絶対領域","よる","しょこら","1960994904617979947"
"2025-08-28","1号店 アキバ絶対領域","よる","はぴる","1960994904617979947"
"2025-08-28","1号店 アキバ絶対領域","よる","はんちゅ","1960994904617979947"
"2025-08-28","3号店 +e","ひる","あむ","1960902443958698086"
"2025-08-28","3号店 +e","ひる","あめる","1960902443958698086"
"2025-08-28","3号店 +e","ひる","あらた","1960902443958698086"
"2025-08-28","3号店 +e","ひる","はぴる","1960902443958698086"
"2025-08-28","3号店 +e","ひる","みりん","1960902443958698086"
"2025-08-28","3号店 +e","ひる","めろ","1960902443958698086"
"2025-08-29","1号店 アキバ絶対領域","ひる","あめる","1961359633471476037"
"2025-08-29","1号店 アキバ絶対領域","ひる","あらた","1961262561313378598"
"2025-08-29","1号店 アキバ絶対領域","ひる","あらた","1961359633471476037"
"2025-08-29","1号店 アキバ絶対領域","ひる","える","1961359633471476037"
"2025-08-29","1号店 アキバ絶対領域","ひる","こえび","1961262561313378598"
"2025-08-29","1号店 アキバ絶対領域","ひる","しゃち","1961262561313378598"
"2025-08-29","1号店 アキバ絶対領域","ひる","しょこら","1961359633471476037"
"2025-08-29","1号店 アキバ絶対領域","ひる","はぴる","1961262561313378598"
"2025-08-29","1号店 アキバ絶対領域","ひる","はんちゅ","1961359633471476037"
"2025-08-29","1号店 アキバ絶対領域","ひる","めろ","1961359633471476037"
"2025-08-29","1号店 アキバ絶対領域","ひる","らき","1961262561313378598"
"2025-08-29","2号店 A.D.1912","ひる","うる","1961264374896890109"
"2025-08-29","2号店 A.D.1912","ひる","えみる","1961264374896890109"
"2025-08-29","2号店 A.D.1912","ひる","える","1961264374896890109"
"2025-08-29","2号店 A.D.1912","ひる","つくし","1961264374896890109"
"2025-08-29","2号店 A.D.1912","ひる","ねむり","1961264374896890109"
"2025-08-29","2号店 A.D.1912","ひる","まこと","1961264374896890109"
"2025-08-29","2号店 A.D.1912","ひる","みりあ","1961264374896890109"
"2025-08-29","2号店 A.D.1912","よる","あむ","1961370162168524864"
"2025-08-29","2号店 A.D.1912","よる","うる","1961370162168524864"
"2025-08-29","2号店 A.D.1912","よる","えみる","1961370162168524864"
"2025-08-29","2号店 A.D.1912","よる","すくい","1961370162168524864"
"2025-08-29","2号店 A.D.1912","よる","ちさと","1961370162168524864"
"2025-08-29","2号店 A.D.1912","よる","ねむり","1961370162168524864"
"2025-08-29","2号店 A.D.1912","よる","はぴる","1961370162168524864"
"2025-08-29","2号店 A.D.1912","よる","まこと","1961370162168524864"
"2025-08-30","1号店 アキバ絶対領域","ひる","うな","1961628589323071488"
"2025-08-30","1号店 アキバ絶対領域","ひる","しょこら","1961628589323071488"
"2025-08-30","1号店 アキバ絶対領域","ひる","ひなり","1961628589323071488"
"2025-08-30","1号店 アキバ絶対領域","ひる","まこと","1961628589323071488"
"2025-08-30","1号店 アキバ絶対領域","ひる","みりあ","1961628589323071488"
"2025-08-30","1号店 アキバ絶対領域","ひる","みんと","1961628589323071488"
"2025-08-30","1号店 アキバ絶対領域","よる","さぴ","1961723567869190308"
"2025-08-30","1号店 アキバ絶対領域","よる","ちさと","1961723567869190308"
"2025-08-30","1号店 アキバ絶対領域","よる","ひなり","1961723567869190308"
"2025-08-30","1号店 アキバ絶対領域","よる","みぞれ","1961723567869190308"
"2025-08-30","1号店 アキバ絶対領域","よる","めろ","1961723567869190308"
"2025-08-30","2号店 A.D.1912","ひる","うる","1961631591073288275"
"2025-08-30","2号店 A.D.1912","ひる","かすみ","1961631591073288275"
"2025-08-30","2号店 A.D.1912","ひる","しゃち","1961631591073288275"
"2025-08-30","2号店 A.D.1912","ひる","つくし","1961631591073288275"
"2025-08-30","2号店 A.D.1912","ひる","のの","1961631591073288275"
"2025-08-30","2号店 A.D.1912","ひる","ひかり","1961631591073288275"
"2025-08-30","2号店 A.D.1912","ひる","みりん","1961631591073288275"
"2025-08-30","4号店 A.D.2045","よる","える","1961705088118132805"
"2025-08-30","4号店 A.D.2045","よる","こえび","1961705088118132805"
"2025-08-30","4号店 A.D.2045","よる","まこと","1961705088118132805"
"2025-08-30","4号店 A.D.2045","よる","みりあ","1961705088118132805"
"2025-08-31","1号店 アキバ絶対領域","ひる","あくび","1961995755851583973"
"2025-08-31","1号店 アキバ絶対領域","ひる","あむ","1962105439807823889"
"2025-08-31","1号店 アキバ絶対領域","ひる","うる","1962105439807823889"
"2025-08-31","1号店 アキバ絶対領域","ひる","うる","1961995755851583973"
"2025-08-31","1号店 アキバ絶対領域","ひる","かすみ","1961995755851583973"
"2025-08-31","1号店 アキバ絶対領域","ひる","こえび","1962105439807823889"
"2025-08-31","1号店 アキバ絶対領域","ひる","こばと","1962105439807823889"
"2025-08-31","1号店 アキバ絶対領域","ひる","さぴ","1962105439807823889"
"2025-08-31","1号店 アキバ絶対領域","ひる","のの","1961995755851583973"
"2025-08-31","1号店 アキバ絶対領域","ひる","はんちゅ","1962105439807823889"
"2025-08-31","1号店 アキバ絶対領域","ひる","はんちゅ","1961995755851583973"
"2025-08-31","1号店 アキバ絶対領域","ひる","ひなり","1962105439807823889"
"2025-08-31","1号店 アキバ絶対領域","ひる","みりあ","1961995755851583973"
"2025-08-31","1号店 アキバ絶対領域","ひる","みりん","1961995755851583973"
"2025-08-31","1号店 アキバ絶対領域","ひる","みんと","1961995755851583973"
"2025-08-31","1号店 アキバ絶対領域","よる","あむ","1962105487014703557"
"2025-08-31","1号店 アキバ絶対領域","よる","うる","1962105487014703557"
"2025-08-31","1号店 アキバ絶対領域","よる","こえび","1962105487014703557"
"2025-08-31","1号店 アキバ絶対領域","よる","こばと","1962105487014703557"
"2025-08-31","1号店 アキバ絶対領域","よる","さぴ","1962105487014703557"
"2025-08-31","1号店 アキバ絶対領域","よる","はんちゅ","1962105487014703557"
"2025-08-31","1号店 アキバ絶対領域","よる","ひなり","1962105487014703557"
"2025-08-31","3号店 +e","ひる","あむ","1961988334429081875"
"2025-08-31","3号店 +e","ひる","あめる","1961988334429081875"
"2025-08-31","3号店 +e","ひる","あらた","1961988334429081875"
"2025-08-31","3号店 +e","ひる","すくい","1961988334429081875"
"2025-08-31","3号店 +e","ひる","つくし","1961988334429081875"
"2025-08-31","3号店 +e","ひる","まひろ","1961988334429081875"
"2025-09-01","1号店 アキバ絶対領域","ひる","あめる","1962354338195767579"
"2025-09-01","1号店 アキバ絶対領域","ひる","あめる","1962367569010348325"
"2025-09-01","1号店 アキバ絶対領域","ひる","うる","1962367569010348325"
"2025-09-01","1号店 アキバ絶対領域","ひる","うる","1962354338195767579"
"2025-09-01","1号店 アキバ絶対領域","ひる","える","1962444218661802093"
"2025-09-01","1号店 アキバ絶対領域","ひる","かなた","1962367569010348325"
"2025-09-01","1号店 アキバ絶対領域","ひる","かなた","1962354338195767579"
"2025-09-01","1号店 アキバ絶対領域","ひる","こまち","1962367569010348325"
"2025-09-01","1号店 アキバ絶対領域","ひる","こまち","1962354338195767579"
"2025-09-01","1号店 アキバ絶対領域","ひる","しゃち","1962444218661802093"
"2025-09-01","1号店 アキバ絶対領域","ひる","まこと","1962444218661802093"
"2025-09-01","1号店 アキバ絶対領域","ひる","まひろ","1962444218661802093"
"2025-09-01","1号店 アキバ絶対領域","ひる","みりあ","1962444218661802093"
"2025-09-01","1号店 アキバ絶対領域","ひる","みりあ","1962367569010348325"
"2025-09-01","1号店 アキバ絶対領域","ひる","みりあ","1962354338195767579"
"2025-09-01","2号店 A.D.1912","ひる","あくび","1962352199016841485"
"2025-09-01","2号店 A.D.1912","ひる","かすみ","1962352199016841485"
"2025-09-01","2号店 A.D.1912","ひる","ひかり","1962352199016841485"
"2025-09-01","2号店 A.D.1912","ひる","ほたて","1962352199016841485"
"2025-09-01","2号店 A.D.1912","ひる","まこと","1962352199016841485"
"2025-09-02","1号店 アキバ絶対領域","ひる","うる","1962713529326408128"
"2025-09-02","1号店 アキバ絶対領域","ひる","ねむり","1962713529326408128"
"2025-09-02","1号店 アキバ絶対領域","ひる","はんちゅ","1962713529326408128"
"2025-09-02","1号店 アキバ絶対領域","ひる","みりあ","1962713529326408128"
"2025-09-02","1号店 アキバ絶対領域","ひる","みんと","1962713529326408128"
"2025-09-02","1号店 アキバ絶対領域","よる","あむ","1962806998879347111"
"2025-09-02","1号店 アキバ絶対領域","よる","あめる","1962806998879347111"
"2025-09-02","1号店 アキバ絶対領域","よる","あらた","1962806998879347111"
"2025-09-02","1号店 アキバ絶対領域","よる","かなた","1962806998879347111"
"2025-09-02","1号店 アキバ絶対領域","よる","こまち","1962806998879347111"
"2025-09-02","1号店 アキバ絶対領域","よる","すくい","1962806998879347111"
"2025-09-02","3号店 +e","ひる","あむ","1962711977127723165"
"2025-09-02","3号店 +e","ひる","あめる","1962711977127723165"
"2025-09-02","3号店 +e","ひる","あらた","1962711977127723165"
"2025-09-02","3号店 +e","ひる","える","1962711977127723165"
"2025-09-02","3号店 +e","ひる","こえび","1962711977127723165"
"2025-09-02","3号店 +e","ひる","しゃち","1962711977127723165"
"2025-09-02","4号店 A.D.2045","よる","うる","1962796431695368220"
"2025-09-02","4号店 A.D.2045","よる","ばにら","1962796431695368220"
"2025-09-02","4号店 A.D.2045","よる","ひかり","1962796431695368220"
"2025-09-02","4号店 A.D.2045","よる","もなか","1962796431695368220"
"2025-09-03","1号店 アキバ絶対領域","ひる","あむ","1963076163783561633"
"2025-09-03","1号店 アキバ絶対領域","ひる","うな","1963076163783561633"
"2025-09-03","1号店 アキバ絶対領域","ひる","かなた","1963076163783561633"
"2025-09-03","1号店 アキバ絶対領域","ひる","ひなり","1963076163783561633"
"2025-09-03","1号店 アキバ絶対領域","よる","さぴ","1963185700494508266"
"2025-09-03","1号店 アキバ絶対領域","よる","しゃち","1963185700494508266"
"2025-09-03","1号店 アキバ絶対領域","よる","ばにら","1963185700494508266"
"2025-09-03","1号店 アキバ絶対領域","よる","ひかり","1963185700494508266"
"2025-09-03","1号店 アキバ絶対領域","よる","まこと","1963185700494508266"
"2025-09-03","1号店 アキバ絶対領域","よる","もなか","1963185700494508266"
"2025-09-03","4号店 A.D.2045","ひる","あめる","1963076371112198293"
"2025-09-03","4号店 A.D.2045","ひる","える","1963076371112198293"
"2025-09-03","4号店 A.D.2045","ひる","まこと","1963076371112198293"
"2025-09-04","1号店 アキバ絶対領域","ひる","あむ","1963438724454179224"
"2025-09-04","1号店 アキバ絶対領域","ひる","うる","1963438724454179224"
"2025-09-04","1号店 アキバ絶対領域","ひる","ほたて","1963438724454179224"
"2025-09-04","1号店 アキバ絶対領域","ひる","みんと","1963438724454179224"
"2025-09-04","1号店 アキバ絶対領域","ひる","もなか","1963438724454179224"
"2025-09-04","1号店 アキバ絶対領域","よる","あらた","1963529380367667632"
"2025-09-04","1号店 アキバ絶対領域","よる","こえび","1963529380367667632"
"2025-09-04","1号店 アキバ絶対領域","よる","しゃい","1963529380367667632"
"2025-09-04","1号店 アキバ絶対領域","よる","はぴる","1963529380367667632"
"2025-09-04","1号店 アキバ絶対領域","よる","ふぁん","1963529380367667632"
"2025-09-04","3号店 +e","ひる","あらた","1963441485950656945"
"2025-09-04","3号店 +e","ひる","つくし","1963441485950656945"
"2025-09-04","3号店 +e","ひる","ねむり","1963441485950656945"
"2025-09-04","3号店 +e","ひる","はぴる","1963441485950656945"
"2025-09-04","3号店 +e","ひる","みりん","1963441485950656945"
"2025-09-04","3号店 +e","ひる","めろ","1963441485950656945"
"2025-09-05","1号店 アキバ絶対領域","ひる","あむ","1963881312101839241"
"2025-09-05","1号店 アキバ絶対領域","ひる","あめる","1963881312101839241"
"2025-09-05","1号店 アキバ絶対領域","ひる","うな","1963881312101839241"
"2025-09-05","1号店 アキバ絶対領域","ひる","こえび","1963881312101839241"
"2025-09-05","1号店 アキバ絶対領域","ひる","こまち","1963801470765256773"
"2025-09-05","1号店 アキバ絶対領域","ひる","はぴる","1963801470765256773"
"2025-09-05","1号店 アキバ絶対領域","ひる","はんちゅ","1963881312101839241"
"2025-09-05","1号店 アキバ絶対領域","ひる","まこと","1963801470765256773"
"2025-09-05","1号店 アキバ絶対領域","ひる","みんと","1963801470765256773"
"2025-09-05","1号店 アキバ絶対領域","ひる","めろ","1963801470765256773"
"2025-09-05","1号店 アキバ絶対領域","ひる","もも","1963801470765256773"
"2025-09-05","2号店 A.D.1912","よる","かなた","1963892611724333391"
"2025-09-05","2号店 A.D.1912","よる","こまち","1963892611724333391"
"2025-09-05","2号店 A.D.1912","よる","ばにら","1963892611724333391"
"2025-09-05","2号店 A.D.1912","よる","はぴる","1963892611724333391"
"2025-09-05","2号店 A.D.1912","よる","ひなり","1963892611724333391"
"2025-09-05","2号店 A.D.1912","よる","まこと","1963892611724333391"
"2025-09-06","1号店 アキバ絶対領域","ひる","あらた","1964165290520170642"
"2025-09-06","1号店 アキバ絶対領域","ひる","かすみ","1964165290520170642"
"2025-09-06","1号店 アキバ絶対領域","ひる","こい","1964165290520170642"
"2025-09-06","1号店 アキバ絶対領域","ひる","つくし","1964165290520170642"
"2025-09-06","1号店 アキバ絶対領域","ひる","ひかり","1964165290520170642"
"2025-09-06","1号店 アキバ絶対領域","ひる","ほたて","1964165290520170642"
"2025-09-06","1号店 アキバ絶対領域","ひる","まひろ","1964165290520170642"
"2025-09-06","1号店 アキバ絶対領域","ひる","みりん","1964165290520170642"
"2025-09-06","1号店 アキバ絶対領域","よる","うる","1964258191585181989"
"2025-09-06","1号店 アキバ絶対領域","よる","える","1964258191585181989"
"2025-09-06","1号店 アキバ絶対領域","よる","こえび","1964258191585181989"
"2025-09-06","1号店 アキバ絶対領域","よる","ちゅむ","1964258191585181989"
"2025-09-06","1号店 アキバ絶対領域","よる","ばにら","1964258191585181989"
"2025-09-06","1号店 アキバ絶対領域","よる","ひかり","1964258191585181989"
"2025-09-06","1号店 アキバ絶対領域","よる","ふぁん","1964258191585181989"
"2025-09-07","1号店 アキバ絶対領域","ひる","あめる","1964535596036346254"
"2025-09-07","1号店 アキバ絶対領域","ひる","あめる","1964527113568186433"
"2025-09-07","1号店 アキバ絶対領域","ひる","うる","1964535596036346254"
"2025-09-07","1号店 アキバ絶対領域","ひる","うる","1964527113568186433"
"2025-09-07","1号店 アキバ絶対領域","ひる","しょこら","1964535596036346254"
"2025-09-07","1号店 アキバ絶対領域","ひる","しょこら","1964527113568186433"
"2025-09-07","1号店 アキバ絶対領域","ひる","ちゅむ","1964527113568186433"
"2025-09-07","1号店 アキバ絶対領域","ひる","ちゅむ","1964535596036346254"
"2025-09-07","1号店 アキバ絶対領域","ひる","みりん","1964535596036346254"
"2025-09-07","1号店 アキバ絶対領域","ひる","みんと","1964535596036346254"
"2025-09-07","1号店 アキバ絶対領域","ひる","みんと","1964527113568186433"
"2025-09-07","1号店 アキバ絶対領域","ひる","らき","1964527113568186433"
"2025-09-07","1号店 アキバ絶対領域","ひる","らき","1964535596036346254"
"2025-09-07","1号店 アキバ絶対領域","よる","あむ","1964621452445151315"
"2025-09-07","1号店 アキバ絶対領域","よる","こい","1964621452445151315"
"2025-09-07","1号店 アキバ絶対領域","よる","ひなり","1964621452445151315"
"2025-09-07","1号店 アキバ絶対領域","よる","まこと","1964621452445151315"
"2025-09-07","1号店 アキバ絶対領域","よる","まひろ","1964621452445151315"
"2025-09-07","3号店 +e","ひる","あくび","1964535545037803835"
"2025-09-07","3号店 +e","ひる","あむ","1964535545037803835"
"2025-09-07","3号店 +e","ひる","こい","1964535545037803835"
"2025-09-07","3号店 +e","ひる","ひなり","1964535545037803835"
"2025-09-07","3号店 +e","ひる","まこと","1964535545037803835"
"2025-09-07","4号店 A.D.2045","よる","うる","1964608502980362516"
"2025-09-07","4号店 A.D.2045","よる","こまち","1964608502980362516"
"2025-09-07","4号店 A.D.2045","よる","さぴ","1964608502980362516"
"2025-09-07","4号店 A.D.2045","よる","しゃち","1964608502980362516"
"2025-09-07","4号店 A.D.2045","よる","ひかり","1964608502980362516"
"2025-09-08","1号店 アキバ絶対領域","ひる","うな","1964886767951364291"
"2025-09-08","1号店 アキバ絶対領域","ひる","ばにら","1964886767951364291"
"2025-09-08","1号店 アキバ絶対領域","ひる","みんと","1964886767951364291"
"2025-09-08","1号店 アキバ絶対領域","ひる","らき","1964886767951364291"
"2025-09-08","1号店 アキバ絶対領域","よる","あめる","1965004997323866115"
"2025-09-08","1号店 アキバ絶対領域","よる","うる","1965004997323866115"
"2025-09-08","1号店 アキバ絶対領域","よる","える","1965004997323866115"
"2025-09-08","1号店 アキバ絶対領域","よる","さぴ","1965004997323866115"
"2025-09-08","1号店 アキバ絶対領域","よる","みんと","1965004997323866115"
"2025-09-08","3号店 +e","ひる","あむ","1964888150972772438"
"2025-09-08","3号店 +e","ひる","あめる","1964888150972772438"
"2025-09-08","3号店 +e","ひる","あらた","1964888150972772438"
"2025-09-08","3号店 +e","ひる","える","1964888150972772438"
"2025-09-08","3号店 +e","ひる","ちさと","1964888150972772438"
"2025-09-08","3号店 +e","ひる","まこと","1964888150972772438"
"2025-09-08","3号店 +e","ひる","みりあ","1964888150972772438"
"2025-09-09","1号店 アキバ絶対領域","よる","あむ","1965334384137089333"
"2025-09-09","1号店 アキバ絶対領域","よる","あらた","1965334384137089333"
"2025-09-09","1号店 アキバ絶対領域","よる","きらり","1965257396877750498"
"2025-09-09","1号店 アキバ絶対領域","よる","しょこら","1965257396877750498"
"2025-09-09","1号店 アキバ絶対領域","よる","すくい","1965257396877750498"
"2025-09-09","1号店 アキバ絶対領域","よる","はんちゅ","1965334384137089333"
"2025-09-09","1号店 アキバ絶対領域","よる","まこと","1965257396877750498"
"2025-09-09","1号店 アキバ絶対領域","よる","まひろ","1965257396877750498"
"2025-09-09","1号店 アキバ絶対領域","よる","みぞれ","1965334384137089333"
"2025-09-09","1号店 アキバ絶対領域","よる","みりあ","1965257396877750498"
"2025-09-09","1号店 アキバ絶対領域","よる","みんと","1965334384137089333"
"2025-09-09","1号店 アキバ絶対領域","よる","もなか","1965334384137089333"
"2025-09-09","1号店 アキバ絶対領域","よる","らき","1965334384137089333"
"2025-09-09","2号店 A.D.1912","ひる","あくび","1965251903694225907"
"2025-09-09","2号店 A.D.1912","ひる","あらた","1965251903694225907"
"2025-09-09","2号店 A.D.1912","ひる","こまち","1965251903694225907"
"2025-09-09","2号店 A.D.1912","ひる","ちさと","1965251903694225907"
"2025-09-09","2号店 A.D.1912","ひる","つくし","1965251903694225907"
"2025-09-09","2号店 A.D.1912","ひる","めろ","1965251903694225907"
"2025-09-09","4号店 A.D.2045","よる","こまち","1965345001405382809"
"2025-09-09","4号店 A.D.2045","よる","ちさと","1965345001405382809"
"2025-09-09","4号店 A.D.2045","よる","まこと","1965345001405382809"
"2025-09-09","4号店 A.D.2045","よる","みりあ","1965345001405382809"
"2025-09-09","4号店 A.D.2045","よる","もも","1965345001405382809"
"2025-09-10","1号店 アキバ絶対領域","ひる","うる","1965615720743797103"
"2025-09-10","1号店 アキバ絶対領域","ひる","こえび","1965615720743797103"
"2025-09-10","1号店 アキバ絶対領域","ひる","しょこら","1965615720743797103"
"2025-09-10","1号店 アキバ絶対領域","ひる","つくし","1965615720743797103"
"2025-09-10","1号店 アキバ絶対領域","ひる","みりあ","1965615720743797103"
"2025-09-10","1号店 アキバ絶対領域","よる","あむ","1965704679394078865"
"2025-09-10","1号店 アキバ絶対領域","よる","える","1965704679394078865"
"2025-09-10","1号店 アキバ絶対領域","よる","ちゅむ","1965704679394078865"
"2025-09-10","1号店 アキバ絶対領域","よる","はんちゅ","1965704679394078865"
"2025-09-10","1号店 アキバ絶対領域","よる","ふぁん","1965704679394078865"
"2025-09-10","3号店 +e","ひる","あむ","1965616133672960439"
"2025-09-10","3号店 +e","ひる","える","1965616133672960439"
"2025-09-10","3号店 +e","ひる","ひなり","1965616133672960439"
"2025-09-10","3号店 +e","ひる","まこと","1965616133672960439"
"2025-09-10","3号店 +e","ひる","めろ","1965616133672960439"
"2025-09-10","3号店 +e","ひる","もなか","1965616133672960439"
"2025-09-10","3号店 +e","よる","あめる","1965702646272344543"
"2025-09-10","3号店 +e","よる","うる","1965702646272344543"
"2025-09-10","3号店 +e","よる","しゃち","1965702646272344543"
"2025-09-10","3号店 +e","よる","ばにら","1965702646272344543"
"2025-09-10","3号店 +e","よる","みぞれ","1965702646272344543"
"2025-09-11","1号店 アキバ絶対領域","ひる","あめる","1965975674726002716"
"2025-09-11","1号店 アキバ絶対領域","ひる","うな","1965975674726002716"
"2025-09-11","1号店 アキバ絶対領域","ひる","こい","1965975674726002716"
"2025-09-11","1号店 アキバ絶対領域","ひる","そら","1965975674726002716"
"2025-09-11","1号店 アキバ絶対領域","ひる","ちさと","1965975674726002716"
"2025-09-11","1号店 アキバ絶対領域","よる","あむ","1966086026134433995"
"2025-09-11","1号店 アキバ絶対領域","よる","あめる","1966086026134433995"
"2025-09-11","1号店 アキバ絶対領域","よる","うな","1966086026134433995"
"2025-09-11","1号店 アキバ絶対領域","よる","ちゅむ","1966086026134433995"
"2025-09-11","2号店 A.D.1912","ひる","うる","1965976769284157922"
"2025-09-11","2号店 A.D.1912","ひる","えな","1965976769284157922"
"2025-09-11","2号店 A.D.1912","ひる","こえび","1965976769284157922"
"2025-09-11","2号店 A.D.1912","ひる","はぴる","1965976769284157922"
"2025-09-11","2号店 A.D.1912","ひる","ほたて","1965976769284157922"
"2025-09-12","1号店 アキバ絶対領域","ひる","あらた","1966336834264531356"
"2025-09-12","1号店 アキバ絶対領域","ひる","かすみ","1966336834264531356"
"2025-09-12","1号店 アキバ絶対領域","ひる","すや","1966336834264531356"
"2025-09-12","1号店 アキバ絶対領域","ひる","ほたて","1966336834264531356"
"2025-09-12","1号店 アキバ絶対領域","ひる","みぞれ","1966336834264531356"
"2025-09-12","1号店 アキバ絶対領域","ひる","みんと","1966336834264531356"
"2025-09-12","1号店 アキバ絶対領域","よる","うな","1966435266094137785"
"2025-09-12","1号店 アキバ絶対領域","よる","うる","1966435266094137785"
"2025-09-12","1号店 アキバ絶対領域","よる","しゃち","1966435266094137785"
"2025-09-12","1号店 アキバ絶対領域","よる","はぴる","1966435266094137785"
"2025-09-12","1号店 アキバ絶対領域","よる","ふぁん","1966435266094137785"
"2025-09-12","1号店 アキバ絶対領域","よる","もも","1966435266094137785"
"2025-09-12","3号店 +e","ひる","うる","1966337520888889853"
"2025-09-12","3号店 +e","ひる","かなた","1966337520888889853"
"2025-09-12","3号店 +e","ひる","かなた","1966337478291501208"
"2025-09-12","3号店 +e","ひる","こい","1966337478291501208"
"2025-09-12","3号店 +e","ひる","こい","1966337520888889853"
"2025-09-12","3号店 +e","ひる","こえび","1966337520888889853"
"2025-09-12","3号店 +e","ひる","こえび","1966337478291501208"
"2025-09-12","3号店 +e","ひる","こまち","1966337520888889853"
"2025-09-12","3号店 +e","ひる","こまち","1966337478291501208"
"2025-09-12","3号店 +e","ひる","はぴる","1966337520888889853"
"2025-09-12","3号店 +e","ひる","はぴる","1966337478291501208"
"2025-09-12","3号店 +e","ひる","ひなり","1966337520888889853"
"2025-09-12","3号店 +e","ひる","ひなり","1966337478291501208"
"2025-09-12","3号店 +e","ひる","みりん","1966337520888889853"
"2025-09-12","4号店 A.D.2045","よる","あめる","1966415656431272249"
"2025-09-12","4号店 A.D.2045","よる","すくい","1966415656431272249"
"2025-09-12","4号店 A.D.2045","よる","ばにら","1966415656431272249"
"2025-09-12","4号店 A.D.2045","よる","まこと","1966415656431272249"
"2025-09-13","1号店 アキバ絶対領域","ひる","あらた","1966698804696023226"
"2025-09-13","1号店 アキバ絶対領域","ひる","かなた","1966698804696023226"
"2025-09-13","1号店 アキバ絶対領域","ひる","しゃち","1966698804696023226"
"2025-09-13","1号店 アキバ絶対領域","ひる","ひなり","1966698804696023226"
"2025-09-13","1号店 アキバ絶対領域","ひる","みんと","1966698804696023226"
"2025-09-13","1号店 アキバ絶対領域","よる","うな","1966791413242454256"
"2025-09-13","1号店 アキバ絶対領域","よる","ふぁん","1966791413242454256"
"2025-09-13","1号店 アキバ絶対領域","よる","まこと","1966791413242454256"
"2025-09-13","1号店 アキバ絶対領域","よる","みんと","1966791413242454256"
"2025-09-13","2号店 A.D.1912","よる","あくび","1966781120999280869"
"2025-09-13","2号店 A.D.1912","よる","あらた","1966781120999280869"
"2025-09-13","2号店 A.D.1912","よる","こえび","1966781120999280869"
"2025-09-13","2号店 A.D.1912","よる","ひかり","1966781120999280869"
"2025-09-13","2号店 A.D.1912","よる","みぞれ","1966781120999280869"
"2025-09-13","2号店 A.D.1912","よる","みりん","1966781120999280869"
"2025-09-13","2号店 A.D.1912","よる","もなか","1966781120999280869"
"2025-09-13","4号店 A.D.2045","ひる","さぴ","1966699737912144102"
"2025-09-13","4号店 A.D.2045","ひる","まこと","1966699737912144102"
"2025-09-13","4号店 A.D.2045","ひる","まひろ","1966699737912144102"
"2025-09-13","4号店 A.D.2045","ひる","みりあ","1966699737912144102"
"2025-09-14","1号店 アキバ絶対領域","ひる","うる","1967061334585209030"
"2025-09-14","1号店 アキバ絶対領域","ひる","かすみ","1967061334585209030"
"2025-09-14","1号店 アキバ絶対領域","ひる","かなた","1967061334585209030"
"2025-09-14","1号店 アキバ絶対領域","ひる","こまち","1967061334585209030"
"2025-09-14","1号店 アキバ絶対領域","ひる","つくし","1967061334585209030"
"2025-09-14","1号店 アキバ絶対領域","ひる","ねむり","1967061334585209030"
"2025-09-14","1号店 アキバ絶対領域","ひる","ひかり","1967061334585209030"
"2025-09-14","1号店 アキバ絶対領域","よる","すくい","1967154067228217792"
"2025-09-14","1号店 アキバ絶対領域","よる","はんちゅ","1967154067228217792"
"2025-09-14","1号店 アキバ絶対領域","よる","ひかり","1967154067228217792"
"2025-09-14","1号店 アキバ絶対領域","よる","もなか","1967154067228217792"
"2025-09-14","3号店 +e","よる","あめる","1967141188676579804"
"2025-09-14","3号店 +e","よる","うる","1967141188676579804"
"2025-09-14","3号店 +e","よる","さぴ","1967141188676579804"
"2025-09-14","3号店 +e","よる","ばにら","1967141188676579804"
"2025-09-14","3号店 +e","よる","みぞれ","1967141188676579804"
"2025-09-14","3号店 +e","よる","めろ","1967141188676579804"
"2025-09-15","1号店 アキバ絶対領域","ひる","あめる","1967425301602095609"
"2025-09-15","1号店 アキバ絶対領域","ひる","すくい","1967425301602095609"
"2025-09-15","1号店 アキバ絶対領域","ひる","ちゅむ","1967425301602095609"
"2025-09-15","1号店 アキバ絶対領域","ひる","ひなり","1967425301602095609"
"2025-09-15","1号店 アキバ絶対領域","ひる","まこと","1967425301602095609"
"2025-09-15","1号店 アキバ絶対領域","ひる","みんと","1967425301602095609"
"2025-09-15","1号店 アキバ絶対領域","よる","うる","1967504643128504397"
"2025-09-15","1号店 アキバ絶対領域","よる","しゃち","1967504643128504397"
"2025-09-15","1号店 アキバ絶対領域","よる","ばにら","1967504643128504397"
"2025-09-15","1号店 アキバ絶対領域","よる","ひかり","1967504643128504397"
"2025-09-15","1号店 アキバ絶対領域","よる","まひろ","1967504643128504397"
"2025-09-15","1号店 アキバ絶対領域","よる","もも","1967504643128504397"
"2025-09-15","2号店 A.D.1912","よる","あくび","1967516084296405237"
"2025-09-15","2号店 A.D.1912","よる","あむ","1967516084296405237"
"2025-09-15","2号店 A.D.1912","よる","えな","1967516084296405237"
"2025-09-15","2号店 A.D.1912","よる","すくい","1967516084296405237"
"2025-09-15","2号店 A.D.1912","よる","はぴふ","1967516084296405237"
"2025-09-15","2号店 A.D.1912","よる","ひなり","1967516084296405237"
"2025-09-15","2号店 A.D.1912","よる","まこと","1967516084296405237"
"2025-09-16","1号店 アキバ絶対領域","ひる","あくび","1967787343122927922"
"2025-09-16","1号店 アキバ絶対領域","ひる","えな","1967787343122927922"
"2025-09-16","1号店 アキバ絶対領域","ひる","ねむり","1967787343122927922"
"2025-09-16","1号店 アキバ絶対領域","ひる","みりあ","1967787343122927922"
"2025-09-16","1号店 アキバ絶対領域","ひる","めろ","1967787343122927922"
"2025-09-16","1号店 アキバ絶対領域","よる","あまめ","1967900314083942479"
"2025-09-16","1号店 アキバ絶対領域","よる","あめる","1967900314083942479"
"2025-09-16","1号店 アキバ絶対領域","よる","そら","1967900314083942479"
"2025-09-16","1号店 アキバ絶対領域","よる","ひかり","1967900314083942479"
"2025-09-16","1号店 アキバ絶対領域","よる","まこと","1967900314083942479"
"2025-09-16","1号店 アキバ絶対領域","よる","もなか","1967900314083942479"
"2025-09-16","3号店 +e","ひる","こまち","1967786313148666047"
"2025-09-16","3号店 +e","ひる","つくし","1967786313148666047"
"2025-09-16","3号店 +e","ひる","ひかり","1967786313148666047"
"2025-09-16","3号店 +e","ひる","まこと","1967786313148666047"
"2025-09-16","3号店 +e","ひる","まひろ","1967786313148666047"
"2025-09-17","1号店 アキバ絶対領域","ひる","かすみ","1968156122747204057"
"2025-09-17","1号店 アキバ絶対領域","ひる","さぴ","1968156122747204057"
"2025-09-17","1号店 アキバ絶対領域","ひる","ひかり","1968156122747204057"
"2025-09-17","1号店 アキバ絶対領域","ひる","ひなり","1968156122747204057"
"2025-09-17","1号店 アキバ絶対領域","ひる","まこと","1968156122747204057"
"2025-09-17","1号店 アキバ絶対領域","ひる","みぞれ","1968156122747204057"
"2025-09-17","1号店 アキバ絶対領域","よる","あまめ","1968241687777718722"
"2025-09-17","1号店 アキバ絶対領域","よる","かなた","1968241687777718722"
"2025-09-17","1号店 アキバ絶対領域","よる","ちさと","1968241687777718722"
"2025-09-17","1号店 アキバ絶対領域","よる","ふぁん","1968241687777718722"
"2025-09-17","1号店 アキバ絶対領域","よる","みりあ","1968241687777718722"
"2025-09-17","3号店 +e","よる","あめる","1968226688665522607"
"2025-09-17","3号店 +e","よる","うな","1968226688665522607"
"2025-09-17","3号店 +e","よる","うる","1968226688665522607"
"2025-09-17","3号店 +e","よる","ちゅむ","1968226688665522607"
"2025-09-17","3号店 +e","よる","みりん","1968226688665522607"
"2025-09-17","3号店 +e","よる","みんと","1968226688665522607"
"2025-09-17","4号店 A.D.2045","ひる","うる","1968150800938807695"
"2025-09-17","4号店 A.D.2045","ひる","ねむり","1968150800938807695"
"2025-09-17","4号店 A.D.2045","ひる","みりあ","1968150800938807695"
"2025-09-17","4号店 A.D.2045","ひる","めろ","1968150800938807695"
"2025-09-18","1号店 アキバ絶対領域","ひる","あらた","1968512519376671197"
"2025-09-18","1号店 アキバ絶対領域","ひる","うな","1968512519376671197"
"2025-09-18","1号店 アキバ絶対領域","ひる","えな","1968512519376671197"
"2025-09-18","1号店 アキバ絶対領域","ひる","はぴる","1968512519376671197"
"2025-09-18","1号店 アキバ絶対領域","ひる","みりん","1968512519376671197"
"2025-09-18","1号店 アキバ絶対領域","ひる","みんと","1968512519376671197"
"2025-09-18","1号店 アキバ絶対領域","よる","あまめ","1968604560278114625"
"2025-09-18","1号店 アキバ絶対領域","よる","あむ","1968604560278114625"
"2025-09-18","1号店 アキバ絶対領域","よる","こえび","1968604560278114625"
"2025-09-18","1号店 アキバ絶対領域","よる","ちゅむ","1968604560278114625"
"2025-09-18","1号店 アキバ絶対領域","よる","まこと","1968604560278114625"
"2025-09-18","1号店 アキバ絶対領域","よる","まふゆ","1968604560278114625"
"2025-09-18","1号店 アキバ絶対領域","よる","みんと","1968604560278114625"
"2025-09-18","2号店 A.D.1912","よる","あらた","1968602960348262711"
"2025-09-18","2号店 A.D.1912","よる","かなた","1968602960348262711"
"2025-09-18","2号店 A.D.1912","よる","さぴ","1968602960348262711"
"2025-09-18","2号店 A.D.1912","よる","はぴる","1968602960348262711"
"2025-09-18","2号店 A.D.1912","よる","みぞれ","1968602960348262711"
"2025-09-19","1号店 アキバ絶対領域","ひる","あらた","1968875181050634622"
"2025-09-19","1号店 アキバ絶対領域","ひる","うな","1968875181050634622"
"2025-09-19","1号店 アキバ絶対領域","ひる","しゃち","1968875181050634622"
"2025-09-19","1号店 アキバ絶対領域","ひる","つくし","1968875181050634622"
"2025-09-19","1号店 アキバ絶対領域","ひる","みりあ","1968875181050634622"
"2025-09-19","1号店 アキバ絶対領域","ひる","みりん","1968875181050634622"
"2025-09-19","1号店 アキバ絶対領域","よる","あむ","1968954658728153585"
"2025-09-19","1号店 アキバ絶対領域","よる","あめる","1968954658728153585"
"2025-09-19","1号店 アキバ絶対領域","よる","ひかり","1968954658728153585"
"2025-09-19","4号店 A.D.2045","よる","うる","1968963940664193115"
"2025-09-19","4号店 A.D.2045","よる","ねむり","1968963940664193115"
"2025-09-19","4号店 A.D.2045","よる","ばにら","1968963940664193115"
"2025-09-19","4号店 A.D.2045","よる","みりあ","1968963940664193115"
"2025-09-20","1号店 アキバ絶対領域","ひる","つくし","1969236657745391646"
"2025-09-20","1号店 アキバ絶対領域","ひる","まこと","1969236657745391646"
"2025-09-20","1号店 アキバ絶対領域","ひる","みぞれ","1969236657745391646"
"2025-09-20","1号店 アキバ絶対領域","ひる","みんと","1969236657745391646"
"2025-09-20","1号店 アキバ絶対領域","ひる","めろ","1969236657745391646"
"2025-09-20","1号店 アキバ絶対領域","よる","あむ","1969350204374601848"
"2025-09-20","1号店 アキバ絶対領域","よる","うる","1969350204374601848"
"2025-09-20","1号店 アキバ絶対領域","よる","こえび","1969350204374601848"
"2025-09-20","1号店 アキバ絶対領域","よる","しゃち","1969350204374601848"
"2025-09-20","1号店 アキバ絶対領域","よる","すくい","1969350204374601848"
"2025-09-20","1号店 アキバ絶対領域","よる","ふぁん","1969350204374601848"
"2025-09-20","1号店 アキバ絶対領域","よる","もも","1969350204374601848"
"2025-09-20","3号店 +e","ひる","あむ","1969237357841821988"
"2025-09-20","3号店 +e","ひる","うる","1969237357841821988"
"2025-09-20","3号店 +e","ひる","こい","1969237357841821988"
"2025-09-20","3号店 +e","ひる","こえび","1969237357841821988"
"2025-09-20","3号店 +e","ひる","さぴ","1969237357841821988"
"2025-09-21","1号店 アキバ絶対領域","ひる","こい","1969598531561537720"
"2025-09-21","1号店 アキバ絶対領域","ひる","そら","1969598531561537720"
"2025-09-21","1号店 アキバ絶対領域","ひる","ねむり","1969598531561537720"
"2025-09-21","1号店 アキバ絶対領域","ひる","ひなり","1969598531561537720"
"2025-09-21","1号店 アキバ絶対領域","ひる","まこと","1969598531561537720"
"2025-09-21","1号店 アキバ絶対領域","ひる","みりあ","1969598531561537720"
"2025-09-21","1号店 アキバ絶対領域","よる","あまめ","1969697304707047648"
"2025-09-21","1号店 アキバ絶対領域","よる","あむ","1969697304707047648"
"2025-09-21","1号店 アキバ絶対領域","よる","あらた","1969697304707047648"
"2025-09-21","1号店 アキバ絶対領域","よる","はんちゅ","1969697304707047648"
"2025-09-21","1号店 アキバ絶対領域","よる","ひなり","1969697304707047648"
"2025-09-21","1号店 アキバ絶対領域","よる","まふゆ","1969697304707047648"
"2025-09-21","1号店 アキバ絶対領域","よる","もなか","1969697304707047648"
"2025-09-21","2号店 A.D.1912","ひる","あくび","1969598688264929477"
"2025-09-21","2号店 A.D.1912","ひる","あらた","1969598688264929477"
"2025-09-21","2号店 A.D.1912","ひる","える","1969598688264929477"
"2025-09-21","2号店 A.D.1912","ひる","かすみ","1969598688264929477"
"2025-09-21","2号店 A.D.1912","ひる","つくし","1969598688264929477"
"2025-09-21","2号店 A.D.1912","ひる","みんと","1969598688264929477"
"2025-09-21","2号店 A.D.1912","ひる","もも","1969598688264929477"
"2025-09-21","4号店 A.D.2045","よる","こまち","1969681884079931439"
"2025-09-21","4号店 A.D.2045","よる","ばにら","1969681884079931439"
"2025-09-21","4号店 A.D.2045","よる","まこと","1969681884079931439"
"2025-09-21","4号店 A.D.2045","よる","まひろ","1969681884079931439"
"2025-09-21","4号店 A.D.2045","よる","みりあ","1969681884079931439"
"2025-09-22","1号店 アキバ絶対領域","ひる","つくし","1969980732492988843"
"2025-09-22","1号店 アキバ絶対領域","ひる","ひかり","1969980732492988843"
"2025-09-22","1号店 アキバ絶対領域","ひる","まこと","1969980732492988843"
"2025-09-22","1号店 アキバ絶対領域","ひる","みんと","1969980732492988843"
"2025-09-22","1号店 アキバ絶対領域","よる","あくび","1970069526265188787"
"2025-09-22","1号店 アキバ絶対領域","よる","あめる","1970069526265188787"
"2025-09-22","1号店 アキバ絶対領域","よる","うる","1970069526265188787"
"2025-09-22","1号店 アキバ絶対領域","よる","しゃち","1970069526265188787"
"2025-09-22","1号店 アキバ絶対領域","よる","みんと","1970069526265188787"
"2025-09-23","1号店 アキバ絶対領域","ひる","あまめ","1970339932800758054"
"2025-09-23","1号店 アキバ絶対領域","ひる","あらた","1970339932800758054"
"2025-09-23","1号店 アキバ絶対領域","ひる","しゃち","1970339932800758054"
"2025-09-23","1号店 アキバ絶対領域","ひる","すくい","1970339932800758054"
"2025-09-23","1号店 アキバ絶対領域","ひる","はぴる","1970339932800758054"
"2025-09-23","1号店 アキバ絶対領域","ひる","みりあ","1970339932800758054"
"2025-09-23","1号店 アキバ絶対領域","よる","うる","1970418284324626755"
"2025-09-23","1号店 アキバ絶対領域","よる","すくい","1970418284324626755"
"2025-09-23","1号店 アキバ絶対領域","よる","はぴる","1970418284324626755"
"2025-09-23","1号店 アキバ絶対領域","よる","まふゆ","1970418284324626755"
"2025-09-23","1号店 アキバ絶対領域","よる","みりあ","1970418284324626755"
"2025-09-23","3号店 +e","よる","あむ","1970402487824969766"
"2025-09-23","3号店 +e","よる","あめる","1970402487824969766"
"2025-09-23","3号店 +e","よる","あらた","1970402487824969766"
"2025-09-23","3号店 +e","よる","こい","1970402487824969766"
"2025-09-23","3号店 +e","よる","ちさと","1970402487824969766"
"2025-09-23","3号店 +e","よる","みりん","1970402487824969766"
"2025-09-24","1号店 アキバ絶対領域","ひる","あむ","1970690905062666276"
"2025-09-24","1号店 アキバ絶対領域","ひる","うな","1970690905062666276"
"2025-09-24","1号店 アキバ絶対領域","ひる","える","1970690905062666276"
"2025-09-24","1号店 アキバ絶対領域","ひる","さぴ","1970690905062666276"
"2025-09-24","1号店 アキバ絶対領域","ひる","ひなり","1970690905062666276"
"2025-09-24","1号店 アキバ絶対領域","よる","うる","1970780207989854394"
"2025-09-24","1号店 アキバ絶対領域","よる","さぴ","1970780207989854394"
"2025-09-24","1号店 アキバ絶対領域","よる","しゃち","1970780207989854394"
"2025-09-24","1号店 アキバ絶対領域","よる","ちさと","1970780207989854394"
"2025-09-24","1号店 アキバ絶対領域","よる","はんちゅ","1970780207989854394"
"2025-09-24","1号店 アキバ絶対領域","よる","らき","1970780207989854394"
"2025-09-24","2号店 A.D.1912","よる","あむ","1970770153643352398"
"2025-09-24","2号店 A.D.1912","よる","かなた","1970770153643352398"
"2025-09-24","2号店 A.D.1912","よる","すくい","1970770153643352398"
"2025-09-24","2号店 A.D.1912","よる","まこと","1970770153643352398"
"2025-09-24","2号店 A.D.1912","よる","みぞれ","1970770153643352398"
"2025-09-24","2号店 A.D.1912","よる","みりん","1970770153643352398"
"2025-09-25","1号店 アキバ絶対領域","ひる","えな","1971050057500852606"
"2025-09-25","1号店 アキバ絶対領域","ひる","ねむり","1971050057500852606"
"2025-09-25","1号店 アキバ絶対領域","ひる","まこと","1971050057500852606"
"2025-09-25","1号店 アキバ絶対領域","ひる","みりあ","1971050057500852606"
"2025-09-25","1号店 アキバ絶対領域","ひる","みんと","1971050057500852606"
"2025-09-25","1号店 アキバ絶対領域","よる","うる","1971143471324156028"
"2025-09-25","1号店 アキバ絶対領域","よる","えな","1971143471324156028"
"2025-09-25","1号店 アキバ絶対領域","よる","すくい","1971143471324156028"
"2025-09-25","1号店 アキバ絶対領域","よる","そら","1971143471324156028"
"2025-09-25","1号店 アキバ絶対領域","よる","ひかり","1971143471324156028"
"2025-09-25","3号店 +e","ひる","あめる","1971049092538306883"
"2025-09-25","3号店 +e","ひる","あらた","1971049092538306883"
"2025-09-25","3号店 +e","ひる","こまち","1971049092538306883"
"2025-09-25","3号店 +e","ひる","はぴる","1971049092538306883"
"2025-09-25","3号店 +e","ひる","みりん","1971049092538306883"
"2025-09-25","3号店 +e","よる","あまめ","1971143242566811904"
"2025-09-25","3号店 +e","よる","あむ","1971143242566811904"
"2025-09-25","3号店 +e","よる","あめる","1971143242566811904"
"2025-09-25","3号店 +e","よる","さぴ","1971143242566811904"
"2025-09-25","3号店 +e","よる","まこと","1971143242566811904"
"2025-09-25","3号店 +e","よる","まふゆ","1971143242566811904"
"2025-09-26","1号店 アキバ絶対領域","ひる","あまめ","1971414441632858432"
"2025-09-26","1号店 アキバ絶対領域","ひる","あむ","1971414441632858432"
"2025-09-26","1号店 アキバ絶対領域","ひる","あめる","1971414441632858432"
"2025-09-26","1号店 アキバ絶対領域","ひる","あらた","1971414441632858432"
"2025-09-26","1号店 アキバ絶対領域","ひる","もなか","1971414441632858432"
"2025-09-26","1号店 アキバ絶対領域","よる","あむ","1971508076860838294"
"2025-09-26","1号店 アキバ絶対領域","よる","あらた","1971508076860838294"
"2025-09-26","1号店 アキバ絶対領域","よる","かすみ","1971508076860838294"
"2025-09-26","1号店 アキバ絶対領域","よる","しょこら","1971508076860838294"
"2025-09-26","1号店 アキバ絶対領域","よる","みぞれ","1971508076860838294"
"2025-09-26","1号店 アキバ絶対領域","よる","めろ","1971508076860838294"
"2025-09-26","4号店 A.D.2045","ひる","うる","1971408760620171289"
"2025-09-26","4号店 A.D.2045","ひる","ねむり","1971408760620171289"
"2025-09-26","4号店 A.D.2045","ひる","ひなり","1971408760620171289"
"2025-09-26","4号店 A.D.2045","ひる","もも","1971408760620171289"
"2025-09-27","1号店 アキバ絶対領域","ひる","かなた","1971773066423476461"
"2025-09-27","1号店 アキバ絶対領域","ひる","こまち","1971773066423476461"
"2025-09-27","1号店 アキバ絶対領域","ひる","しょこら","1971773066423476461"
"2025-09-27","1号店 アキバ絶対領域","ひる","みりあ","1971773066423476461"
"2025-09-27","1号店 アキバ絶対領域","ひる","らき","1971773066423476461"
"2025-09-27","1号店 アキバ絶対領域","よる","あくび","1971846067840057825"
"2025-09-27","1号店 アキバ絶対領域","よる","あくび","1971858909821653369"
"2025-09-27","1号店 アキバ絶対領域","よる","ばにら","1971846067840057825"
"2025-09-27","1号店 アキバ絶対領域","よる","ばにら","1971858909821653369"
"2025-09-27","1号店 アキバ絶対領域","よる","はんちゅ","1971858909821653369"
"2025-09-27","1号店 アキバ絶対領域","よる","はんちゅ","1971846067840057825"
"2025-09-27","1号店 アキバ絶対領域","よる","ひかり","1971846067840057825"
"2025-09-27","1号店 アキバ絶対領域","よる","ひかり","1971858909821653369"
"2025-09-27","1号店 アキバ絶対領域","よる","まこと","1971858909821653369"
"2025-09-27","2号店 A.D.1912","ひる","かすみ","1971772909246181847"
"2025-09-27","2号店 A.D.1912","ひる","こい","1971772909246181847"
"2025-09-27","2号店 A.D.1912","ひる","さぴ","1971772909246181847"
"2025-09-27","2号店 A.D.1912","ひる","ひなり","1971772909246181847"
"2025-09-27","2号店 A.D.1912","ひる","まこと","1971772909246181847"
"2025-09-27","2号店 A.D.1912","ひる","みりん","1971772909246181847"
"2025-09-27","2号店 A.D.1912","ひる","めろ","1971772909246181847"
"2025-09-28","1号店 アキバ絶対領域","ひる","うな","1972135595125408076"
"2025-09-28","1号店 アキバ絶対領域","ひる","すくい","1972135595125408076"
"2025-09-28","1号店 アキバ絶対領域","ひる","ひかり","1972135595125408076"
"2025-09-28","1号店 アキバ絶対領域","ひる","みりあ","1972135595125408076"
"2025-09-28","1号店 アキバ絶対領域","ひる","もも","1972135595125408076"
"2025-09-28","1号店 アキバ絶対領域","よる","あむ","1972228360538616194"
"2025-09-28","1号店 アキバ絶対領域","よる","あめる","1972228360538616194"
"2025-09-28","1号店 アキバ絶対領域","よる","つくし","1972228360538616194"
"2025-09-28","1号店 アキバ絶対領域","よる","ひなり","1972228360538616194"
"2025-09-28","1号店 アキバ絶対領域","よる","まふゆ","1972228360538616194"
"2025-09-28","3号店 +e","ひる","あむ","1972138406210859160"
"2025-09-28","3号店 +e","ひる","こい","1972138406210859160"
"2025-09-28","3号店 +e","ひる","ひなり","1972138406210859160"
"2025-09-28","3号店 +e","ひる","まひろ","1972138406210859160"
"2025-09-28","3号店 +e","ひる","みりん","1972138406210859160"
"2025-09-28","4号店 A.D.2045","よる","える","1972245180800762306"
"2025-09-28","4号店 A.D.2045","よる","すくい","1972245180800762306"
"2025-09-28","4号店 A.D.2045","よる","ねむり","1972245180800762306"
"2025-09-28","4号店 A.D.2045","よる","みんと","1972245180800762306"
"2025-09-29","1号店 アキバ絶対領域","ひる","あめる","1972503782799106279"
"2025-09-29","1号店 アキバ絶対領域","ひる","あらた","1972503782799106279"
"2025-09-29","1号店 アキバ絶対領域","ひる","うな","1972503782799106279"
"2025-09-29","1号店 アキバ絶対領域","ひる","きらり","1972503782799106279"
"2025-09-29","1号店 アキバ絶対領域","ひる","はぴる","1972503782799106279"
"2025-09-29","1号店 アキバ絶対領域","ひる","みりあ","1972503782799106279"
"2025-09-29","1号店 アキバ絶対領域","よる","うな","1972582407967838338"
"2025-09-29","1号店 アキバ絶対領域","よる","うる","1972582407967838338"
"2025-09-29","1号店 アキバ絶対領域","よる","ばにら","1972582407967838338"
"2025-09-29","1号店 アキバ絶対領域","よる","ひかり","1972582407967838338"
"2025-09-29","1号店 アキバ絶対領域","よる","もも","1972582407967838338"
"2025-09-29","2号店 A.D.1912","ひる","あくび","1972598331135435147"
"2025-09-29","2号店 A.D.1912","ひる","あめる","1972598331135435147"
"2025-09-29","2号店 A.D.1912","ひる","あらた","1972598331135435147"
"2025-09-29","2号店 A.D.1912","ひる","うる","1972598331135435147"
"2025-09-29","2号店 A.D.1912","ひる","はぴる","1972598331135435147"
"2025-09-29","2号店 A.D.1912","ひる","めろ","1972598331135435147"
"2025-09-29","2号店 A.D.1912","よる","あくび","1972598376563982468"
"2025-09-29","2号店 A.D.1912","よる","あめる","1972598376563982468"
"2025-09-29","2号店 A.D.1912","よる","あらた","1972598376563982468"
"2025-09-29","2号店 A.D.1912","よる","うる","1972598376563982468"
"2025-09-29","2号店 A.D.1912","よる","はぴる","1972598376563982468"
"2025-09-29","2号店 A.D.1912","よる","めろ","1972598376563982468"
"2025-09-30","1号店 アキバ絶対領域","ひる","あむ","1972860852492697727"
"2025-09-30","1号店 アキバ絶対領域","ひる","あめる","1972860852492697727"
"2025-09-30","1号店 アキバ絶対領域","ひる","あらた","1972860852492697727"
"2025-09-30","1号店 アキバ絶対領域","ひる","えな","1972860852492697727"
"2025-09-30","1号店 アキバ絶対領域","ひる","しゃち","1972860852492697727"
"2025-09-30","1号店 アキバ絶対領域","ひる","まこと","1972860852492697727"
"2025-09-30","1号店 アキバ絶対領域","よる","あらた","1972954908598104167"
"2025-09-30","1号店 アキバ絶対領域","よる","うる","1972954908598104167"
"2025-09-30","1号店 アキバ絶対領域","よる","ねむり","1972954908598104167"
"2025-09-30","1号店 アキバ絶対領域","よる","はぴる","1972954908598104167"
"2025-09-30","1号店 アキバ絶対領域","よる","まひろ","1972954908598104167"
"2025-09-30","1号店 アキバ絶対領域","よる","みりあ","1972954908598104167"
"2025-09-30","4号店 A.D.2045","ひる","うる","1972871712099491901"
"2025-09-30","4号店 A.D.2045","ひる","さぴ","1972871712099491901"
"2025-09-30","4号店 A.D.2045","ひる","はぴる","1972871712099491901"
"2025-09-30","4号店 A.D.2045","ひる","まふゆ","1972871712099491901"
"2025-09-30","4号店 A.D.2045","ひる","みりあ","1972871712099491901"
"2025-09-30","4号店 A.D.2045","よる","あむ","1972954432032948494"
"2025-09-30","4号店 A.D.2045","よる","こえび","1972954432032948494"
"2025-09-30","4号店 A.D.2045","よる","しゃち","1972954432032948494"
"2025-09-30","4号店 A.D.2045","よる","まこと","1972954432032948494"
"2025-10-01","1号店 アキバ絶対領域","ひる","あめる","1973222149734408445"
"2025-10-01","1号店 アキバ絶対領域","ひる","ひかり","1973222149734408445"
"2025-10-01","1号店 アキバ絶対領域","ひる","ひなり","1973222149734408445"
"2025-10-01","1号店 アキバ絶対領域","ひる","もなか","1973222149734408445"
"2025-10-01","1号店 アキバ絶対領域","よる","かなた","1973304732900008391"
"2025-10-01","1号店 アキバ絶対領域","よる","すくい","1973304732900008391"
"2025-10-01","1号店 アキバ絶対領域","よる","ひかり","1973304732900008391"
"2025-10-01","3号店 +e","よる","あめる","1973313163904073976"
"2025-10-01","3号店 +e","よる","うる","1973313163904073976"
"2025-10-01","3号店 +e","よる","しゃち","1973313163904073976"
"2025-10-01","3号店 +e","よる","ちゅむ","1973313163904073976"
"2025-10-01","3号店 +e","よる","みりん","1973313163904073976"
"2025-10-01","3号店 +e","よる","らき","1973313163904073976"
"2025-10-02","1号店 アキバ絶対領域","ひる","あむ","1973586020756234701"
"2025-10-02","1号店 アキバ絶対領域","ひる","あらた","1973586020756234701"
"2025-10-02","1号店 アキバ絶対領域","ひる","うな","1973586020756234701"
"2025-10-02","1号店 アキバ絶対領域","ひる","えな","1973586020756234701"
"2025-10-02","1号店 アキバ絶対領域","よる","かなた","1973678486230618402"
"2025-10-02","1号店 アキバ絶対領域","よる","しゃち","1973678486230618402"
"2025-10-02","1号店 アキバ絶対領域","よる","すくい","1973678486230618402"
"2025-10-02","1号店 アキバ絶対領域","よる","ひかり","1973678486230618402"
"2025-10-02","1号店 アキバ絶対領域","よる","まこと","1973678486230618402"
"2025-10-02","2号店 A.D.1912","よる","あまめ","1973684279290011889"
"2025-10-02","2号店 A.D.1912","よる","あむ","1973684279290011889"
"2025-10-02","2号店 A.D.1912","よる","あらた","1973684279290011889"
"2025-10-02","2号店 A.D.1912","よる","えな","1973684279290011889"
"2025-10-02","2号店 A.D.1912","よる","まひろ","1973684279290011889"
"2025-10-02","2号店 A.D.1912","よる","まふゆ","1973684279290011889"
"2025-10-02","2号店 A.D.1912","よる","みりん","1973684279290011889"
"2025-10-02","4号店 A.D.2045","ひる","うる","1973591732119019762"
"2025-10-02","4号店 A.D.2045","ひる","ひかり","1973591732119019762"
"2025-10-02","4号店 A.D.2045","ひる","みりん","1973591732119019762"
"2025-10-02","4号店 A.D.2045","ひる","もなか","1973591732119019762"
"2025-10-03","1号店 アキバ絶対領域","ひる","あめる","1973947215996719262"
"2025-10-03","1号店 アキバ絶対領域","ひる","つくし","1973947215996719262"
"2025-10-03","1号店 アキバ絶対領域","ひる","まこと","1973947215996719262"
"2025-10-03","1号店 アキバ絶対領域","ひる","まふゆ","1973947215996719262"
"2025-10-03","1号店 アキバ絶対領域","よる","うな","1974025005941076050"
"2025-10-03","1号店 アキバ絶対領域","よる","しょこら","1974025005941076050"
"2025-10-03","1号店 アキバ絶対領域","よる","ひかり","1974025005941076050"
"2025-10-03","1号店 アキバ絶対領域","よる","めろ","1974025005941076050"
"2025-10-03","3号店 +e","よる","あくび","1974040458398667092"
"2025-10-03","3号店 +e","よる","あむ","1974040458398667092"
"2025-10-03","3号店 +e","よる","あめる","1974040458398667092"
"2025-10-03","3号店 +e","よる","える","1974040458398667092"
"2025-10-03","3号店 +e","よる","ひなり","1974040458398667092"
"2025-10-03","3号店 +e","よる","まこと","1974040458398667092"
"2025-10-04","1号店 アキバ絶対領域","ひる","うる","1974312732062290225"
"2025-10-04","1号店 アキバ絶対領域","ひる","うる","1974318965485940976"
"2025-10-04","1号店 アキバ絶対領域","ひる","すくい","1974318965485940976"
"2025-10-04","1号店 アキバ絶対領域","ひる","すくい","1974312732062290225"
"2025-10-04","1号店 アキバ絶対領域","ひる","つくし","1974312732062290225"
"2025-10-04","1号店 アキバ絶対領域","ひる","つくし","1974318965485940976"
"2025-10-04","1号店 アキバ絶対領域","ひる","のの","1974318965485940976"
"2025-10-04","1号店 アキバ絶対領域","ひる","のの","1974312732062290225"
"2025-10-04","1号店 アキバ絶対領域","ひる","みりあ","1974312732062290225"
"2025-10-04","1号店 アキバ絶対領域","ひる","みりあ","1974318965485940976"
"2025-10-04","1号店 アキバ絶対領域","ひる","みりん","1974318965485940976"
"2025-10-04","1号店 アキバ絶対領域","ひる","みりん","1974312732062290225"
"2025-10-04","1号店 アキバ絶対領域","ひる","めろ","1974318965485940976"
"2025-10-04","1号店 アキバ絶対領域","ひる","めろ","1974312732062290225"
"2025-10-04","1号店 アキバ絶対領域","よる","あくび","1974398529025233349"
"2025-10-04","1号店 アキバ絶対領域","よる","うな","1974398529025233349"
"2025-10-04","1号店 アキバ絶対領域","よる","うる","1974398529025233349"
"2025-10-04","1号店 アキバ絶対領域","よる","かなた","1974398529025233349"
"2025-10-04","1号店 アキバ絶対領域","よる","こえび","1974398529025233349"
"2025-10-04","1号店 アキバ絶対領域","よる","すくい","1974398529025233349"
"2025-10-04","1号店 アキバ絶対領域","よる","ひかり","1974398529025233349"
"2025-10-04","1号店 アキバ絶対領域","よる","みりん","1974398529025233349"
"2025-10-04","3号店 +e","ひる","あむ","1974314181899006283"
"2025-10-04","3号店 +e","ひる","あらた","1974314181899006283"
"2025-10-04","3号店 +e","ひる","える","1974314181899006283"
"2025-10-04","3号店 +e","ひる","さぴ","1974314181899006283"
"2025-10-04","3号店 +e","ひる","ちさと","1974314181899006283"
"2025-10-04","3号店 +e","ひる","ひかり","1974314181899006283"
"2025-10-04","3号店 +e","ひる","まこと","1974314181899006283"
"2025-10-04","3号店 +e","ひる","みぞれ","1974314181899006283"
"2025-10-04","3号店 +e","よる","あむ","1974410806004678829"
"2025-10-04","3号店 +e","よる","あめる","1974410806004678829"
"2025-10-04","3号店 +e","よる","あらた","1974410806004678829"
"2025-10-04","3号店 +e","よる","こい","1974410806004678829"
"2025-10-04","3号店 +e","よる","ちさと","1974410806004678829"
"2025-10-04","3号店 +e","よる","ばにら","1974410806004678829"
"2025-10-04","3号店 +e","よる","はぴる","1974410806004678829"
"2025-10-04","3号店 +e","よる","まこと","1974410806004678829"
"2025-10-04","3号店 +e","よる","みりあ","1974410806004678829"
"2025-10-05","1号店 アキバ絶対領域","ひる","しょこら","1974672901715738651"
"2025-10-05","1号店 アキバ絶対領域","ひる","ちゅむ","1974672901715738651"
"2025-10-05","1号店 アキバ絶対領域","ひる","ふぁん","1974672901715738651"
"2025-10-05","1号店 アキバ絶対領域","ひる","みぞれ","1974672901715738651"
"2025-10-05","1号店 アキバ絶対領域","ひる","みりあ","1974672901715738651"
"2025-10-05","1号店 アキバ絶対領域","ひる","みりん","1974672901715738651"
"2025-10-05","1号店 アキバ絶対領域","よる","あむ","1974778523471777886"
"2025-10-05","1号店 アキバ絶対領域","よる","あめる","1974778523471777886"
"2025-10-05","1号店 アキバ絶対領域","よる","あらた","1974778523471777886"
"2025-10-05","1号店 アキバ絶対領域","よる","こえび","1974778523471777886"
"2025-10-05","1号店 アキバ絶対領域","よる","まふゆ","1974778523471777886"
"2025-10-05","1号店 アキバ絶対領域","よる","もも","1974778523471777886"
"2025-10-05","2号店 A.D.1912","ひる","える","1974679414811345326"
"2025-10-05","2号店 A.D.1912","ひる","こい","1974679414811345326"
"2025-10-05","2号店 A.D.1912","ひる","のの","1974679414811345326"
"2025-10-05","2号店 A.D.1912","ひる","まこと","1974679414811345326"
"2025-10-05","2号店 A.D.1912","ひる","まひろ","1974679414811345326"
"2025-10-06","1号店 アキバ絶対領域","ひる","あめる","1975032920755806278"
"2025-10-06","1号店 アキバ絶対領域","ひる","あらた","1975032920755806278"
"2025-10-06","1号店 アキバ絶対領域","ひる","かすみ","1975032920755806278"
"2025-10-06","1号店 アキバ絶対領域","よる","あくび","1975129868750008625"
"2025-10-06","1号店 アキバ絶対領域","よる","あらた","1975129868750008625"
"2025-10-06","1号店 アキバ絶対領域","よる","しゃち","1975129868750008625"
"2025-10-06","1号店 アキバ絶対領域","よる","はぴる","1975129868750008625"
"2025-10-06","4号店 A.D.2045","ひる","える","1975036596383781058"
"2025-10-06","4号店 A.D.2045","ひる","こがね","1975036596383781058"
"2025-10-06","4号店 A.D.2045","ひる","はぴる","1975036596383781058"
"2025-10-06","4号店 A.D.2045","ひる","まこと","1975036596383781058"
"2025-10-07","1号店 アキバ絶対領域","ひる","あらた","1975396739504107993"
"2025-10-07","1号店 アキバ絶対領域","ひる","はぴる","1975396739504107993"
"2025-10-07","1号店 アキバ絶対領域","ひる","まひろ","1975396739504107993"
"2025-10-07","1号店 アキバ絶対領域","ひる","みりあ","1975396739504107993"
"2025-10-07","1号店 アキバ絶対領域","よる","あむ","1975484013491200232"
"2025-10-07","1号店 アキバ絶対領域","よる","うる","1975484013491200232"
"2025-10-07","1号店 アキバ絶対領域","よる","こえび","1975484013491200232"
"2025-10-07","1号店 アキバ絶対領域","よる","ちさと","1975484013491200232"
"2025-10-07","1号店 アキバ絶対領域","よる","もなか","1975484013491200232"
"2025-10-07","1号店 アキバ絶対領域","よる","もも","1975484013491200232"
"2025-10-07","3号店 +e","よる","あらた","1975478220058419447"
"2025-10-07","3号店 +e","よる","うな","1975478220058419447"
"2025-10-07","3号店 +e","よる","かすみ","1975478220058419447"
"2025-10-07","3号店 +e","よる","そら","1975478220058419447"
"2025-10-07","3号店 +e","よる","はぴる","1975478220058419447"
"2025-10-08","1号店 アキバ絶対領域","ひる","あめる","1975763935803678742"
"2025-10-08","1号店 アキバ絶対領域","ひる","しゃち","1975763935803678742"
"2025-10-08","1号店 アキバ絶対領域","ひる","みぞれ","1975763935803678742"
"2025-10-08","1号店 アキバ絶対領域","ひる","みりあ","1975763935803678742"
"2025-10-08","1号店 アキバ絶対領域","よる","しゃち","1975859034323554724"
"2025-10-08","1号店 アキバ絶対領域","よる","そら","1975859034323554724"
"2025-10-08","1号店 アキバ絶対領域","よる","ちさと","1975859034323554724"
"2025-10-08","1号店 アキバ絶対領域","よる","ふぁん","1975859034323554724"
"2025-10-08","1号店 アキバ絶対領域","よる","みりん","1975859034323554724"
"2025-10-08","2号店 A.D.1912","ひる","える","1975764364750987601"
"2025-10-08","2号店 A.D.1912","ひる","はぴる","1975764364750987601"
"2025-10-08","2号店 A.D.1912","ひる","ひなり","1975764364750987601"
"2025-10-08","2号店 A.D.1912","ひる","まこと","1975764364750987601"
"2025-10-08","2号店 A.D.1912","ひる","もも","1975764364750987601"
"2025-10-08","4号店 A.D.2045","よる","える","1975845272510210464"
"2025-10-08","4号店 A.D.2045","よる","かなた","1975845272510210464"
"2025-10-08","4号店 A.D.2045","よる","まこと","1975845272510210464"
"2025-10-08","4号店 A.D.2045","よる","みりあ","1975845272510210464"
"2025-10-09","1号店 アキバ絶対領域","ひる","あむ","1976120824643060002"
"2025-10-09","1号店 アキバ絶対領域","ひる","うな","1976120824643060002"
"2025-10-09","1号店 アキバ絶対領域","ひる","かすみ","1976120824643060002"
"2025-10-09","1号店 アキバ絶対領域","ひる","ばにら","1976120824643060002"
"2025-10-09","1号店 アキバ絶対領域","ひる","まこと","1976120824643060002"
"2025-10-09","1号店 アキバ絶対領域","よる","あくび","1976214899610304969"
"2025-10-09","1号店 アキバ絶対領域","よる","うな","1976214899610304969"
"2025-10-09","1号店 アキバ絶対領域","よる","うる","1976214899610304969"
"2025-10-09","1号店 アキバ絶対領域","よる","かなた","1976214899610304969"
"2025-10-09","1号店 アキバ絶対領域","よる","ちさと","1976214899610304969"
"2025-10-09","1号店 アキバ絶対領域","よる","ばにら","1976214899610304969"
"2025-10-09","1号店 アキバ絶対領域","よる","もも","1976214899610304969"
"2025-10-10","1号店 アキバ絶対領域","ひる","あめる","1976493654153040190"
"2025-10-10","1号店 アキバ絶対領域","ひる","こい","1976493654153040190"
"2025-10-10","1号店 アキバ絶対領域","ひる","ねむり","1976493654153040190"
"2025-10-10","1号店 アキバ絶対領域","ひる","まこと","1976493654153040190"
"2025-10-10","1号店 アキバ絶対領域","ひる","みりあ","1976493654153040190"
"2025-10-10","1号店 アキバ絶対領域","よる","うな","1976561517014487455"
"2025-10-10","1号店 アキバ絶対領域","よる","うる","1976561517014487455"
"2025-10-10","1号店 アキバ絶対領域","よる","しょこら","1976561517014487455"
"2025-10-10","1号店 アキバ絶対領域","よる","つくし","1976561517014487455"
"2025-10-10","1号店 アキバ絶対領域","よる","ひかり","1976561517014487455"
"2025-10-10","3号店 +e","よる","あむ","1976563919906107840"
"2025-10-10","3号店 +e","よる","こまち","1976563919906107840"
"2025-10-10","3号店 +e","よる","さぴ","1976563919906107840"
"2025-10-10","3号店 +e","よる","しゃち","1976563919906107840"
"2025-10-10","3号店 +e","よる","のの","1976563919906107840"
"2025-10-10","3号店 +e","よる","まこと","1976563919906107840"
"2025-10-10","3号店 +e","よる","みりん","1976563919906107840"
"2025-10-10","3号店 +e","よる","めろ","1976563919906107840"
"2025-10-11","1号店 アキバ絶対領域","ひる","かすみ","1976845081534775388"
"2025-10-11","1号店 アキバ絶対領域","ひる","しゃち","1976845081534775388"
"2025-10-11","1号店 アキバ絶対領域","ひる","しょこら","1976845081534775388"
"2025-10-11","1号店 アキバ絶対領域","ひる","まこと","1976845081534775388"
"2025-10-11","1号店 アキバ絶対領域","ひる","まひろ","1976845081534775388"
"2025-10-11","1号店 アキバ絶対領域","ひる","みりん","1976845081534775388"
"2025-10-11","1号店 アキバ絶対領域","ひる","らき","1976845081534775388"
"2025-10-11","1号店 アキバ絶対領域","よる","える","1976940477640544298"
"2025-10-11","1号店 アキバ絶対領域","よる","さぴ","1976940477640544298"
"2025-10-11","1号店 アキバ絶対領域","よる","ひかり","1976940477640544298"
"2025-10-11","1号店 アキバ絶対領域","よる","みぞれ","1976940477640544298"
"2025-10-11","1号店 アキバ絶対領域","よる","みりん","1976940477640544298"
"2025-10-11","1号店 アキバ絶対領域","よる","もなか","1976940477640544298"
"2025-10-11","2号店 A.D.1912","よる","うる","1976926208932954252"
"2025-10-11","2号店 A.D.1912","よる","こい","1976926208932954252"
"2025-10-11","2号店 A.D.1912","よる","つくし","1976926208932954252"
"2025-10-11","2号店 A.D.1912","よる","ねむり","1976926208932954252"
"2025-10-11","2号店 A.D.1912","よる","はぴる","1976926208932954252"
"2025-10-11","2号店 A.D.1912","よる","ひなり","1976926208932954252"
"2025-10-11","2号店 A.D.1912","よる","まこと","1976926208932954252"
"2025-10-11","4号店 A.D.2045","ひる","うる","1976852866678898866"
"2025-10-11","4号店 A.D.2045","ひる","える","1976852866678898866"
"2025-10-11","4号店 A.D.2045","ひる","すくい","1976852866678898866"
"2025-10-11","4号店 A.D.2045","ひる","みりあ","1976852866678898866"
"2025-10-12","1号店 アキバ絶対領域","ひる","うな","1977209280932855958"
"2025-10-12","1号店 アキバ絶対領域","ひる","うる","1977209280932855958"
"2025-10-12","1号店 アキバ絶対領域","ひる","こい","1977209280932855958"
"2025-10-12","1号店 アキバ絶対領域","ひる","こまち","1977209280932855958"
"2025-10-12","1号店 アキバ絶対領域","ひる","ちゅむ","1977209280932855958"
"2025-10-12","1号店 アキバ絶対領域","ひる","ひかり","1977209280932855958"
"2025-10-12","1号店 アキバ絶対領域","ひる","ふぁん","1977209280932855958"
"2025-10-12","1号店 アキバ絶対領域","ひる","みりん","1977209280932855958"
"2025-10-12","1号店 アキバ絶対領域","よる","あらた","1977307553043501125"
"2025-10-12","1号店 アキバ絶対領域","よる","のの","1977307553043501125"
"2025-10-12","1号店 アキバ絶対領域","よる","ばにら","1977307553043501125"
"2025-10-12","1号店 アキバ絶対領域","よる","ひかり","1977307553043501125"
"2025-10-12","1号店 アキバ絶対領域","よる","ひなり","1977307553043501125"
"2025-10-12","1号店 アキバ絶対領域","よる","まふゆ","1977307553043501125"
"2025-10-12","2号店 A.D.1912","ひる","あらた","1977211058864767410"
"2025-10-12","2号店 A.D.1912","ひる","えな","1977211058864767410"
"2025-10-12","2号店 A.D.1912","ひる","かすみ","1977211058864767410"
"2025-10-12","2号店 A.D.1912","ひる","そら","1977211058864767410"
"2025-10-12","2号店 A.D.1912","ひる","つくし","1977211058864767410"
"2025-10-12","2号店 A.D.1912","ひる","のの","1977211058864767410"
"2025-10-12","2号店 A.D.1912","ひる","みりあ","1977211058864767410"
"2025-10-13","1号店 アキバ絶対領域","ひる","こがね","1977570843430666354"
"2025-10-13","1号店 アキバ絶対領域","ひる","しょこら","1977570843430666354"
"2025-10-13","1号店 アキバ絶対領域","ひる","ちさと","1977570843430666354"
"2025-10-13","1号店 アキバ絶対領域","ひる","みりあ","1977570843430666354"
"2025-10-13","1号店 アキバ絶対領域","ひる","らき","1977570843430666354"
"2025-10-13","1号店 アキバ絶対領域","よる","あくび","1977666867012755677"
"2025-10-13","1号店 アキバ絶対領域","よる","あむ","1977666867012755677"
"2025-10-13","1号店 アキバ絶対領域","よる","うる","1977666867012755677"
"2025-10-13","1号店 アキバ絶対領域","よる","しゃち","1977666867012755677"
"2025-10-13","1号店 アキバ絶対領域","よる","ひなり","1977666867012755677"
"2025-10-13","1号店 アキバ絶対領域","よる","めろ","1977666867012755677"
"2025-10-13","1号店 アキバ絶対領域","よる","もも","1977666867012755677"
"2025-10-13","3号店 +e","ひる","あむ","1977571196754600311"
"2025-10-13","3号店 +e","ひる","あめる","1977571196754600311"
"2025-10-13","3号店 +e","ひる","うる","1977571196754600311"
"2025-10-13","3号店 +e","ひる","えな","1977571196754600311"
"2025-10-13","3号店 +e","ひる","まふゆ","1977571196754600311"
"2025-10-13","3号店 +e","ひる","もなか","1977571196754600311"
"2025-10-14","1号店 アキバ絶対領域","ひる","あくび","1977940107253714978"
"2025-10-14","1号店 アキバ絶対領域","ひる","あめる","1977940107253714978"
"2025-10-14","1号店 アキバ絶対領域","ひる","あらた","1977940107253714978"
"2025-10-14","1号店 アキバ絶対領域","ひる","はぴる","1977940107253714978"
"2025-10-14","1号店 アキバ絶対領域","ひる","もなか","1977940107253714978"
"2025-10-14","1号店 アキバ絶対領域","ひる","もも","1977940107253714978"
"2025-10-14","1号店 アキバ絶対領域","よる","うな","1978024548965535957"
"2025-10-14","1号店 アキバ絶対領域","よる","こえび","1978024548965535957"
"2025-10-14","1号店 アキバ絶対領域","よる","すくい","1978024548965535957"
"2025-10-14","1号店 アキバ絶対領域","よる","ひかり","1978024548965535957"
"2025-10-14","1号店 アキバ絶対領域","よる","まふゆ","1978024548965535957"
"2025-10-14","4号店 A.D.2045","よる","こまち","1978024943498493987"
"2025-10-14","4号店 A.D.2045","よる","そら","1978024943498493987"
"2025-10-14","4号店 A.D.2045","よる","ばにら","1978024943498493987"
"2025-10-14","4号店 A.D.2045","よる","はぴる","1978024943498493987"
"2025-10-14","4号店 A.D.2045","よる","まこと","1978024943498493987"
"2025-10-15","1号店 アキバ絶対領域","ひる","うる","1978296357052981413"
"2025-10-15","1号店 アキバ絶対領域","ひる","える","1978296357052981413"
"2025-10-15","1号店 アキバ絶対領域","ひる","きらり","1978296357052981413"
"2025-10-15","1号店 アキバ絶対領域","ひる","こえび","1978296357052981413"
"2025-10-15","1号店 アキバ絶対領域","ひる","みりあ","1978296357052981413"
"2025-10-15","1号店 アキバ絶対領域","よる","こえび","1978376776666538112"
"2025-10-15","1号店 アキバ絶対領域","よる","こがね","1978376776666538112"
"2025-10-15","1号店 アキバ絶対領域","よる","ちさと","1978376776666538112"
"2025-10-15","1号店 アキバ絶対領域","よる","みりん","1978376776666538112"
"2025-10-15","1号店 アキバ絶対領域","よる","らき","1978376776666538112"
"2025-10-15","2号店 A.D.1912","ひる","あむ","1978300730927612362"
"2025-10-15","2号店 A.D.1912","ひる","あめる","1978300730927612362"
"2025-10-15","2号店 A.D.1912","ひる","あらた","1978300730927612362"
"2025-10-15","2号店 A.D.1912","ひる","ねむり","1978300730927612362"
"2025-10-15","2号店 A.D.1912","ひる","まこと","1978300730927612362"
"2025-10-15","2号店 A.D.1912","ひる","もなか","1978300730927612362"
"2025-10-15","2号店 A.D.1912","よる","あまめ","1978388707196473350"
"2025-10-15","2号店 A.D.1912","よる","あまめ","1978388819918364814"
"2025-10-15","2号店 A.D.1912","よる","あめる","1978388707196473350"
"2025-10-15","2号店 A.D.1912","よる","あめる","1978388819918364814"
"2025-10-15","2号店 A.D.1912","よる","うる","1978388707196473350"
"2025-10-15","2号店 A.D.1912","よる","うる","1978388819918364814"
"2025-10-15","2号店 A.D.1912","よる","えな","1978388819918364814"
"2025-10-15","2号店 A.D.1912","よる","えな","1978388707196473350"
"2025-10-15","2号店 A.D.1912","よる","すくい","1978388819918364814"
"2025-10-15","2号店 A.D.1912","よる","すくい","1978388707196473350"
"2025-10-15","2号店 A.D.1912","よる","まこと","1978388819918364814"
"2025-10-15","2号店 A.D.1912","よる","まこと","1978388707196473350"
"2025-10-15","2号店 A.D.1912","よる","みぞれ","1978388707196473350"
"2025-10-15","2号店 A.D.1912","よる","みぞれ","1978388819918364814"
"2025-10-15","2号店 A.D.1912","よる","みりあ","1978388707196473350"
"2025-10-15","2号店 A.D.1912","よる","みりあ","1978388819918364814"
"2025-10-16","1号店 アキバ絶対領域","ひる","うな","1978658587007221765"
"2025-10-16","1号店 アキバ絶対領域","ひる","えな","1978658587007221765"
"2025-10-16","1号店 アキバ絶対領域","ひる","ひかり","1978658587007221765"
"2025-10-16","1号店 アキバ絶対領域","ひる","みりん","1978658587007221765"
"2025-10-16","1号店 アキバ絶対領域","よる","あむ","1978749563490955311"
"2025-10-16","1号店 アキバ絶対領域","よる","かなた","1978749563490955311"
"2025-10-16","1号店 アキバ絶対領域","よる","こまち","1978749563490955311"
"2025-10-16","1号店 アキバ絶対領域","よる","しゃち","1978749563490955311"
"2025-10-16","1号店 アキバ絶対領域","よる","ばにら","1978749563490955311"
"2025-10-16","1号店 アキバ絶対領域","よる","もも","1978749563490955311"
"2025-10-16","4号店 A.D.2045","ひる","あむ","1978658240968737244"
"2025-10-16","4号店 A.D.2045","ひる","あらた","1978658240968737244"
"2025-10-16","4号店 A.D.2045","ひる","のの","1978658240968737244"
"2025-10-16","4号店 A.D.2045","ひる","めろ","1978658240968737244"
"2025-10-17","1号店 アキバ絶対領域","ひる","つくし","1979021105999344019"
"2025-10-17","1号店 アキバ絶対領域","ひる","はぴる","1979021105999344019"
"2025-10-17","1号店 アキバ絶対領域","ひる","ひなり","1979021105999344019"
"2025-10-17","1号店 アキバ絶対領域","ひる","みりあ","1979021105999344019"
"2025-10-17","1号店 アキバ絶対領域","ひる","みりん","1979021105999344019"
"2025-10-17","1号店 アキバ絶対領域","よる","あくび","1979114198027116753"
"2025-10-17","1号店 アキバ絶対領域","よる","あめる","1979114198027116753"
"2025-10-17","1号店 アキバ絶対領域","よる","はぴる","1979114198027116753"
"2025-10-17","1号店 アキバ絶対領域","よる","ひなり","1979114198027116753"
"2025-10-17","1号店 アキバ絶対領域","よる","まこと","1979114198027116753"
"2025-10-17","1号店 アキバ絶対領域","よる","もも","1979114198027116753"
"2025-10-18","1号店 アキバ絶対領域","ひる","える","1979383702682767657"
"2025-10-18","1号店 アキバ絶対領域","ひる","けだま","1979383702682767657"
"2025-10-18","1号店 アキバ絶対領域","ひる","こがね","1979383702682767657"
"2025-10-18","1号店 アキバ絶対領域","ひる","こまち","1979383702682767657"
"2025-10-18","1号店 アキバ絶対領域","ひる","さぴ","1979383702682767657"
"2025-10-18","1号店 アキバ絶対領域","ひる","まこと","1979383702682767657"
"2025-10-18","1号店 アキバ絶対領域","ひる","みりあ","1979383702682767657"
"2025-10-18","1号店 アキバ絶対領域","よる","あむ","1979468036017909985"
"2025-10-18","1号店 アキバ絶対領域","よる","えな","1979468036017909985"
"2025-10-18","1号店 アキバ絶対領域","よる","こえび","1979468036017909985"
"2025-10-18","1号店 アキバ絶対領域","よる","とば","1979468036017909985"
"2025-10-18","1号店 アキバ絶対領域","よる","まひろ","1979468036017909985"
"2025-10-18","1号店 アキバ絶対領域","よる","まふゆ","1979468036017909985"
"2025-10-18","1号店 アキバ絶対領域","よる","みぞれ","1979468036017909985"
"2025-10-18","3号店 +e","よる","うる","1979492223923429852"
"2025-10-18","3号店 +e","よる","ちさと","1979492223923429852"
"2025-10-18","3号店 +e","よる","ねむり","1979492223923429852"
"2025-10-18","3号店 +e","よる","ひなり","1979492223923429852"
"2025-10-18","3号店 +e","よる","まこと","1979492223923429852"
"2025-10-18","3号店 +e","よる","みりあ","1979492223923429852"
"2025-10-19","1号店 アキバ絶対領域","ひる","あむ","1979745367446208789"
"2025-10-19","1号店 アキバ絶対領域","ひる","こい","1979745367446208789"
"2025-10-19","1号店 アキバ絶対領域","ひる","のの","1979745367446208789"
"2025-10-19","1号店 アキバ絶対領域","ひる","ふぁん","1979745367446208789"
"2025-10-19","1号店 アキバ絶対領域","ひる","まこと","1979745367446208789"
"2025-10-19","1号店 アキバ絶対領域","ひる","もなか","1979745367446208789"
"2025-10-19","1号店 アキバ絶対領域","よる","あまめ","1979824393024131529"
"2025-10-19","1号店 アキバ絶対領域","よる","うる","1979824393024131529"
"2025-10-19","1号店 アキバ絶対領域","よる","こえび","1979824393024131529"
"2025-10-19","1号店 アキバ絶対領域","よる","しょこら","1979824393024131529"
"2025-10-19","1号店 アキバ絶対領域","よる","とば","1979824393024131529"
"2025-10-19","1号店 アキバ絶対領域","よる","ひかり","1979824393024131529"
"2025-10-19","1号店 アキバ絶対領域","よる","まふゆ","1979824393024131529"
"2025-10-19","2号店 A.D.1912","よる","あくび","1979828980862828700"
"2025-10-19","2号店 A.D.1912","よる","あむ","1979828980862828700"
"2025-10-19","2号店 A.D.1912","よる","しゃち","1979828980862828700"
"2025-10-19","2号店 A.D.1912","よる","ひなり","1979828980862828700"
"2025-10-19","2号店 A.D.1912","よる","まこと","1979828980862828700"
"2025-10-19","2号店 A.D.1912","よる","まひろ","1979828980862828700"
"2025-10-19","4号店 A.D.2045","ひる","うな","1979745323884155131"
"2025-10-19","4号店 A.D.2045","ひる","うる","1979745323884155131"
"2025-10-19","4号店 A.D.2045","ひる","つくし","1979745323884155131"
"2025-10-19","4号店 A.D.2045","ひる","みりあ","1979745323884155131"
"2025-10-20","1号店 アキバ絶対領域","ひる","あめる","1980111534744535488"
"2025-10-20","1号店 アキバ絶対領域","ひる","あらた","1980111534744535488"
"2025-10-20","1号店 アキバ絶対領域","ひる","かすみ","1980111534744535488"
"2025-10-20","1号店 アキバ絶対領域","ひる","きらり","1980111534744535488"
"2025-10-20","1号店 アキバ絶対領域","ひる","らき","1980111534744535488"
"2025-10-20","1号店 アキバ絶対領域","よる","しょこら","1980199165029437842"
"2025-10-20","1号店 アキバ絶対領域","よる","ばにら","1980199165029437842"
"2025-10-20","1号店 アキバ絶対領域","よる","はぴる","1980199165029437842"
"2025-10-20","1号店 アキバ絶対領域","よる","めろ","1980199165029437842"
"2025-10-20","4号店 A.D.2045","ひる","あむ","1980107479288795633"
"2025-10-20","4号店 A.D.2045","ひる","さぴ","1980107479288795633"
"2025-10-20","4号店 A.D.2045","ひる","まこと","1980107479288795633"
"2025-10-20","4号店 A.D.2045","ひる","まふゆ","1980107479288795633"
"2025-10-21","1号店 アキバ絶対領域","ひる","あめる","1980471354236522534"
"2025-10-21","1号店 アキバ絶対領域","ひる","あらた","1980471354236522534"
"2025-10-21","1号店 アキバ絶対領域","ひる","みりあ","1980471354236522534"
"2025-10-21","1号店 アキバ絶対領域","ひる","もなか","1980471354236522534"
"2025-10-21","1号店 アキバ絶対領域","よる","あむ","1980570022880899456"
"2025-10-21","1号店 アキバ絶対領域","よる","うる","1980570022880899456"
"2025-10-21","1号店 アキバ絶対領域","よる","けだま","1980570022880899456"
"2025-10-21","1号店 アキバ絶対領域","よる","こえび","1980570022880899456"
"2025-10-21","1号店 アキバ絶対領域","よる","こまち","1980570022880899456"
"2025-10-21","1号店 アキバ絶対領域","よる","すくい","1980570022880899456"
"2025-10-21","1号店 アキバ絶対領域","よる","もも","1980570022880899456"
"2025-10-21","3号店 +e","よる","あまめ","1980562770778370377"
"2025-10-21","3号店 +e","よる","あめる","1980562770778370377"
"2025-10-21","3号店 +e","よる","あらた","1980562770778370377"
"2025-10-21","3号店 +e","よる","そら","1980562770778370377"
"2025-10-21","3号店 +e","よる","みぞれ","1980562770778370377"
"2025-10-22","1号店 アキバ絶対領域","ひる","あまめ","1980832128305885225"
"2025-10-22","1号店 アキバ絶対領域","ひる","しゃち","1980832128305885225"
"2025-10-22","1号店 アキバ絶対領域","ひる","ちさと","1980832128305885225"
"2025-10-22","1号店 アキバ絶対領域","ひる","みりあ","1980832128305885225"
"2025-10-22","1号店 アキバ絶対領域","ひる","みりん","1980832128305885225"
"2025-10-22","1号店 アキバ絶対領域","よる","うな","1980925925425656236"
"2025-10-22","1号店 アキバ絶対領域","よる","こがね","1980925925425656236"
"2025-10-22","1号店 アキバ絶対領域","よる","しゃち","1980925925425656236"
"2025-10-22","1号店 アキバ絶対領域","よる","ちさと","1980925925425656236"
"2025-10-22","1号店 アキバ絶対領域","よる","みりん","1980925925425656236"
"2025-10-22","3号店 +e","ひる","あむ","1980833057189032397"
"2025-10-22","3号店 +e","ひる","あめる","1980833057189032397"
"2025-10-22","3号店 +e","ひる","うる","1980833057189032397"
"2025-10-22","3号店 +e","ひる","ひなり","1980833057189032397"
"2025-10-22","3号店 +e","ひる","まふゆ","1980833057189032397"
"2025-10-22","4号店 A.D.2045","よる","うる","1980913418883527097"
"2025-10-22","4号店 A.D.2045","よる","かなた","1980913418883527097"
"2025-10-22","4号店 A.D.2045","よる","ばにら","1980913418883527097"
"2025-10-22","4号店 A.D.2045","よる","みりあ","1980913418883527097"
"2025-10-23","1号店 アキバ絶対領域","ひる","かすみ","1981195529037263139"
"2025-10-23","1号店 アキバ絶対領域","ひる","ねむり","1981195529037263139"
"2025-10-23","1号店 アキバ絶対領域","ひる","ひかり","1981195529037263139"
"2025-10-23","1号店 アキバ絶対領域","ひる","みりん","1981195529037263139"
"2025-10-23","1号店 アキバ絶対領域","よる","あめる","1981289828298915896"
"2025-10-23","1号店 アキバ絶対領域","よる","あらた","1981289828298915896"
"2025-10-23","1号店 アキバ絶対領域","よる","うな","1981289828298915896"
"2025-10-23","1号店 アキバ絶対領域","よる","はぴる","1981289828298915896"
"2025-10-23","1号店 アキバ絶対領域","よる","めろ","1981289828298915896"
"2025-10-23","1号店 アキバ絶対領域","よる","もも","1981289828298915896"
"2025-10-23","2号店 A.D.1912","ひる","あめる","1981206471900868966"
"2025-10-23","2号店 A.D.1912","ひる","あらた","1981206471900868966"
"2025-10-23","2号店 A.D.1912","ひる","えな","1981206471900868966"
"2025-10-23","2号店 A.D.1912","ひる","のの","1981206471900868966"
"2025-10-24","1号店 アキバ絶対領域","ひる","あまめ","1981564806735024540"
"2025-10-24","1号店 アキバ絶対領域","ひる","あめる","1981564806735024540"
"2025-10-24","1号店 アキバ絶対領域","ひる","ねむり","1981564806735024540"
"2025-10-24","1号店 アキバ絶対領域","ひる","まこと","1981564806735024540"
"2025-10-24","1号店 アキバ絶対領域","ひる","みりあ","1981564806735024540"
"2025-10-24","1号店 アキバ絶対領域","よる","うくし","1981651075905339404"
"2025-10-24","1号店 アキバ絶対領域","よる","うな","1981651075905339404"
"2025-10-24","1号店 アキバ絶対領域","よる","さぴ","1981651075905339404"
"2025-10-24","1号店 アキバ絶対領域","よる","はぴる","1981651075905339404"
"2025-10-24","1号店 アキバ絶対領域","よる","みりん","1981651075905339404"
"2025-10-24","1号店 アキバ絶対領域","よる","めろ","1981651075905339404"
"2025-10-24","3号店 +e","ひる","あむ","1981557729438421280"
"2025-10-24","3号店 +e","ひる","あらた","1981557729438421280"
"2025-10-24","3号店 +e","ひる","こい","1981557729438421280"
"2025-10-24","3号店 +e","ひる","さぴ","1981557729438421280"
"2025-10-24","3号店 +e","ひる","はぴる","1981557729438421280"
"2025-10-24","4号店 A.D.2045","よる","ねむり","1981652068713762819"
"2025-10-24","4号店 A.D.2045","よる","ばにら","1981652068713762819"
"2025-10-24","4号店 A.D.2045","よる","まこと","1981652068713762819"
"2025-10-24","4号店 A.D.2045","よる","みりあ","1981652068713762819"
"2025-10-25","1号店 アキバ絶対領域","ひる","あらた","1981919298676548016"
"2025-10-25","1号店 アキバ絶対領域","ひる","こい","1981919298676548016"
"2025-10-25","1号店 アキバ絶対領域","ひる","しょこら","1981919298676548016"
"2025-10-25","1号店 アキバ絶対領域","ひる","ひかり","1981919298676548016"
"2025-10-25","1号店 アキバ絶対領域","ひる","まひろ","1981919298676548016"
"2025-10-25","1号店 アキバ絶対領域","ひる","みぞれ","1981919298676548016"
"2025-10-25","1号店 アキバ絶対領域","よる","こまち","1982005614114197773"
"2025-10-25","1号店 アキバ絶対領域","よる","ばにら","1982005614114197773"
"2025-10-25","1号店 アキバ絶対領域","よる","ひかり","1982005614114197773"
"2025-10-25","1号店 アキバ絶対領域","よる","ふぁん","1982005614114197773"
"2025-10-25","1号店 アキバ絶対領域","よる","まこと","1982005614114197773"
"2025-10-25","1号店 アキバ絶対領域","よる","もも","1982005614114197773"
"2025-10-25","2号店 A.D.1912","ひる","うる","1981920612768759846"
"2025-10-25","2号店 A.D.1912","ひる","うる","1981934205434200355"
"2025-10-25","2号店 A.D.1912","ひる","かすみ","1981934205434200355"
"2025-10-25","2号店 A.D.1912","ひる","かすみ","1981920612768759846"
"2025-10-25","2号店 A.D.1912","ひる","すくい","1981920612768759846"
"2025-10-25","2号店 A.D.1912","ひる","すくい","1981934205434200355"
"2025-10-25","2号店 A.D.1912","ひる","つくし","1981934205434200355"
"2025-10-25","2号店 A.D.1912","ひる","つくし","1981920612768759846"
"2025-10-25","2号店 A.D.1912","ひる","のの","1981920612768759846"
"2025-10-25","2号店 A.D.1912","ひる","のの","1981934205434200355"
"2025-10-25","2号店 A.D.1912","ひる","みりあ","1981934205434200355"
"2025-10-25","2号店 A.D.1912","ひる","みりあ","1981920612768759846"
"2025-10-25","2号店 A.D.1912","ひる","みりん","1981920612768759846"
"2025-10-25","2号店 A.D.1912","ひる","みりん","1981934205434200355"
"2025-10-26","1号店 アキバ絶対領域","ひる","あめる","1982283079793156516"
"2025-10-26","1号店 アキバ絶対領域","ひる","うる","1982283079793156516"
"2025-10-26","1号店 アキバ絶対領域","ひる","こい","1982283079793156516"
"2025-10-26","1号店 アキバ絶対領域","ひる","みりあ","1982283079793156516"
"2025-10-26","1号店 アキバ絶対領域","ひる","めろ","1982283079793156516"
"2025-10-26","1号店 アキバ絶対領域","よる","あまめ","1982381285114060988"
"2025-10-26","1号店 アキバ絶対領域","よる","あむ","1982381285114060988"
"2025-10-26","1号店 アキバ絶対領域","よる","かなた","1982381285114060988"
"2025-10-26","1号店 アキバ絶対領域","よる","しゃち","1982381285114060988"
"2025-10-26","1号店 アキバ絶対領域","よる","まふゆ","1982381285114060988"
"2025-10-26","1号店 アキバ絶対領域","よる","みりん","1982381285114060988"
"2025-10-26","2号店 A.D.1912","ひる","あむ","1982311072913608842"
"2025-10-26","2号店 A.D.1912","ひる","こがね","1982311072913608842"
"2025-10-26","2号店 A.D.1912","ひる","そら","1982311072913608842"
"2025-10-26","2号店 A.D.1912","ひる","ねむり","1982311072913608842"
"2025-10-26","2号店 A.D.1912","ひる","のの","1982311072913608842"
"2025-10-26","2号店 A.D.1912","ひる","まこと","1982311072913608842"
"2025-10-26","4号店 A.D.2045","よる","うる","1982366263524700330"
"2025-10-26","4号店 A.D.2045","よる","すくい","1982366263524700330"
"2025-10-26","4号店 A.D.2045","よる","ねむり","1982366263524700330"
"2025-10-26","4号店 A.D.2045","よる","みりあ","1982366263524700330"
"2025-10-27","1号店 アキバ絶対領域","ひる","かすみ","1982644532744446128"
"2025-10-27","1号店 アキバ絶対領域","ひる","きらり","1982644532744446128"
"2025-10-27","1号店 アキバ絶対領域","ひる","さぴ","1982644532744446128"
"2025-10-27","1号店 アキバ絶対領域","ひる","はぴる","1982644532744446128"
"2025-10-27","1号店 アキバ絶対領域","ひる","ひなり","1982644532744446128"
"2025-10-27","1号店 アキバ絶対領域","ひる","まこと","1982644532744446128"
"2025-10-27","1号店 アキバ絶対領域","ひる","ましろ","1982644532744446128"
"2025-10-27","1号店 アキバ絶対領域","ひる","もも","1982644532744446128"
"2025-10-27","1号店 アキバ絶対領域","よる","しょこら","1982739896843501605"
"2025-10-27","1号店 アキバ絶対領域","よる","ばにら","1982739896843501605"
"2025-10-27","1号店 アキバ絶対領域","よる","はぴる","1982739896843501605"
"2025-10-27","1号店 アキバ絶対領域","よる","ひなり","1982739896843501605"
"2025-10-27","3号店 +e","よる","あむ","1982725794872074617"
"2025-10-27","3号店 +e","よる","あめる","1982725794872074617"
"2025-10-27","3号店 +e","よる","さぴ","1982725794872074617"
"2025-10-27","3号店 +e","よる","まこと","1982725794872074617"
"2025-10-27","3号店 +e","よる","もなか","1982725794872074617"
"2025-10-28","1号店 アキバ絶対領域","ひる","あめる","1983008364197269894"
"2025-10-28","1号店 アキバ絶対領域","ひる","うる","1983008364197269894"
"2025-10-28","1号店 アキバ絶対領域","ひる","しゃち","1983008364197269894"
"2025-10-28","1号店 アキバ絶対領域","ひる","とば","1983008364197269894"
"2025-10-28","1号店 アキバ絶対領域","ひる","みりあ","1983008364197269894"
"2025-10-28","1号店 アキバ絶対領域","よる","あらた","1983098837746221442"
"2025-10-28","1号店 アキバ絶対領域","よる","けだま","1983098837746221442"
"2025-10-28","1号店 アキバ絶対領域","よる","こまち","1983098837746221442"
"2025-10-28","1号店 アキバ絶対領域","よる","ひかり","1983098837746221442"
"2025-10-28","1号店 アキバ絶対領域","よる","まふゆ","1983098837746221442"
"2025-10-28","1号店 アキバ絶対領域","よる","みぞれ","1983098837746221442"
"2025-10-28","1号店 アキバ絶対領域","よる","もなか","1983098837746221442"
"2025-10-28","2号店 A.D.1912","ひる","あくび","1983013362436116554"
"2025-10-28","2号店 A.D.1912","ひる","あらた","1983013362436116554"
"2025-10-28","2号店 A.D.1912","ひる","えな","1983013362436116554"
"2025-10-28","2号店 A.D.1912","ひる","ひかり","1983013362436116554"
"2025-10-28","2号店 A.D.1912","ひる","もも","1983013362436116554"
"2025-10-28","4号店 A.D.2045","よる","うる","1983089571966713872"
"2025-10-28","4号店 A.D.2045","よる","こえび","1983089571966713872"
"2025-10-28","4号店 A.D.2045","よる","そら","1983089571966713872"
"2025-10-28","4号店 A.D.2045","よる","はぴる","1983089571966713872"
"2025-10-29","1号店 アキバ絶対領域","ひる","しゃち","1983369713192460545"
"2025-10-29","1号店 アキバ絶対領域","ひる","なぎさ","1983369713192460545"
"2025-10-29","1号店 アキバ絶対領域","ひる","ひなり","1983369713192460545"
"2025-10-29","1号店 アキバ絶対領域","ひる","まこと","1983369713192460545"
"2025-10-29","1号店 アキバ絶対領域","ひる","まふゆ","1983369713192460545"
"2025-10-29","1号店 アキバ絶対領域","ひる","みりあ","1983369713192460545"
"2025-10-29","1号店 アキバ絶対領域","よる","うな","1983477459715842441"
"2025-10-29","1号店 アキバ絶対領域","よる","そら","1983477459715842441"
"2025-10-29","1号店 アキバ絶対領域","よる","ちさと","1983477459715842441"
"2025-10-29","1号店 アキバ絶対領域","よる","みりあ","1983477459715842441"
"2025-10-29","1号店 アキバ絶対領域","よる","みりん","1983477459715842441"
"2025-10-29","3号店 +e","よる","あむ","1983480126336831637"
"2025-10-29","3号店 +e","よる","あむ","1983477682819178875"
"2025-10-29","3号店 +e","よる","うる","1983477682819178875"
"2025-10-29","3号店 +e","よる","える","1983480126336831637"
"2025-10-29","3号店 +e","よる","かなた","1983477682819178875"
"2025-10-29","3号店 +e","よる","かなた","1983480126336831637"
"2025-10-29","3号店 +e","よる","こがね","1983480126336831637"
"2025-10-29","3号店 +e","よる","こがね","1983477682819178875"
"2025-10-29","3号店 +e","よる","ばにら","1983477682819178875"
"2025-10-29","3号店 +e","よる","ばにら","1983480126336831637"
"2025-10-29","3号店 +e","よる","まこと","1983480126336831637"
"2025-10-29","3号店 +e","よる","まこと","1983477682819178875"
"2025-10-30","1号店 アキバ絶対領域","ひる","あむ","1983731757095759907"
"2025-10-30","1号店 アキバ絶対領域","ひる","うな","1983731757095759907"
"2025-10-30","1号店 アキバ絶対領域","ひる","うる","1983731757095759907"
"2025-10-30","1号店 アキバ絶対領域","ひる","ねむり","1983731757095759907"
"2025-10-30","1号店 アキバ絶対領域","ひる","はぴる","1983731757095759907"
"2025-10-30","1号店 アキバ絶対領域","よる","あまめ","1983834720380317707"
"2025-10-30","1号店 アキバ絶対領域","よる","あらた","1983834720380317707"
"2025-10-30","1号店 アキバ絶対領域","よる","しゃち","1983834720380317707"
"2025-10-30","1号店 アキバ絶対領域","よる","とば","1983834720380317707"
"2025-10-30","1号店 アキバ絶対領域","よる","ひかり","1983834720380317707"
"2025-10-30","2号店 A.D.1912","ひる","あらた","1983732322559217669"
"2025-10-30","2号店 A.D.1912","ひる","えな","1983732322559217669"
"2025-10-30","2号店 A.D.1912","ひる","かすみ","1983732322559217669"
"2025-10-30","2号店 A.D.1912","ひる","しゃち","1983732322559217669"
"2025-10-30","2号店 A.D.1912","ひる","ひかり","1983732322559217669"
"2025-10-30","4号店 A.D.2045","よる","あめる","1983812740759351308"
"2025-10-30","4号店 A.D.2045","よる","はぴる","1983812740759351308"
"2025-10-30","4号店 A.D.2045","よる","まこと","1983812740759351308"
"2025-10-30","4号店 A.D.2045","よる","みりん","1983812740759351308"
"2025-10-30","4号店 A.D.2045","よる","もも","1983812740759351308"
"2025-10-31","1号店 アキバ絶対領域","ひる","あむ","1984096235465404585"
"2025-10-31","1号店 アキバ絶対領域","ひる","あめる","1984096235465404585"
"2025-10-31","1号店 アキバ絶対領域","ひる","うる","1984096235465404585"
"2025-10-31","1号店 アキバ絶対領域","ひる","しゃち","1984096235465404585"
"2025-10-31","1号店 アキバ絶対領域","ひる","つくし","1984096235465404585"
"2025-10-31","1号店 アキバ絶対領域","ひる","ひなり","1984096235465404585"
"2025-10-31","1号店 アキバ絶対領域","よる","あくび","1984170471915712677"
"2025-10-31","1号店 アキバ絶対領域","よる","あめる","1984170471915712677"
"2025-10-31","1号店 アキバ絶対領域","よる","うな","1984170471915712677"
"2025-10-31","1号店 アキバ絶対領域","よる","のの","1984170471915712677"
"2025-10-31","1号店 アキバ絶対領域","よる","ひかり","1984170471915712677"
"2025-10-31","1号店 アキバ絶対領域","よる","まこと","1984170471915712677"
"2025-10-31","4号店 A.D.2045","ひる","あらた","1984099607308313054"
"2025-10-31","4号店 A.D.2045","ひる","ねむり","1984099607308313054"
"2025-10-31","4号店 A.D.2045","ひる","みりあ","1984099607308313054"
"2025-10-31","4号店 A.D.2045","ひる","みりん","1984099607308313054"
"2025-10-31","4号店 A.D.2045","ひる","めろ","1984099607308313054"
"2025-10-31","4号店 A.D.2045","よる","あむ","1984189896614129820"
"2025-10-31","4号店 A.D.2045","よる","うる","1984189896614129820"
"2025-10-31","4号店 A.D.2045","よる","こまち","1984189896614129820"
"2025-10-31","4号店 A.D.2045","よる","すくい","1984189896614129820"
"2025-10-31","4号店 A.D.2045","よる","ひなり","1984189896614129820"
"2025-11-01","1号店 アキバ絶対領域","ひる","ありす","1984466712482435413"
"2025-11-01","1号店 アキバ絶対領域","ひる","かなた","1984466712482435413"
"2025-11-01","1号店 アキバ絶対領域","ひる","ひかり","1984466712482435413"
"2025-11-01","1号店 アキバ絶対領域","ひる","みりん","1984466712482435413"
"2025-11-01","1号店 アキバ絶対領域","ひる","めろ","1984466712482435413"
"2025-11-01","1号店 アキバ絶対領域","よる","える","1984575420562620655"
"2025-11-01","1号店 アキバ絶対領域","よる","しゃち","1984575420562620655"
"2025-11-01","1号店 アキバ絶対領域","よる","ひかり","1984575420562620655"
"2025-11-01","1号店 アキバ絶対領域","よる","まこと","1984575420562620655"
"2025-11-01","1号店 アキバ絶対領域","よる","まふゆ","1984575420562620655"
"2025-11-01","4号店 A.D.2045","ひる","える","1984456259853304122"
"2025-11-01","4号店 A.D.2045","ひる","まこと","1984456259853304122"
"2025-11-01","4号店 A.D.2045","ひる","まひろ","1984456259853304122"
"2025-11-01","4号店 A.D.2045","ひる","みりあ","1984456259853304122"
"2025-11-02","1号店 アキバ絶対領域","ひる","あくび","1984820336375005237"
"2025-11-02","1号店 アキバ絶対領域","ひる","あめる","1984820336375005237"
"2025-11-02","1号店 アキバ絶対領域","ひる","しょこら","1984820336375005237"
"2025-11-02","1号店 アキバ絶対領域","ひる","のの","1984820336375005237"
"2025-11-02","1号店 アキバ絶対領域","ひる","ひなり","1984820336375005237"
"2025-11-02","1号店 アキバ絶対領域","ひる","まこと","1984820336375005237"
"2025-11-02","1号店 アキバ絶対領域","ひる","めろ","1984820336375005237"
"2025-11-02","1号店 アキバ絶対領域","よる","あむ","1984916248061530250"
"2025-11-02","1号店 アキバ絶対領域","よる","うる","1984916248061530250"
"2025-11-02","1号店 アキバ絶対領域","よる","こころ","1984916248061530250"
"2025-11-02","1号店 アキバ絶対領域","よる","ばにら","1984916248061530250"
"2025-11-02","1号店 アキバ絶対領域","よる","まふゆ","1984916248061530250"
"2025-11-02","1号店 アキバ絶対領域","よる","もなか","1984916248061530250"
"2025-11-02","3号店 +e","ひる","あむ","1984821097255354519"
"2025-11-02","3号店 +e","ひる","あらた","1984821097255354519"
"2025-11-02","3号店 +e","ひる","こい","1984821097255354519"
"2025-11-02","3号店 +e","ひる","こえび","1984821097255354519"
"2025-11-02","3号店 +e","ひる","こがね","1984821097255354519"
"2025-11-02","3号店 +e","ひる","ちさと","1984821097255354519"
"2025-11-02","3号店 +e","ひる","みぞれ","1984821097255354519"
"2025-11-02","3号店 +e","ひる","みりん","1984821097255354519"
"2025-11-03","1号店 アキバ絶対領域","ひる","うる","1985185698677465331"
"2025-11-03","1号店 アキバ絶対領域","ひる","すくい","1985185698677465331"
"2025-11-03","1号店 アキバ絶対領域","ひる","とば","1985185698677465331"
"2025-11-03","1号店 アキバ絶対領域","ひる","ねむり","1985185698677465331"
"2025-11-03","1号店 アキバ絶対領域","ひる","ひなり","1985185698677465331"
"2025-11-03","1号店 アキバ絶対領域","ひる","みりあ","1985185698677465331"
"2025-11-03","1号店 アキバ絶対領域","ひる","もなか","1985185698677465331"
"2025-11-03","1号店 アキバ絶対領域","よる","あいら","1985266056873808080"
"2025-11-03","1号店 アキバ絶対領域","よる","あくび","1985266056873808080"
"2025-11-03","1号店 アキバ絶対領域","よる","あらた","1985266056873808080"
"2025-11-03","1号店 アキバ絶対領域","よる","ひかり","1985266056873808080"
"2025-11-03","1号店 アキバ絶対領域","よる","ひなり","1985266056873808080"
"2025-11-03","1号店 アキバ絶対領域","よる","まひろ","1985266056873808080"
"2025-11-03","1号店 アキバ絶対領域","よる","もも","1985266056873808080"
"2025-11-03","2号店 A.D.1912","ひる","あめる","1985181267890176225"
"2025-11-03","2号店 A.D.1912","ひる","あらた","1985181267890176225"
"2025-11-03","2号店 A.D.1912","ひる","かすみ","1985181267890176225"
"2025-11-03","2号店 A.D.1912","ひる","しょこら","1985181267890176225"
"2025-11-03","2号店 A.D.1912","ひる","まふゆ","1985181267890176225"
"2025-11-03","2号店 A.D.1912","ひる","みぞれ","1985181267890176225"
"2025-11-03","2号店 A.D.1912","ひる","みりん","1985181267890176225"
"2025-11-03","4号店 A.D.2045","よる","ありす","1985264494311006444"
"2025-11-03","4号店 A.D.2045","よる","うる","1985264494311006444"
"2025-11-03","4号店 A.D.2045","よる","すくい","1985264494311006444"
"2025-11-03","4号店 A.D.2045","よる","ばにら","1985264494311006444"
"2025-11-03","4号店 A.D.2045","よる","みりあ","1985264494311006444"
"2025-11-04","1号店 アキバ絶対領域","ひる","あむ","1985544751328944377"
"2025-11-04","1号店 アキバ絶対領域","ひる","あらた","1985544751328944377"
"2025-11-04","1号店 アキバ絶対領域","ひる","きらり","1985544751328944377"
"2025-11-04","1号店 アキバ絶対領域","ひる","こえび","1985544751328944377"
"2025-11-04","1号店 アキバ絶対領域","ひる","ねむり","1985544751328944377"
"2025-11-04","1号店 アキバ絶対領域","ひる","ひかり","1985544751328944377"
"2025-11-04","1号店 アキバ絶対領域","ひる","まこと","1985544751328944377"
"2025-11-04","1号店 アキバ絶対領域","よる","あむ","1985640399344640425"
"2025-11-04","1号店 アキバ絶対領域","よる","うる","1985640399344640425"
"2025-11-04","1号店 アキバ絶対領域","よる","けだま","1985640399344640425"
"2025-11-04","1号店 アキバ絶対領域","よる","こまち","1985640399344640425"
"2025-11-04","1号店 アキバ絶対領域","よる","ちさと","1985640399344640425"
"2025-11-04","1号店 アキバ絶対領域","よる","もなか","1985640399344640425"
"2025-11-04","4号店 A.D.2045","よる","うな","1985622508457140498"
"2025-11-04","4号店 A.D.2045","よる","こえび","1985622508457140498"
"2025-11-04","4号店 A.D.2045","よる","のの","1985622508457140498"
"2025-11-04","4号店 A.D.2045","よる","ひかり","1985622508457140498"
"2025-11-04","4号店 A.D.2045","よる","まこと","1985622508457140498"
"2025-11-05","1号店 アキバ絶対領域","ひる","あめる","1985908316003082547"
"2025-11-05","1号店 アキバ絶対領域","ひる","うる","1985908316003082547"
"2025-11-05","1号店 アキバ絶対領域","ひる","とば","1985908316003082547"
"2025-11-05","1号店 アキバ絶対領域","ひる","ばにら","1985908316003082547"
"2025-11-05","1号店 アキバ絶対領域","ひる","まふゆ","1985908316003082547"
"2025-11-05","1号店 アキバ絶対領域","ひる","みりあ","1985908316003082547"
"2025-11-05","1号店 アキバ絶対領域","よる","かなた","1985999726324662478"
"2025-11-05","1号店 アキバ絶対領域","よる","けだま","1985999726324662478"
"2025-11-05","1号店 アキバ絶対領域","よる","こがね","1985999726324662478"
"2025-11-05","1号店 アキバ絶対領域","よる","ばにら","1985999726324662478"
"2025-11-05","1号店 アキバ絶対領域","よる","まこと","1985999726324662478"
"2025-11-05","1号店 アキバ絶対領域","よる","みりあ","1985999726324662478"
"2025-11-05","3号店 +e","よる","あまめ","1985999974568742994"
"2025-11-05","3号店 +e","よる","あむ","1985999974568742994"
"2025-11-05","3号店 +e","よる","うる","1985999974568742994"
"2025-11-05","3号店 +e","よる","そら","1985999974568742994"
"2025-11-05","3号店 +e","よる","みりん","1985999974568742994"
"2025-11-05","3号店 +e","よる","もも","1985999974568742994"
"2025-11-06","1号店 アキバ絶対領域","ひる","あむ","1986273911559102698"
"2025-11-06","1号店 アキバ絶対領域","ひる","うな","1986273911559102698"
"2025-11-06","1号店 アキバ絶対領域","ひる","のの","1986273911559102698"
"2025-11-06","1号店 アキバ絶対領域","ひる","みりん","1986273911559102698"
"2025-11-06","1号店 アキバ絶対領域","ひる","もも","1986273911559102698"
"2025-11-06","1号店 アキバ絶対領域","よる","あいら","1986361920774152237"
"2025-11-06","1号店 アキバ絶対領域","よる","あむ","1986361920774152237"
"2025-11-06","1号店 アキバ絶対領域","よる","かなた","1986361920774152237"
"2025-11-06","1号店 アキバ絶対領域","よる","すくい","1986361920774152237"
"2025-11-06","1号店 アキバ絶対領域","よる","そら","1986361920774152237"
"2025-11-06","1号店 アキバ絶対領域","よる","つむぎ","1986361920774152237"
"2025-11-06","1号店 アキバ絶対領域","よる","まこと","1986361920774152237"
"2025-11-06","4号店 A.D.2045","ひる","ねむり","1986274101175198128"
"2025-11-06","4号店 A.D.2045","ひる","まこと","1986274101175198128"
"2025-11-06","4号店 A.D.2045","ひる","みりあ","1986274101175198128"
"2025-11-07","1号店 アキバ絶対領域","ひる","あむ","1986655250938552499"
"2025-11-07","1号店 アキバ絶対領域","ひる","あらた","1986655250938552499"
"2025-11-07","1号店 アキバ絶対領域","ひる","える","1986655250938552499"
"2025-11-07","1号店 アキバ絶対領域","ひる","きらり","1986655250938552499"
"2025-11-07","1号店 アキバ絶対領域","ひる","しょこら","1986655250938552499"
"2025-11-07","1号店 アキバ絶対領域","よる","うな","1986725304640151638"
"2025-11-07","1号店 アキバ絶対領域","よる","うる","1986725304640151638"
"2025-11-07","1号店 アキバ絶対領域","よる","こえび","1986725304640151638"
"2025-11-07","1号店 アキバ絶対領域","よる","しゃち","1986725304640151638"
"2025-11-07","1号店 アキバ絶対領域","よる","のの","1986725304640151638"
"2025-11-07","1号店 アキバ絶対領域","よる","ふぁん","1986725304640151638"
"2025-11-07","1号店 アキバ絶対領域","よる","みりあ","1986725304640151638"
"2025-11-07","1号店 アキバ絶対領域","よる","みりん","1986725304640151638"
"2025-11-07","2号店 A.D.1912","ひる","さぴ","1986631080179605968"
"2025-11-07","2号店 A.D.1912","ひる","つくし","1986631080179605968"
"2025-11-07","2号店 A.D.1912","ひる","ねむり","1986631080179605968"
"2025-11-07","2号店 A.D.1912","ひる","みりあ","1986631080179605968"
"2025-11-07","2号店 A.D.1912","ひる","みりん","1986631080179605968"
"2025-11-07","2号店 A.D.1912","よる","あらた","1986723878941626647"
"2025-11-07","2号店 A.D.1912","よる","える","1986723878941626647"
"2025-11-07","2号店 A.D.1912","よる","こまち","1986723878941626647"
"2025-11-07","2号店 A.D.1912","よる","さぴ","1986723878941626647"
"2025-11-07","2号店 A.D.1912","よる","ちさと","1986723878941626647"
"2025-11-07","2号店 A.D.1912","よる","にこ","1986723878941626647"
"2025-11-08","1号店 アキバ絶対領域","ひる","ありす","1986998325816738001"
"2025-11-08","1号店 アキバ絶対領域","ひる","かすみ","1986998325816738001"
"2025-11-08","1号店 アキバ絶対領域","ひる","かなた","1986998325816738001"
"2025-11-08","1号店 アキバ絶対領域","ひる","つくし","1986998325816738001"
"2025-11-08","1号店 アキバ絶対領域","ひる","まこと","1986998325816738001"
"2025-11-08","1号店 アキバ絶対領域","ひる","みりあ","1986998325816738001"
"2025-11-08","1号店 アキバ絶対領域","よる","うる","1987088585666036173"
"2025-11-08","1号店 アキバ絶対領域","よる","こえび","1987088585666036173"
"2025-11-08","1号店 アキバ絶対領域","よる","こころ","1987088585666036173"
"2025-11-08","1号店 アキバ絶対領域","よる","にこ","1987088585666036173"
"2025-11-08","1号店 アキバ絶対領域","よる","ひかり","1987088585666036173"
"2025-11-08","1号店 アキバ絶対領域","よる","まふゆ","1987088585666036173"
"2025-11-08","3号店 +e","ひる","あめる","1986999098487283735"
"2025-11-08","3号店 +e","ひる","うる","1986999098487283735"
"2025-11-08","3号店 +e","ひる","こがね","1986999098487283735"
"2025-11-08","3号店 +e","ひる","ばにら","1986999098487283735"
"2025-11-08","3号店 +e","ひる","ひなり","1986999098487283735"
"2025-11-08","3号店 +e","ひる","みりん","1986999098487283735"
"2025-11-09","1号店 アキバ絶対領域","ひる","あめる","1987356313761030196"
"2025-11-09","1号店 アキバ絶対領域","ひる","あらた","1987356313761030196"
"2025-11-09","1号店 アキバ絶対領域","ひる","うな","1987356313761030196"
"2025-11-09","1号店 アキバ絶対領域","ひる","ひなり","1987356313761030196"
"2025-11-09","1号店 アキバ絶対領域","ひる","ふぁん","1987356313761030196"
"2025-11-09","1号店 アキバ絶対領域","ひる","もなか","1987356313761030196"
"2025-11-09","1号店 アキバ絶対領域","よる","あいら","1987455456625951033"
"2025-11-09","1号店 アキバ絶対領域","よる","あむ","1987455456625951033"
"2025-11-09","1号店 アキバ絶対領域","よる","かなた","1987455456625951033"
"2025-11-09","1号店 アキバ絶対領域","よる","しゃち","1987455456625951033"
"2025-11-09","1号店 アキバ絶対領域","よる","すくい","1987455456625951033"
"2025-11-09","1号店 アキバ絶対領域","よる","ちさと","1987455456625951033"
"2025-11-09","1号店 アキバ絶対領域","よる","まこと","1987455456625951033"
"2025-11-09","1号店 アキバ絶対領域","よる","めろ","1987455456625951033"
"2025-11-09","2号店 A.D.1912","ひる","あくび","1987357978513883584"
"2025-11-09","2号店 A.D.1912","ひる","あむ","1987357978513883584"
"2025-11-09","2号店 A.D.1912","ひる","かすみ","1987357978513883584"
"2025-11-09","2号店 A.D.1912","ひる","ちさと","1987357978513883584"
"2025-11-09","2号店 A.D.1912","ひる","とば","1987357978513883584"
"2025-11-09","2号店 A.D.1912","ひる","まこと","1987357978513883584"
"2025-11-09","4号店 A.D.2045","ひる","うる","1987357273640083840"
"2025-11-09","4号店 A.D.2045","ひる","こえび","1987357273640083840"
"2025-11-09","4号店 A.D.2045","ひる","こまち","1987357273640083840"
"2025-11-09","4号店 A.D.2045","ひる","みりあ","1987357273640083840"
"2025-11-09","4号店 A.D.2045","ひる","もも","1987357273640083840"
"2025-11-10","1号店 アキバ絶対領域","ひる","こい","1987718802130579617"
"2025-11-10","1号店 アキバ絶対領域","ひる","しゃち","1987718802130579617"
"2025-11-10","1号店 アキバ絶対領域","ひる","ばにら","1987718802130579617"
"2025-11-10","1号店 アキバ絶対領域","ひる","まこと","1987718802130579617"
"2025-11-10","1号店 アキバ絶対領域","よる","あいら","1987811997854093414"
"2025-11-10","1号店 アキバ絶対領域","よる","あいら","1987813915515060534"
"2025-11-10","1号店 アキバ絶対領域","よる","あむ","1987811997854093414"
"2025-11-10","1号店 アキバ絶対領域","よる","あむ","1987813915515060534"
"2025-11-10","1号店 アキバ絶対領域","よる","あらた","1987813915515060534"
"2025-11-10","1号店 アキバ絶対領域","よる","ありす","1987813915515060534"
"2025-11-10","1号店 アキバ絶対領域","よる","ありす","1987811997854093414"
"2025-11-10","1号店 アキバ絶対領域","よる","ばにら","1987811997854093414"
"2025-11-10","1号店 アキバ絶対領域","よる","ばにら","1987813915515060534"
"2025-11-10","1号店 アキバ絶対領域","よる","まこと","1987811997854093414"
"2025-11-10","1号店 アキバ絶対領域","よる","もなら","1987813915515060534"
"2025-11-10","1号店 アキバ絶対領域","よる","もなら","1987811997854093414"
"2025-11-10","3号店 +e","ひる","あむ","1987719128728449210"
"2025-11-10","3号店 +e","ひる","あらた","1987719128728449210"
"2025-11-10","3号店 +e","ひる","こがね","1987719128728449210"
"2025-11-10","3号店 +e","ひる","さぴ","1987719128728449210"
"2025-11-10","3号店 +e","ひる","まふゆ","1987719128728449210"
"2025-11-11","1号店 アキバ絶対領域","ひる","あらた","1988083467192857039"
"2025-11-11","1号店 アキバ絶対領域","ひる","えな","1988083467192857039"
"2025-11-11","1号店 アキバ絶対領域","ひる","かすみ","1988083467192857039"
"2025-11-11","1号店 アキバ絶対領域","ひる","つくし","1988083467192857039"
"2025-11-11","1号店 アキバ絶対領域","ひる","みりあ","1988083467192857039"
"2025-11-11","1号店 アキバ絶対領域","よる","うる","1988186696639476106"
"2025-11-11","1号店 アキバ絶対領域","よる","けだま","1988186696639476106"
"2025-11-11","1号店 アキバ絶対領域","よる","こえび","1988186696639476106"
"2025-11-11","1号店 アキバ絶対領域","よる","ちさと","1988186696639476106"
"2025-11-11","1号店 アキバ絶対領域","よる","もなか","1988186696639476106"
"2025-11-11","1号店 アキバ絶対領域","よる","もも","1988186696639476106"
"2025-11-11","4号店 A.D.2045","よる","あらた","1988187711757595106"
"2025-11-11","4号店 A.D.2045","よる","すくい","1988187711757595106"
"2025-11-11","4号店 A.D.2045","よる","まふゆ","1988187711757595106"
"2025-11-11","4号店 A.D.2045","よる","みりあ","1988187711757595106"
"2025-11-12","1号店 アキバ絶対領域","ひる","あいら","1988442662282870918"
"2025-11-12","1号店 アキバ絶対領域","ひる","あむ","1988442662282870918"
"2025-11-12","1号店 アキバ絶対領域","ひる","うな","1988538437587108206"
"2025-11-12","1号店 アキバ絶対領域","ひる","うる","1988442662282870918"
"2025-11-12","1号店 アキバ絶対領域","ひる","かなた","1988538437587108206"
"2025-11-12","1号店 アキバ絶対領域","ひる","ちさと","1988538437587108206"
"2025-11-12","1号店 アキバ絶対領域","ひる","つむぎ","1988538437587108206"
"2025-11-12","1号店 アキバ絶対領域","ひる","ひかり","1988442662282870918"
"2025-11-12","1号店 アキバ絶対領域","ひる","ひなり","1988442662282870918"
"2025-11-12","1号店 アキバ絶対領域","ひる","ふぁん","1988538437587108206"
"2025-11-12","1号店 アキバ絶対領域","ひる","まこと","1988538437587108206"
"2025-11-12","1号店 アキバ絶対領域","ひる","まふゆ","1988442662282870918"
"2025-11-12","2号店 A.D.1912","よる","あまめ","1988527313600836027"
"2025-11-12","2号店 A.D.1912","よる","うる","1988527313600836027"
"2025-11-12","2号店 A.D.1912","よる","そら","1988527313600836027"
"2025-11-12","2号店 A.D.1912","よる","ひかり","1988527313600836027"
"2025-11-12","2号店 A.D.1912","よる","もも","1988527313600836027"
"2025-11-12","4号店 A.D.2045","ひる","まこと","1988443548799430684"
"2025-11-12","4号店 A.D.2045","ひる","みぞれ","1988443548799430684"
"2025-11-12","4号店 A.D.2045","ひる","みりあ","1988443548799430684"
"2025-11-13","1号店 アキバ絶対領域","ひる","あむ","1988805573266288685"
"2025-11-13","1号店 アキバ絶対領域","ひる","あらた","1988805573266288685"
"2025-11-13","1号店 アキバ絶対領域","ひる","こまち","1988805573266288685"
"2025-11-13","1号店 アキバ絶対領域","ひる","しゃち","1988805573266288685"
"2025-11-13","1号店 アキバ絶対領域","ひる","のの","1988805573266288685"
"2025-11-13","1号店 アキバ絶対領域","よる","あむ","1988910379674501333"
"2025-11-13","1号店 アキバ絶対領域","よる","あらた","1988910379674501333"
"2025-11-13","1号店 アキバ絶対領域","よる","ありす","1988910379674501333"
"2025-11-13","1号店 アキバ絶対領域","よる","かなた","1988910379674501333"
"2025-11-13","1号店 アキバ絶対領域","よる","こころ","1988910379674501333"
"2025-11-13","1号店 アキバ絶対領域","よる","すくい","1988910379674501333"
"2025-11-13","4号店 A.D.2045","ひる","こい","1988804228794708247"
"2025-11-13","4号店 A.D.2045","ひる","ねむり","1988804228794708247"
"2025-11-13","4号店 A.D.2045","ひる","まこと","1988804228794708247"
"2025-11-13","4号店 A.D.2045","よる","うる","1988899689320661254"
"2025-11-13","4号店 A.D.2045","よる","しゃち","1988899689320661254"
"2025-11-13","4号店 A.D.2045","よる","ちさと","1988899689320661254"
"2025-11-13","4号店 A.D.2045","よる","まふゆ","1988899689320661254"
"2025-11-14","1号店 アキバ絶対領域","ひる","あいら","1989187547877241125"
"2025-11-14","1号店 アキバ絶対領域","ひる","あむ","1989187547877241125"
"2025-11-14","1号店 アキバ絶対領域","ひる","あらた","1989187547877241125"
"2025-11-14","1号店 アキバ絶対領域","ひる","しょこら","1989187547877241125"
"2025-11-14","1号店 アキバ絶対領域","ひる","つくし","1989187547877241125"
"2025-11-14","1号店 アキバ絶対領域","ひる","とば","1989187547877241125"
"2025-11-14","1号店 アキバ絶対領域","ひる","はぴる","1989187547877241125"
"2025-11-14","1号店 アキバ絶対領域","よる","あくび","1989249081349403001"
"2025-11-14","1号店 アキバ絶対領域","よる","あめる","1989249081349403001"
"2025-11-14","1号店 アキバ絶対領域","よる","あらた","1989249081349403001"
"2025-11-14","1号店 アキバ絶対領域","よる","しゃち","1989249081349403001"
"2025-11-14","1号店 アキバ絶対領域","よる","はぴる","1989249081349403001"
"2025-11-14","1号店 アキバ絶対領域","よる","めろ","1989249081349403001"
"2025-11-14","4号店 A.D.2045","ひる","ねむり","1989170989914317081"
"2025-11-14","4号店 A.D.2045","ひる","みりあ","1989170989914317081"
"2025-11-14","4号店 A.D.2045","ひる","もも","1989170989914317081"
"2025-11-15","1号店 アキバ絶対領域","ひる","あらた","1989531982255329681"
"2025-11-15","1号店 アキバ絶対領域","ひる","けだま","1989531982255329681"
"2025-11-15","1号店 アキバ絶対領域","ひる","さぴ","1989531982255329681"
"2025-11-15","1号店 アキバ絶対領域","ひる","しゃち","1989531982255329681"
"2025-11-15","1号店 アキバ絶対領域","ひる","ちさと","1989531982255329681"
"2025-11-15","1号店 アキバ絶対領域","ひる","つむぎ","1989531982255329681"
"2025-11-15","1号店 アキバ絶対領域","ひる","まひろ","1989531982255329681"
"2025-11-15","1号店 アキバ絶対領域","ひる","みりあ","1989531982255329681"
"2025-11-15","1号店 アキバ絶対領域","よる","うる","1989614233458180538"
"2025-11-15","1号店 アキバ絶対領域","よる","こえび","1989614233458180538"
"2025-11-15","1号店 アキバ絶対領域","よる","こころ","1989614233458180538"
"2025-11-15","1号店 アキバ絶対領域","よる","ひかり","1989614233458180538"
"2025-11-15","1号店 アキバ絶対領域","よる","ふぁん","1989614233458180538"
"2025-11-15","1号店 アキバ絶対領域","よる","もも","1989614233458180538"
"2025-11-15","2号店 A.D.1912","ひる","あめる","1989543180057125156"
"2025-11-15","2号店 A.D.1912","ひる","うる","1989543180057125156"
"2025-11-15","2号店 A.D.1912","ひる","かなた","1989543180057125156"
"2025-11-15","2号店 A.D.1912","ひる","こい","1989543180057125156"
"2025-11-15","2号店 A.D.1912","ひる","こがね","1989543180057125156"
"2025-11-15","2号店 A.D.1912","ひる","つくし","1989543180057125156"
"2025-11-15","2号店 A.D.1912","ひる","のの","1989543180057125156"
"2025-11-15","2号店 A.D.1912","ひる","まこと","1989543180057125156"
"2025-11-15","2号店 A.D.1912","よる","かすみ","1989623629391556832"
"2025-11-15","2号店 A.D.1912","よる","きらり","1989623629391556832"
"2025-11-15","2号店 A.D.1912","よる","すくい","1989623629391556832"
"2025-11-15","2号店 A.D.1912","よる","ひなり","1989623629391556832"
"2025-11-15","2号店 A.D.1912","よる","まこと","1989623629391556832"
"2025-11-15","2号店 A.D.1912","よる","まふゆ","1989623629391556832"
"2025-11-15","2号店 A.D.1912","よる","みりあ","1989623629391556832"
"2025-11-16","1号店 アキバ絶対領域","ひる","こまち","1989891907083014183"
"2025-11-16","1号店 アキバ絶対領域","ひる","そら","1989891907083014183"
"2025-11-16","1号店 アキバ絶対領域","ひる","ちさと","1989891907083014183"
"2025-11-16","1号店 アキバ絶対領域","ひる","つくし","1989891907083014183"
"2025-11-16","1号店 アキバ絶対領域","ひる","みりあ","1989891907083014183"
"2025-11-16","1号店 アキバ絶対領域","ひる","めろ","1989891907083014183"
"2025-11-16","1号店 アキバ絶対領域","よる","あむ","1989985104152981960"
"2025-11-16","1号店 アキバ絶対領域","よる","かなた","1989985104152981960"
"2025-11-16","1号店 アキバ絶対領域","よる","けだま","1989985104152981960"
"2025-11-16","1号店 アキバ絶対領域","よる","しゃち","1989985104152981960"
"2025-11-16","1号店 アキバ絶対領域","よる","ひなり","1989985104152981960"
"2025-11-16","1号店 アキバ絶対領域","よる","まこと","1989985104152981960"
"2025-11-16","1号店 アキバ絶対領域","よる","まふゆ","1989985104152981960"
"2025-11-16","3号店 +e","ひる","あむ","1989892205750964250"
"2025-11-16","3号店 +e","ひる","える","1989892205750964250"
"2025-11-16","3号店 +e","ひる","こい","1989892205750964250"
"2025-11-16","3号店 +e","ひる","のの","1989892205750964250"
"2025-11-16","3号店 +e","ひる","ばにら","1989892205750964250"
"2025-11-16","3号店 +e","ひる","まこと","1989892205750964250"
"2025-11-16","3号店 +e","ひる","まひろ","1989892205750964250"
"2025-11-16","4号店 A.D.2045","よる","うる","1989970226361086084"
"2025-11-16","4号店 A.D.2045","よる","ちさと","1989970226361086084"
"2025-11-16","4号店 A.D.2045","よる","もなか","1989970226361086084"
"2025-11-17","1号店 アキバ絶対領域","ひる","あめる","1990254038232007145"
"2025-11-17","1号店 アキバ絶対領域","ひる","あらた","1990254038232007145"
"2025-11-17","1号店 アキバ絶対領域","ひる","こがね","1990254038232007145"
"2025-11-17","1号店 アキバ絶対領域","ひる","こころ","1990254038232007145"
"2025-11-17","1号店 アキバ絶対領域","ひる","はぴる","1990254038232007145"
"2025-11-17","1号店 アキバ絶対領域","ひる","もなか","1990254038232007145"
"2025-11-18","1号店 アキバ絶対領域","ひる","きらり","1990616690074530026"
"2025-11-18","1号店 アキバ絶対領域","ひる","しゃち","1990616690074530026"
"2025-11-18","1号店 アキバ絶対領域","ひる","とば","1990616690074530026"
"2025-11-18","1号店 アキバ絶対領域","ひる","まこと","1990616690074530026"
"2025-11-18","1号店 アキバ絶対領域","ひる","みりあ","1990616690074530026"
"2025-11-18","1号店 アキバ絶対領域","よる","あらた","1990716464089747590"
"2025-11-18","1号店 アキバ絶対領域","よる","けだま","1990716464089747590"
"2025-11-18","1号店 アキバ絶対領域","よる","こえび","1990716464089747590"
"2025-11-18","1号店 アキバ絶対領域","よる","すくい","1990716464089747590"
"2025-11-18","1号店 アキバ絶対領域","よる","つむぎ","1990716464089747590"
"2025-11-18","1号店 アキバ絶対領域","よる","ひかり","1990716464089747590"
"2025-11-18","2号店 A.D.1912","ひる","あめる","1990615617339261154"
"2025-11-18","2号店 A.D.1912","ひる","あらた","1990615617339261154"
"2025-11-18","2号店 A.D.1912","ひる","まふゆ","1990615617339261154"
"2025-11-18","2号店 A.D.1912","ひる","みぞれ","1990615617339261154"
"2025-11-18","2号店 A.D.1912","ひる","もなか","1990615617339261154"
"2025-11-18","2号店 A.D.1912","よる","あまめ","1990704080801661271"
"2025-11-18","2号店 A.D.1912","よる","そら","1990704080801661271"
"2025-11-18","2号店 A.D.1912","よる","ちさと","1990704080801661271"
"2025-11-18","2号店 A.D.1912","よる","まこと","1990704080801661271"
"2025-11-18","2号店 A.D.1912","よる","もなか","1990704080801661271"
"2025-11-19","1号店 アキバ絶対領域","ひる","うる","1990979847632662723"
"2025-11-19","1号店 アキバ絶対領域","ひる","える","1990979847632662723"
"2025-11-19","1号店 アキバ絶対領域","ひる","かすみ","1990979847632662723"
"2025-11-19","1号店 アキバ絶対領域","ひる","ひかり","1990979847632662723"
"2025-11-19","1号店 アキバ絶対領域","ひる","もも","1990979847632662723"
"2025-11-19","1号店 アキバ絶対領域","よる","うな","1991077981444309360"
"2025-11-19","1号店 アキバ絶対領域","よる","こがね","1991077981444309360"
"2025-11-19","1号店 アキバ絶対領域","よる","ちさと","1991077981444309360"
"2025-11-19","1号店 アキバ絶対領域","よる","みりあ","1991077981444309360"
"2025-11-19","1号店 アキバ絶対領域","よる","みりん","1991077981444309360"
"2025-11-19","3号店 +e","ひる","あくび","1990980611356700905"
"2025-11-19","3号店 +e","ひる","まこと","1990980611356700905"
"2025-11-19","3号店 +e","ひる","まふゆ","1990980611356700905"
"2025-11-19","3号店 +e","ひる","みりあ","1990980611356700905"
"2025-11-19","3号店 +e","ひる","みりん","1990980611356700905"
"2025-11-19","3号店 +e","よる","あいら","1991078507690987581"
"2025-11-19","3号店 +e","よる","あまめ","1991078507690987581"
"2025-11-19","3号店 +e","よる","あむ","1991078507690987581"
"2025-11-19","3号店 +e","よる","かなた","1991078507690987581"
"2025-11-19","3号店 +e","よる","そら","1991078507690987581"
"2025-11-19","3号店 +e","よる","まこと","1991078507690987581"
"2025-11-21","1号店 アキバ絶対領域","ひる","あむ","1991704948950855859"
"2025-11-21","1号店 アキバ絶対領域","ひる","きらり","1991704948950855859"
"2025-11-21","1号店 アキバ絶対領域","ひる","しょこら","1991704948950855859"
"2025-11-21","1号店 アキバ絶対領域","ひる","つくし","1991704948950855859"
"2025-11-21","1号店 アキバ絶対領域","ひる","みりん","1991704948950855859"
"2025-11-21","1号店 アキバ絶対領域","よる","あめる","1991804136413888818"
"2025-11-21","1号店 アキバ絶対領域","よる","しゃち","1991804136413888818"
"2025-11-21","1号店 アキバ絶対領域","よる","めろ","1991804136413888818"
"2025-11-21","2号店 A.D.1912","よる","あむ","1991792334665908620"
"2025-11-21","2号店 A.D.1912","よる","けだま","1991792334665908620"
"2025-11-21","2号店 A.D.1912","よる","つくし","1991792334665908620"
"2025-11-21","2号店 A.D.1912","よる","ばにら","1991792334665908620"
"2025-11-21","2号店 A.D.1912","よる","みりん","1991792334665908620"
"2025-11-21","2号店 A.D.1912","よる","もも","1991792334665908620"
"2025-11-21","4号店 A.D.2045","ひる","あめる","1991704878163665309"
"2025-11-21","4号店 A.D.2045","ひる","あらた","1991704878163665309"
"2025-11-21","4号店 A.D.2045","ひる","こまち","1991704878163665309"
"2025-11-22","1号店 アキバ絶対領域","ひる","うる","1992066917889446043"
"2025-11-22","1号店 アキバ絶対領域","ひる","しょこら","1992066917889446043"
"2025-11-22","1号店 アキバ絶対領域","ひる","すくい","1992066917889446043"
"2025-11-22","1号店 アキバ絶対領域","ひる","ちさと","1992066917889446043"
"2025-11-22","1号店 アキバ絶対領域","ひる","まこと","1992066917889446043"
"2025-11-22","1号店 アキバ絶対領域","ひる","みりあ","1992066917889446043"
"2025-11-22","1号店 アキバ絶対領域","ひる","めろ","1992066917889446043"
"2025-11-22","1号店 アキバ絶対領域","ひる","もも","1992066917889446043"
"2025-11-22","1号店 アキバ絶対領域","よる","あくび","1992161211946004966"
"2025-11-22","1号店 アキバ絶対領域","よる","あむ","1992161211946004966"
"2025-11-22","1号店 アキバ絶対領域","よる","あらた","1992161211946004966"
"2025-11-22","1号店 アキバ絶対領域","よる","まひろ","1992161211946004966"
"2025-11-22","1号店 アキバ絶対領域","よる","みぞれ","1992161211946004966"
"2025-11-22","3号店 +e","ひる","あめる","1992069755285680591"
"2025-11-22","3号店 +e","ひる","あらた","1992069755285680591"
"2025-11-22","3号店 +e","ひる","ありす","1992069755285680591"
"2025-11-22","3号店 +e","ひる","さぴ","1992069755285680591"
"2025-11-22","3号店 +e","ひる","のの","1992069755285680591"
"2025-11-22","3号店 +e","ひる","ひなり","1992069755285680591"
"2025-11-22","3号店 +e","ひる","みりん","1992069755285680591"
"2025-11-22","4号店 A.D.2045","よる","うる","1992144050057867292"
"2025-11-22","4号店 A.D.2045","よる","こえび","1992144050057867292"
"2025-11-22","4号店 A.D.2045","よる","ちさと","1992144050057867292"
"2025-11-23","1号店 アキバ絶対領域","ひる","こころ","1992428111636709779"
"2025-11-23","1号店 アキバ絶対領域","ひる","ねむり","1992428111636709779"
"2025-11-23","1号店 アキバ絶対領域","ひる","ひかり","1992428111636709779"
"2025-11-23","1号店 アキバ絶対領域","ひる","ふぁん","1992428111636709779"
"2025-11-23","1号店 アキバ絶対領域","ひる","まひろ","1992428111636709779"
"2025-11-23","1号店 アキバ絶対領域","ひる","もなか","1992428111636709779"
"2025-11-23","1号店 アキバ絶対領域","よる","あまめ","1992522565299077360"
"2025-11-23","1号店 アキバ絶対領域","よる","あめる","1992522565299077360"
"2025-11-23","1号店 アキバ絶対領域","よる","さぴ","1992522565299077360"
"2025-11-23","1号店 アキバ絶対領域","よる","ばにら","1992522565299077360"
"2025-11-23","1号店 アキバ絶対領域","よる","みぞれ","1992522565299077360"
"2025-11-23","1号店 アキバ絶対領域","よる","みりん","1992522565299077360"
"2025-11-23","1号店 アキバ絶対領域","よる","もも","1992522565299077360"
"2025-11-23","2号店 A.D.1912","ひる","あいら","1992429458146619719"
"2025-11-23","2号店 A.D.1912","ひる","あめる","1992429458146619719"
"2025-11-23","2号店 A.D.1912","ひる","うる","1992429458146619719"
"2025-11-23","2号店 A.D.1912","ひる","こえび","1992429458146619719"
"2025-11-23","2号店 A.D.1912","ひる","しゃち","1992429458146619719"
"2025-11-23","2号店 A.D.1912","ひる","そら","1992429458146619719"
"2025-11-23","2号店 A.D.1912","ひる","つくし","1992429458146619719"
"2025-11-24","1号店 アキバ絶対領域","ひる","こまち","1992791342729359859"
"2025-11-24","1号店 アキバ絶対領域","ひる","しょこら","1992791342729359859"
"2025-11-24","1号店 アキバ絶対領域","ひる","つむぎ","1992791342729359859"
"2025-11-24","1号店 アキバ絶対領域","ひる","ひなり","1992791342729359859"
"2025-11-24","1号店 アキバ絶対領域","ひる","みりあ","1992791342729359859"
"2025-11-24","1号店 アキバ絶対領域","よる","あまめ","1992890654045913223"
"2025-11-24","1号店 アキバ絶対領域","よる","ありす","1992890654045913223"
"2025-11-24","1号店 アキバ絶対領域","よる","こえび","1992890654045913223"
"2025-11-24","1号店 アキバ絶対領域","よる","ちさと","1992890654045913223"
"2025-11-24","1号店 アキバ絶対領域","よる","まこと","1992890654045913223"
"2025-11-24","1号店 アキバ絶対領域","よる","もなか","1992890654045913223"
"2025-11-24","3号店 +e","ひる","あむ","1992791523256328679"
"2025-11-24","3号店 +e","ひる","けだま","1992791523256328679"
"2025-11-24","3号店 +e","ひる","こえび","1992791523256328679"
"2025-11-24","3号店 +e","ひる","とば","1992791523256328679"
"2025-11-24","3号店 +e","ひる","のの","1992791523256328679"
"2025-11-24","3号店 +e","ひる","まこと","1992791523256328679"
"2025-11-24","3号店 +e","ひる","みぞれ","1992791523256328679"
"2025-11-25","1号店 アキバ絶対領域","ひる","あらた","1993153924715737174"
"2025-11-25","1号店 アキバ絶対領域","ひる","きらり","1993153924715737174"
"2025-11-25","1号店 アキバ絶対領域","ひる","ばにら","1993153924715737174"
"2025-11-25","1号店 アキバ絶対領域","ひる","ひかり","1993153924715737174"
"2025-11-25","1号店 アキバ絶対領域","ひる","まこと","1993153924715737174"
"2025-11-25","1号店 アキバ絶対領域","ひる","みぞれ","1993153924715737174"
"2025-11-25","1号店 アキバ絶対領域","ひる","みりあ","1993153924715737174"
"2025-11-25","1号店 アキバ絶対領域","ひる","もなか","1993153924715737174"
"2025-11-25","1号店 アキバ絶対領域","よる","あむ","1993249868790612261"
"2025-11-25","1号店 アキバ絶対領域","よる","あむ","1993249728293912925"
"2025-11-25","1号店 アキバ絶対領域","よる","うる","1993249868790612261"
"2025-11-25","1号店 アキバ絶対領域","よる","うる","1993249728293912925"
"2025-11-25","1号店 アキバ絶対領域","よる","しゃち","1993249728293912925"
"2025-11-25","1号店 アキバ絶対領域","よる","しゃち","1993249868790612261"
"2025-11-25","1号店 アキバ絶対領域","よる","すくい","1993249728293912925"
"2025-11-25","1号店 アキバ絶対領域","よる","すくい","1993249868790612261"
"2025-11-25","1号店 アキバ絶対領域","よる","ちさと","1993249868790612261"
"2025-11-25","1号店 アキバ絶対領域","よる","ちさと","1993249728293912925"
"2025-11-25","1号店 アキバ絶対領域","よる","ばにら","1993249868790612261"
"2025-11-25","1号店 アキバ絶対領域","よる","ばにら","1993249728293912925"
"2025-11-25","1号店 アキバ絶対領域","よる","ひかり","1993249728293912925"
"2025-11-25","1号店 アキバ絶対領域","よる","ひかり","1993249868790612261"
"2025-11-25","1号店 アキバ絶対領域","よる","まこと","1993249728293912925"
"2025-11-25","1号店 アキバ絶対領域","よる","まこと","1993249868790612261"
"2025-11-25","2号店 A.D.1912","よる","あくび","1993238105818907032"
"2025-11-25","2号店 A.D.1912","よる","あらた","1993238105818907032"
"2025-11-25","2号店 A.D.1912","よる","こえび","1993238105818907032"
"2025-11-25","2号店 A.D.1912","よる","そら","1993238105818907032"
"2025-11-25","2号店 A.D.1912","よる","のの","1993238105818907032"
"2025-11-25","2号店 A.D.1912","よる","みりあ","1993238105818907032"
"2025-11-25","4号店 A.D.2045","ひる","あめる","1993154758815965345"
"2025-11-25","4号店 A.D.2045","ひる","うる","1993154758815965345"
"2025-11-25","4号店 A.D.2045","ひる","えな","1993154758815965345"
"2025-11-25","4号店 A.D.2045","ひる","まふゆ","1993154758815965345"
"2025-11-26","1号店 アキバ絶対領域","ひる","ひなり","1993517396339154998"
"2025-11-26","1号店 アキバ絶対領域","ひる","まこと","1993517396339154998"
"2025-11-26","1号店 アキバ絶対領域","ひる","まふゆ","1993517396339154998"
"2025-11-26","1号店 アキバ絶対領域","ひる","みりあ","1993517396339154998"
"2025-11-26","1号店 アキバ絶対領域","ひる","もなか","1993517396339154998"
"2025-11-26","1号店 アキバ絶対領域","よる","しゃち","1993612958178644144"
"2025-11-26","1号店 アキバ絶対領域","よる","ふぁん","1993612958178644144"
"2025-11-26","1号店 アキバ絶対領域","よる","みりあ","1993612958178644144"
"2025-11-26","1号店 アキバ絶対領域","よる","みりん","1993612958178644144"
"2025-11-26","1号店 アキバ絶対領域","よる","もなか","1993612958178644144"
"2025-11-26","1号店 アキバ絶対領域","よる","ゆき","1993612958178644144"
"2025-11-26","3号店 +e","よる","あいら","1993627171148165570"
"2025-11-26","3号店 +e","よる","あむ","1993627171148165570"
"2025-11-26","3号店 +e","よる","うな","1993627171148165570"
"2025-11-26","3号店 +e","よる","うる","1993627171148165570"
"2025-11-26","3号店 +e","よる","かなた","1993627171148165570"
"2025-11-26","3号店 +e","よる","ひなり","1993627171148165570"
"2025-11-26","3号店 +e","よる","もも","1993627171148165570"
"2025-11-27","1号店 アキバ絶対領域","ひる","あめる","1993879227985535074"
"2025-11-27","1号店 アキバ絶対領域","ひる","こん","1993879227985535074"
"2025-11-27","1号店 アキバ絶対領域","ひる","しゃち","1993879227985535074"
"2025-11-27","1号店 アキバ絶対領域","ひる","ねむり","1993879227985535074"
"2025-11-27","1号店 アキバ絶対領域","ひる","のの","1993879227985535074"
"2025-11-27","1号店 アキバ絶対領域","ひる","まこと","1993879227985535074"
"2025-11-27","1号店 アキバ絶対領域","よる","あむ","1993975278822113738"
"2025-11-27","1号店 アキバ絶対領域","よる","あらた","1993975278822113738"
"2025-11-27","1号店 アキバ絶対領域","よる","かなた","1993975278822113738"
"2025-11-27","1号店 アキバ絶対領域","よる","しゃち","1993975278822113738"
"2025-11-27","1号店 アキバ絶対領域","よる","すくい","1993975278822113738"
"2025-11-27","1号店 アキバ絶対領域","よる","つむぎ","1993975278822113738"
"2025-11-27","2号店 A.D.1912","よる","あまめ","1993969308893106330"
"2025-11-27","2号店 A.D.1912","よる","そら","1993969308893106330"
"2025-11-27","2号店 A.D.1912","よる","ねむり","1993969308893106330"
"2025-11-27","2号店 A.D.1912","よる","ばにら","1993969308893106330"
"2025-11-27","2号店 A.D.1912","よる","ひかり","1993969308893106330"
"2025-11-27","2号店 A.D.1912","よる","みりん","1993969308893106330"
"2025-11-27","4号店 A.D.2045","ひる","あむ","1993878790888673563"
"2025-11-27","4号店 A.D.2045","ひる","あらた","1993878790888673563"
"2025-11-27","4号店 A.D.2045","ひる","える","1993878790888673563"
"2025-11-27","4号店 A.D.2045","ひる","まゆふ","1993878790888673563"
"2025-11-28","1号店 アキバ絶対領域","ひる","あいら","1994245578159440166"
"2025-11-28","1号店 アキバ絶対領域","ひる","うる","1994245578159440166"
"2025-11-28","1号店 アキバ絶対領域","ひる","しゃち","1994245578159440166"
"2025-11-28","1号店 アキバ絶対領域","ひる","とば","1994245578159440166"
"2025-11-28","1号店 アキバ絶対領域","ひる","みりあ","1994245578159440166"
"2025-11-28","1号店 アキバ絶対領域","よる","ひかり","1994325438013882790"
"2025-11-28","1号店 アキバ絶対領域","よる","ふぁん","1994325438013882790"
"2025-11-28","1号店 アキバ絶対領域","よる","まひろ","1994325438013882790"
"2025-11-28","1号店 アキバ絶対領域","よる","みりん","1994325438013882790"
"2025-11-28","1号店 アキバ絶対領域","よる","めろ","1994325438013882790"
"2025-11-28","4号店 A.D.2045","よる","あくび","1994325335652147605"
"2025-11-28","4号店 A.D.2045","よる","うる","1994325335652147605"
"2025-11-28","4号店 A.D.2045","よる","すくい","1994325335652147605"
"2025-11-28","4号店 A.D.2045","よる","みりあ","1994325335652147605"
"2025-11-28","4号店 A.D.2045","よる","ゆき","1994325335652147605"
"2025-11-29","1号店 アキバ絶対領域","ひる","える","1994603987837010115"
"2025-11-29","1号店 アキバ絶対領域","ひる","こころ","1994603987837010115"
"2025-11-29","1号店 アキバ絶対領域","ひる","しょこら","1994603987837010115"
"2025-11-29","1号店 アキバ絶対領域","ひる","すくい","1994603987837010115"
"2025-11-29","1号店 アキバ絶対領域","ひる","まこと","1994603987837010115"
"2025-11-29","1号店 アキバ絶対領域","ひる","みりあ","1994603987837010115"
"2025-11-29","1号店 アキバ絶対領域","ひる","めろ","1994603987837010115"
"2025-11-29","1号店 アキバ絶対領域","ひる","ゆき","1994603987837010115"
"2025-11-29","1号店 アキバ絶対領域","よる","あめる","1994702253853483189"
"2025-11-29","1号店 アキバ絶対領域","よる","える","1994702253853483189"
"2025-11-29","1号店 アキバ絶対領域","よる","すくい","1994702253853483189"
"2025-11-29","1号店 アキバ絶対領域","よる","ばにら","1994702253853483189"
"2025-11-29","1号店 アキバ絶対領域","よる","まふゆ","1994702253853483189"
"2025-11-29","1号店 アキバ絶対領域","よる","みりん","1994702253853483189"
"2025-11-29","3号店 +e","ひる","あめる","1994604158142595511"
"2025-11-29","3号店 +e","ひる","うる","1994604158142595511"
"2025-11-29","3号店 +e","ひる","のの","1994604158142595511"
"2025-11-29","3号店 +e","ひる","ひなり","1994604158142595511"
"2025-11-29","3号店 +e","ひる","まひろ","1994604158142595511"
"2025-11-29","3号店 +e","ひる","みぞれ","1994604158142595511"
"2025-11-29","3号店 +e","ひる","みりん","1994604158142595511"
"2025-11-29","3号店 +e","よる","あむ","1994690362036949443"
"2025-11-29","3号店 +e","よる","こえび","1994690362036949443"
"2025-11-29","3号店 +e","よる","まこと","1994690362036949443"
"2025-11-29","3号店 +e","よる","みぞれ","1994690362036949443"
"2025-11-29","3号店 +e","よる","もも","1994690362036949443"
"2025-11-30","1号店 アキバ絶対領域","ひる","あむ","1994969435564904810"
"2025-11-30","1号店 アキバ絶対領域","ひる","あらた","1994969435564904810"
"2025-11-30","1号店 アキバ絶対領域","ひる","うな","1994969435564904810"
"2025-11-30","1号店 アキバ絶対領域","ひる","こい","1994969435564904810"
"2025-11-30","1号店 アキバ絶対領域","ひる","こころ","1994969435564904810"
"2025-11-30","1号店 アキバ絶対領域","ひる","ひなり","1994969435564904810"
"2025-11-30","1号店 アキバ絶対領域","ひる","みぞれ","1994969435564904810"
"2025-11-30","1号店 アキバ絶対領域","よる","あむ","1995062155083993282"
"2025-11-30","1号店 アキバ絶対領域","よる","あらた","1995062155083993282"
"2025-11-30","1号店 アキバ絶対領域","よる","さぴ","1995062155083993282"
"2025-11-30","1号店 アキバ絶対領域","よる","ちさと","1995062155083993282"
"2025-11-30","1号店 アキバ絶対領域","よる","ふぁん","1995062155083993282"
"2025-11-30","1号店 アキバ絶対領域","よる","もなか","1995062155083993282"
"2025-11-30","1号店 アキバ絶対領域","よる","もも","1995062155083993282"
"2025-11-30","2号店 A.D.1912","ひる","あくび","1994966830340075602"
"2025-11-30","2号店 A.D.1912","ひる","あめる","1994966830340075602"
"2025-11-30","2号店 A.D.1912","ひる","かすみ","1994966830340075602"
"2025-11-30","2号店 A.D.1912","ひる","ちさと","1994966830340075602"
"2025-11-30","2号店 A.D.1912","ひる","つくし","1994966830340075602"
"2025-11-30","2号店 A.D.1912","ひる","まこと","1994966830340075602"
"2025-11-30","2号店 A.D.1912","よる","かなた","1995063463606096170"
"2025-11-30","2号店 A.D.1912","よる","ねむり","1995063463606096170"
"2025-11-30","2号店 A.D.1912","よる","ひなり","1995063463606096170"
"2025-11-30","2号店 A.D.1912","よる","まこと","1995063463606096170"
"2025-11-30","2号店 A.D.1912","よる","みりあ","1995063463606096170"
"2025-11-30","4号店 A.D.2045","ひる","こえび","1994969839795146764"
"2025-11-30","4号店 A.D.2045","ひる","こがね","1994969839795146764"
"2025-11-30","4号店 A.D.2045","ひる","こまち","1994969839795146764"
"2025-11-30","4号店 A.D.2045","ひる","みりあ","1994969839795146764"
"2025-12-01","1号店 アキバ絶対領域","ひる","あめる","1995327474138554480"
"2025-12-01","1号店 アキバ絶対領域","ひる","さぴ","1995327474138554480"
"2025-12-01","1号店 アキバ絶対領域","ひる","なのた","1995327474138554480"
"2025-12-01","1号店 アキバ絶対領域","ひる","もなか","1995327474138554480"
"2025-12-01","1号店 アキバ絶対領域","よる","あいら","1995419297360027711"
"2025-12-01","1号店 アキバ絶対領域","よる","うる","1995419297360027711"
"2025-12-01","1号店 アキバ絶対領域","よる","こまち","1995419297360027711"
"2025-12-01","1号店 アキバ絶対領域","よる","さぴ","1995419297360027711"
"2025-12-01","1号店 アキバ絶対領域","よる","しゃち","1995419297360027711"
"2025-12-01","1号店 アキバ絶対領域","よる","ひかり","1995419297360027711"
"2025-12-01","1号店 アキバ絶対領域","よる","めろ","1995419297360027711"
"2025-12-01","2号店 A.D.1912","ひる","あむ","1995334185402454141"
"2025-12-01","2号店 A.D.1912","ひる","うる","1995334185402454141"
"2025-12-01","2号店 A.D.1912","ひる","こん","1995334185402454141"
"2025-12-01","2号店 A.D.1912","ひる","しゃち","1995334185402454141"
"2025-12-02","1号店 アキバ絶対領域","ひる","あらた","1995690292964679847"
"2025-12-02","1号店 アキバ絶対領域","ひる","きらり","1995690292964679847"
"2025-12-02","1号店 アキバ絶対領域","ひる","こころ","1995690292964679847"
"2025-12-02","1号店 アキバ絶対領域","ひる","はぴる","1995690292964679847"
"2025-12-02","1号店 アキバ絶対領域","ひる","もなか","1995690292964679847"
"2025-12-02","1号店 アキバ絶対領域","よる","しゃち","1995776694263894221"
"2025-12-02","1号店 アキバ絶対領域","よる","そら","1995776694263894221"
"2025-12-02","1号店 アキバ絶対領域","よる","ひかり","1995776694263894221"
"2025-12-02","1号店 アキバ絶対領域","よる","まこと","1995776694263894221"
"2025-12-02","3号店 +e","よる","あくび","1995784787265814661"
"2025-12-02","3号店 +e","よる","あらた","1995784787265814661"
"2025-12-02","3号店 +e","よる","つむぎ","1995784787265814661"
"2025-12-02","3号店 +e","よる","はぴる","1995784787265814661"
"2025-12-02","3号店 +e","よる","もなか","1995784787265814661"
"2025-12-02","4号店 A.D.2045","ひる","える","1995690581222457822"
"2025-12-02","4号店 A.D.2045","ひる","ばにら","1995690581222457822"
"2025-12-02","4号店 A.D.2045","ひる","まこと","1995690581222457822"
"2025-12-02","4号店 A.D.2045","ひる","みりあ","1995690581222457822"
"2025-12-03","1号店 アキバ絶対領域","ひる","あいら","1996053088072073270"
"2025-12-03","1号店 アキバ絶対領域","ひる","あむ","1996053088072073270"
"2025-12-03","1号店 アキバ絶対領域","ひる","うる","1996053088072073270"
"2025-12-03","1号店 アキバ絶対領域","ひる","とば","1996053088072073270"
"2025-12-03","1号店 アキバ絶対領域","ひる","もなか","1996053088072073270"
"2025-12-03","1号店 アキバ絶対領域","よる","うな","1996146226660823289"
"2025-12-03","1号店 アキバ絶対領域","よる","さぴ","1996146226660823289"
"2025-12-03","1号店 アキバ絶対領域","よる","そら","1996146226660823289"
"2025-12-03","1号店 アキバ絶対領域","よる","ちさと","1996146226660823289"
"2025-12-03","1号店 アキバ絶対領域","よる","みりあ","1996146226660823289"
"2025-12-03","1号店 アキバ絶対領域","よる","みりん","1996146226660823289"
"2025-12-03","3号店 +e","よる","あまめ","1996155673122632168"
"2025-12-03","3号店 +e","よる","あむ","1996155673122632168"
"2025-12-03","3号店 +e","よる","あめる","1996155673122632168"
"2025-12-03","3号店 +e","よる","うる","1996155673122632168"
"2025-12-03","3号店 +e","よる","えな","1996155673122632168"
"2025-12-03","3号店 +e","よる","すくい","1996155673122632168"
"2025-12-03","3号店 +e","よる","ひなり","1996155673122632168"
"2025-12-03","3号店 +e","よる","まこと","1996155673122632168"
"2025-12-03","4号店 A.D.2045","ひる","あらた","1996053307987820916"
"2025-12-03","4号店 A.D.2045","ひる","さぴ","1996053307987820916"
"2025-12-03","4号店 A.D.2045","ひる","みりあ","1996053307987820916"
"2025-12-04","1号店 アキバ絶対領域","ひる","あいら","1996414900831387859"
"2025-12-04","1号店 アキバ絶対領域","ひる","こまち","1996414900831387859"
"2025-12-04","1号店 アキバ絶対領域","ひる","こん","1996414900831387859"
"2025-12-04","1号店 アキバ絶対領域","ひる","はぴる","1996414900831387859"
"2025-12-04","1号店 アキバ絶対領域","ひる","まこと","1996414900831387859"
"2025-12-04","1号店 アキバ絶対領域","ひる","みりあ","1996414900831387859"
"2025-12-04","1号店 アキバ絶対領域","よる","あまめ","1996517996798586988"
"2025-12-04","1号店 アキバ絶対領域","よる","あむ","1996517996798586988"
"2025-12-04","1号店 アキバ絶対領域","よる","すくい","1996517996798586988"
"2025-12-04","1号店 アキバ絶対領域","よる","そら","1996517996798586988"
"2025-12-04","1号店 アキバ絶対領域","よる","はぴる","1996517996798586988"
"2025-12-04","1号店 アキバ絶対領域","よる","みりん","1996517996798586988"
"2025-12-04","2号店 A.D.1912","よる","あめる","1996515298367922339"
"2025-12-04","2号店 A.D.1912","よる","ありす","1996515298367922339"
"2025-12-04","2号店 A.D.1912","よる","けだま","1996515298367922339"
"2025-12-04","2号店 A.D.1912","よる","しゃち","1996515298367922339"
"2025-12-04","2号店 A.D.1912","よる","ばにら","1996515298367922339"
"2025-12-04","2号店 A.D.1912","よる","まこと","1996515298367922339"
"2025-12-05","1号店 アキバ絶対領域","ひる","あらた","1996780116173901896"
"2025-12-05","1号店 アキバ絶対領域","ひる","える","1996780116173901896"
"2025-12-05","1号店 アキバ絶対領域","ひる","きらり","1996780116173901896"
"2025-12-05","1号店 アキバ絶対領域","ひる","しゃち","1996780116173901896"
"2025-12-05","1号店 アキバ絶対領域","ひる","とば","1996780116173901896"
"2025-12-05","1号店 アキバ絶対領域","ひる","みりあ","1996780116173901896"
"2025-12-05","1号店 アキバ絶対領域","よる","あむ","1996865764608098742"
"2025-12-05","1号店 アキバ絶対領域","よる","うな","1996865764608098742"
"2025-12-05","1号店 アキバ絶対領域","よる","きらり","1996865764608098742"
"2025-12-05","1号店 アキバ絶対領域","よる","なのた","1996865764608098742"
"2025-12-05","1号店 アキバ絶対領域","よる","みりん","1996865764608098742"
"2025-12-05","4号店 A.D.2045","ひる","あめる","1996777958963663077"
"2025-12-05","4号店 A.D.2045","ひる","うる","1996777958963663077"
"2025-12-05","4号店 A.D.2045","ひる","こまち","1996777958963663077"
"2025-12-05","4号店 A.D.2045","ひる","ねむり","1996777958963663077"
"2025-12-05","4号店 A.D.2045","ひる","みりん","1996777958963663077"
"2025-12-05","4号店 A.D.2045","よる","える","1996872215430934752"
"2025-12-05","4号店 A.D.2045","よる","ばにら","1996872215430934752"
"2025-12-05","4号店 A.D.2045","よる","まこと","1996872215430934752"
"2025-12-05","4号店 A.D.2045","よる","みりあ","1996872215430934752"
"2025-12-06","1号店 アキバ絶対領域","ひる","あめる","1997144424976208035"
"2025-12-06","1号店 アキバ絶対領域","ひる","うる","1997144424976208035"
"2025-12-06","1号店 アキバ絶対領域","ひる","かなた","1997144424976208035"
"2025-12-06","1号店 アキバ絶対領域","ひる","きらり","1997144424976208035"
"2025-12-06","1号店 アキバ絶対領域","ひる","こん","1997144424976208035"
"2025-12-06","1号店 アキバ絶対領域","ひる","すくい","1997144424976208035"
"2025-12-06","1号店 アキバ絶対領域","ひる","のの","1997144424976208035"
"2025-12-06","1号店 アキバ絶対領域","ひる","まのん","1997144424976208035"
"2025-12-06","1号店 アキバ絶対領域","よる","あくび","1997234912391557320"
"2025-12-06","1号店 アキバ絶対領域","よる","あむ","1997234912391557320"
"2025-12-06","1号店 アキバ絶対領域","よる","あらた","1997234912391557320"
"2025-12-06","1号店 アキバ絶対領域","よる","こえび","1997234912391557320"
"2025-12-06","1号店 アキバ絶対領域","よる","こがね","1997234912391557320"
"2025-12-06","1号店 アキバ絶対領域","よる","つくし","1997234912391557320"
"2025-12-06","1号店 アキバ絶対領域","よる","みえる","1997234912391557320"
"2025-12-06","3号店 +e","ひる","あむ","1997140652602397092"
"2025-12-06","3号店 +e","ひる","あらた","1997140652602397092"
"2025-12-06","3号店 +e","ひる","かすみ","1997140652602397092"
"2025-12-06","3号店 +e","ひる","けだま","1997140652602397092"
"2025-12-06","3号店 +e","ひる","つむぎ","1997140652602397092"
"2025-12-06","3号店 +e","ひる","ひなり","1997140652602397092"
"2025-12-06","3号店 +e","ひる","まひろ","1997140652602397092"
"2025-12-06","3号店 +e","ひる","みぞれ","1997140652602397092"
"2025-12-06","3号店 +e","よる","あめる","1997234970109321379"
"2025-12-06","3号店 +e","よる","ありす","1997234970109321379"
"2025-12-06","3号店 +e","よる","うる","1997234970109321379"
"2025-12-06","3号店 +e","よる","さぴ","1997234970109321379"
"2025-12-06","3号店 +e","よる","ばにら","1997234970109321379"
"2025-12-06","3号店 +e","よる","みぞれ","1997234970109321379"
"2025-12-07","1号店 アキバ絶対領域","ひる","けだま","1997502218237517912"
"2025-12-07","1号店 アキバ絶対領域","ひる","こい","1997502218237517912"
"2025-12-07","1号店 アキバ絶対領域","ひる","こまち","1997502218237517912"
"2025-12-07","1号店 アキバ絶対領域","ひる","とば","1997502218237517912"
"2025-12-07","1号店 アキバ絶対領域","ひる","ひなり","1997502218237517912"
"2025-12-07","1号店 アキバ絶対領域","ひる","まこと","1997502218237517912"
"2025-12-07","1号店 アキバ絶対領域","ひる","みりあ","1997502218237517912"
"2025-12-07","2号店 A.D.1912","ひる","うる","1997501235059130698"
"2025-12-07","2号店 A.D.1912","ひる","かなた","1997501235059130698"
"2025-12-07","2号店 A.D.1912","ひる","こがね","1997501235059130698"
"2025-12-07","2号店 A.D.1912","ひる","こころ","1997501235059130698"
"2025-12-07","2号店 A.D.1912","ひる","つくし","1997501235059130698"
"2025-12-07","2号店 A.D.1912","ひる","のの","1997501235059130698"
"2025-12-07","2号店 A.D.1912","ひる","ひかり","1997501235059130698"
"2025-12-07","2号店 A.D.1912","ひる","みぞれ","1997501235059130698"
"2025-12-08","1号店 アキバ絶対領域","ひる","あめる","1997868406901772548"
"2025-12-08","1号店 アキバ絶対領域","ひる","こん","1997868406901772548"
"2025-12-08","1号店 アキバ絶対領域","ひる","しゃち","1997868406901772548"
"2025-12-08","1号店 アキバ絶対領域","ひる","まこと","1997868406901772548"
"2025-12-08","1号店 アキバ絶対領域","ひる","みりあ","1997868406901772548"
"2025-12-08","1号店 アキバ絶対領域","よる","こまち","1997956295002140887"
"2025-12-08","1号店 アキバ絶対領域","よる","はぴる","1997956295002140887"
"2025-12-08","1号店 アキバ絶対領域","よる","もなか","1997956295002140887"
"2025-12-08","3号店 +e","よる","あめる","1997950000706551992"
"2025-12-08","3号店 +e","よる","しょこら","1997950000706551992"
"2025-12-08","3号店 +e","よる","つむぎ","1997950000706551992"
"2025-12-08","3号店 +e","よる","ばにら","1997950000706551992"
"2025-12-08","3号店 +e","よる","まこと","1997950000706551992"
"2025-12-08","4号店 A.D.2045","ひる","ありす","1997870103829070073"
"2025-12-08","4号店 A.D.2045","ひる","はぴる","1997870103829070073"
"2025-12-08","4号店 A.D.2045","ひる","もなか","1997870103829070073"
"2025-12-09","1号店 アキバ絶対領域","ひる","うる","1998228736056197620"
"2025-12-09","1号店 アキバ絶対領域","ひる","こころ","1998228736056197620"
"2025-12-09","1号店 アキバ絶対領域","ひる","しゃち","1998228736056197620"
"2025-12-09","1号店 アキバ絶対領域","ひる","みりあ","1998228736056197620"
"2025-12-09","1号店 アキバ絶対領域","ひる","もなか","1998228736056197620"
"2025-12-09","1号店 アキバ絶対領域","よる","あめる","1998319800066404518"
"2025-12-09","1号店 アキバ絶対領域","よる","しゃち","1998319800066404518"
"2025-12-09","1号店 アキバ絶対領域","よる","はぴる","1998319800066404518"
"2025-12-09","1号店 アキバ絶対領域","よる","まこと","1998319800066404518"
"2025-12-09","1号店 アキバ絶対領域","よる","まのん","1998319800066404518"
"2025-12-09","3号店 +e","ひる","あいら","1998230985608175966"
"2025-12-09","3号店 +e","ひる","あむ","1998230985608175966"
"2025-12-09","3号店 +e","ひる","あらた","1998230985608175966"
"2025-12-09","3号店 +e","ひる","とば","1998230985608175966"
"2025-12-09","3号店 +e","ひる","はぴる","1998230985608175966"
"2025-12-09","4号店 A.D.2045","よる","うる","1998311950716166182"
"2025-12-09","4号店 A.D.2045","よる","こえび","1998311950716166182"
"2025-12-09","4号店 A.D.2045","よる","そら","1998311950716166182"
"2025-12-09","4号店 A.D.2045","よる","みりあ","1998311950716166182"
"2025-12-10","1号店 アキバ絶対領域","ひる","みりあ","1998589373001187528"
"2025-12-10","1号店 アキバ絶対領域","ひる","みりん","1998589373001187528"
"2025-12-10","1号店 アキバ絶対領域","ひる","もなか","1998589373001187528"
"2025-12-10","1号店 アキバ絶対領域","よる","うる","1998677334203764806"
"2025-12-10","1号店 アキバ絶対領域","よる","こまち","1998677334203764806"
"2025-12-10","1号店 アキバ絶対領域","よる","しゃち","1998677334203764806"
"2025-12-10","1号店 アキバ絶対領域","よる","のの","1998677334203764806"
"2025-12-10","1号店 アキバ絶対領域","よる","ばにら","1998677334203764806"
"2025-12-10","1号店 アキバ絶対領域","よる","ひかり","1998677334203764806"
"2025-12-10","1号店 アキバ絶対領域","よる","ふぁん","1998677334203764806"
"2025-12-10","1号店 アキバ絶対領域","よる","みりん","1998677334203764806"
"2025-12-10","2号店 A.D.1912","よる","あいら","1998680384587125046"
"2025-12-10","2号店 A.D.1912","よる","あむ","1998680384587125046"
"2025-12-10","2号店 A.D.1912","よる","うな","1998680384587125046"
"2025-12-10","2号店 A.D.1912","よる","かなた","1998680384587125046"
"2025-12-10","2号店 A.D.1912","よる","こがね","1998680384587125046"
"2025-12-10","2号店 A.D.1912","よる","まこと","1998680384587125046"
"2025-12-11","1号店 アキバ絶対領域","ひる","あめる","1998952234030346374"
"2025-12-11","1号店 アキバ絶対領域","ひる","あらた","1998952234030346374"
"2025-12-11","1号店 アキバ絶対領域","ひる","える","1998952234030346374"
"2025-12-11","1号店 アキバ絶対領域","ひる","かすみ","1998952234030346374"
"2025-12-11","1号店 アキバ絶対領域","ひる","こころ","1998952234030346374"
"2025-12-11","1号店 アキバ絶対領域","ひる","こん","1998952234030346374"
"2025-12-11","1号店 アキバ絶対領域","よる","あむ","1999044105121460384"
"2025-12-11","1号店 アキバ絶対領域","よる","うる","1999044105121460384"
"2025-12-11","1号店 アキバ絶対領域","よる","かなた","1999044105121460384"
"2025-12-11","1号店 アキバ絶対領域","よる","ちさと","1999044105121460384"
"2025-12-11","1号店 アキバ絶対領域","よる","つむぎ","1999044105121460384"
"2025-12-11","4号店 A.D.2045","よる","あまめ","1999038326804988257"
"2025-12-11","4号店 A.D.2045","よる","あめる","1999038326804988257"
"2025-12-11","4号店 A.D.2045","よる","あらた","1999038326804988257"
"2025-12-11","4号店 A.D.2045","よる","こまち","1999038326804988257"
"2025-12-11","4号店 A.D.2045","よる","みりん","1999038326804988257"
"2025-12-12","1号店 アキバ絶対領域","ひる","こい","1999314452592972105"
"2025-12-12","1号店 アキバ絶対領域","ひる","つくし","1999314452592972105"
"2025-12-12","1号店 アキバ絶対領域","ひる","ひなり","1999314452592972105"
"2025-12-12","1号店 アキバ絶対領域","ひる","みりあ","1999314452592972105"
"2025-12-12","1号店 アキバ絶対領域","ひる","みりん","1999314452592972105"
"2025-12-12","1号店 アキバ絶対領域","ひる","もなか","1999314452592972105"
"2025-12-12","1号店 アキバ絶対領域","よる","あむ","1999393014394028128"
"2025-12-12","1号店 アキバ絶対領域","よる","こまち","1999393014394028128"
"2025-12-12","1号店 アキバ絶対領域","よる","しゃち","1999393014394028128"
"2025-12-12","1号店 アキバ絶対領域","よる","ねむり","1999393014394028128"
"2025-12-12","1号店 アキバ絶対領域","よる","のの","1999393014394028128"
"2025-12-12","1号店 アキバ絶対領域","よる","ばにら","1999393014394028128"
"2025-12-12","1号店 アキバ絶対領域","よる","まこと","1999393014394028128"
"2025-12-12","3号店 +e","よる","あいら","1999393758362910996"
"2025-12-12","3号店 +e","よる","あくび","1999393758362910996"
"2025-12-12","3号店 +e","よる","あめる","1999393758362910996"
"2025-12-12","3号店 +e","よる","うな","1999393758362910996"
"2025-12-12","3号店 +e","よる","みえる","1999393758362910996"
"2025-12-12","3号店 +e","よる","みりん","1999393758362910996"
"2025-12-13","1号店 アキバ絶対領域","ひる","あらた","1999678984679006582"
"2025-12-13","1号店 アキバ絶対領域","ひる","しょこら","1999678984679006582"
"2025-12-13","1号店 アキバ絶対領域","ひる","つむぎ","1999678984679006582"
"2025-12-13","1号店 アキバ絶対領域","ひる","ひなり","1999678984679006582"
"2025-12-13","1号店 アキバ絶対領域","ひる","ふぁん","1999678984679006582"
"2025-12-13","1号店 アキバ絶対領域","ひる","まのん","1999678984679006582"
"2025-12-13","1号店 アキバ絶対領域","ひる","みりあ","1999678984679006582"
"2025-12-13","1号店 アキバ絶対領域","よる","あめる","1999769742828343520"
"2025-12-13","1号店 アキバ絶対領域","よる","あらた","1999769742828343520"
"2025-12-13","1号店 アキバ絶対領域","よる","こえび","1999769742828343520"
"2025-12-13","1号店 アキバ絶対領域","よる","さぴ","1999769742828343520"
"2025-12-13","1号店 アキバ絶対領域","よる","つくし","1999769742828343520"
"2025-12-13","1号店 アキバ絶対領域","よる","みりん","1999769742828343520"
"2025-12-13","2号店 A.D.1912","ひる","あめる","1999682070512324631"
"2025-12-13","2号店 A.D.1912","ひる","うる","1999682070512324631"
"2025-12-13","2号店 A.D.1912","ひる","かすみ","1999682070512324631"
"2025-12-13","2号店 A.D.1912","ひる","つくし","1999682070512324631"
"2025-12-13","2号店 A.D.1912","ひる","のの","1999682070512324631"
"2025-12-13","4号店 A.D.2045","ひる","こい","1999682838275457062"
"2025-12-13","4号店 A.D.2045","ひる","さぴ","1999682838275457062"
"2025-12-13","4号店 A.D.2045","ひる","ちさと","1999682838275457062"
"2025-12-13","4号店 A.D.2045","ひる","まこと","1999682838275457062"
"2025-12-13","4号店 A.D.2045","よる","ありす","1999754654863991206"
"2025-12-13","4号店 A.D.2045","よる","うる","1999754654863991206"
"2025-12-13","4号店 A.D.2045","よる","ねむり","1999754654863991206"
"2025-12-13","4号店 A.D.2045","よる","ひかり","1999754654863991206"
"2025-12-14","1号店 アキバ絶対領域","ひる","える","2000039619988275578"
"2025-12-14","1号店 アキバ絶対領域","ひる","つくし","2000039619988275578"
"2025-12-14","1号店 アキバ絶対領域","ひる","のの","2000039619988275578"
"2025-12-14","1号店 アキバ絶対領域","ひる","ひかり","2000039619988275578"
"2025-12-14","1号店 アキバ絶対領域","ひる","みりん","2000039619988275578"
"2025-12-14","1号店 アキバ絶対領域","ひる","めろ","2000039619988275578"
"2025-12-14","1号店 アキバ絶対領域","よる","える","2000141276315086860"
"2025-12-14","1号店 アキバ絶対領域","よる","かなた","2000141276315086860"
"2025-12-14","1号店 アキバ絶対領域","よる","けだま","2000141276315086860"
"2025-12-14","1号店 アキバ絶対領域","よる","しゃち","2000141276315086860"
"2025-12-14","1号店 アキバ絶対領域","よる","まこと","2000141276315086860"
"2025-12-14","1号店 アキバ絶対領域","よる","みりあ","2000141276315086860"
"2025-12-14","1号店 アキバ絶対領域","よる","もなか","2000141276315086860"
"2025-12-14","3号店 +e","ひる","あくび","2000043036785742001"
"2025-12-14","3号店 +e","ひる","ありす","2000043036785742001"
"2025-12-14","3号店 +e","ひる","こい","2000043036785742001"
"2025-12-14","3号店 +e","ひる","こえび","2000043036785742001"
"2025-12-14","3号店 +e","ひる","こころ","2000043036785742001"
"2025-12-14","3号店 +e","ひる","さぴ","2000043036785742001"
"2025-12-14","3号店 +e","ひる","まこと","2000043036785742001"
"2025-12-14","3号店 +e","ひる","みりあ","2000043036785742001"
"2025-12-15","1号店 アキバ絶対領域","ひる","あいら","2000402114657624525"
"2025-12-15","1号店 アキバ絶対領域","ひる","あめる","2000402114657624525"
"2025-12-15","1号店 アキバ絶対領域","ひる","あらた","2000402114657624525"
"2025-12-15","1号店 アキバ絶対領域","ひる","こん","2000402114657624525"
"2025-12-15","1号店 アキバ絶対領域","ひる","ひかり","2000402114657624525"
"2025-12-15","1号店 アキバ絶対領域","よる","あめる","2000488660953891206"
"2025-12-15","1号店 アキバ絶対領域","よる","うる","2000488660953891206"
"2025-12-15","1号店 アキバ絶対領域","よる","つむぎ","2000488660953891206"
"2025-12-15","1号店 アキバ絶対領域","よる","ひかり","2000488660953891206"
"2025-12-15","1号店 アキバ絶対領域","よる","もなか","2000488660953891206"
"2025-12-16","1号店 アキバ絶対領域","ひる","あめる","2000766229779505355"
"2025-12-16","1号店 アキバ絶対領域","ひる","みりあ","2000766229779505355"
"2025-12-16","1号店 アキバ絶対領域","ひる","もなか","2000766229779505355"
"2025-12-16","1号店 アキバ絶対領域","ひる","るるか","2000766229779505355"
"2025-12-16","1号店 アキバ絶対領域","よる","あむ","2000856326529048937"
"2025-12-16","1号店 アキバ絶対領域","よる","あらた","2000856326529048937"
"2025-12-16","1号店 アキバ絶対領域","よる","きらり","2000856326529048937"
"2025-12-16","1号店 アキバ絶対領域","よる","しゃち","2000856326529048937"
"2025-12-16","1号店 アキバ絶対領域","よる","まのん","2000856326529048937"
"2025-12-16","1号店 アキバ絶対領域","よる","まよ","2000856326529048937"
"2025-12-16","1号店 アキバ絶対領域","よる","もなか","2000856326529048937"
"2025-12-16","2号店 A.D.1912","ひる","あむ","2000769114521133561"
"2025-12-16","2号店 A.D.1912","ひる","あらた","2000769114521133561"
"2025-12-16","2号店 A.D.1912","ひる","まひろ","2000769114521133561"
"2025-12-16","2号店 A.D.1912","ひる","まふゆ","2000769114521133561"
"2025-12-16","2号店 A.D.1912","ひる","みぞれ","2000769114521133561"
"2025-12-16","4号店 A.D.2045","よる","こえび","2000842807163150624"
"2025-12-16","4号店 A.D.2045","よる","ばにら","2000842807163150624"
"2025-12-16","4号店 A.D.2045","よる","ひかり","2000842807163150624"
"2025-12-17","1号店 アキバ絶対領域","ひる","あらた","2001126640924156112"
"2025-12-17","1号店 アキバ絶対領域","ひる","しゃち","2001126640924156112"
"2025-12-17","1号店 アキバ絶対領域","ひる","まふゆ","2001126640924156112"
"2025-12-17","1号店 アキバ絶対領域","ひる","みりあ","2001126640924156112"
"2025-12-17","1号店 アキバ絶対領域","ひる","るるか","2001126640924156112"
"2025-12-17","1号店 アキバ絶対領域","よる","うな","2001223939931222398"
"2025-12-17","1号店 アキバ絶対領域","よる","こん","2001223939931222398"
"2025-12-17","1号店 アキバ絶対領域","よる","ちさと","2001223939931222398"
"2025-12-17","1号店 アキバ絶対領域","よる","みえる","2001223939931222398"
"2025-12-17","1号店 アキバ絶対領域","よる","みりあ","2001223939931222398"
"2025-12-17","1号店 アキバ絶対領域","よる","みりん","2001223939931222398"
"2025-12-17","3号店 +e","ひる","あいら","2001127059368915281"
"2025-12-17","3号店 +e","ひる","あめる","2001127059368915281"
"2025-12-17","3号店 +e","ひる","うる","2001127059368915281"
"2025-12-17","3号店 +e","ひる","さぴ","2001127059368915281"
"2025-12-17","3号店 +e","ひる","ひなり","2001127059368915281"
"2025-12-18","1号店 アキバ絶対領域","ひる","あらた","2001489794459992325"
"2025-12-18","1号店 アキバ絶対領域","ひる","えな","2001489794459992325"
"2025-12-18","1号店 アキバ絶対領域","ひる","える","2001489794459992325"
"2025-12-18","1号店 アキバ絶対領域","ひる","こえび","2001489794459992325"
"2025-12-18","1号店 アキバ絶対領域","ひる","はぴる","2001489794459992325"
"2025-12-18","1号店 アキバ絶対領域","ひる","みりあ","2001489794459992325"
"2025-12-18","1号店 アキバ絶対領域","よる","あむ","2001583136908677223"
"2025-12-18","1号店 アキバ絶対領域","よる","すい","2001583136908677223"
"2025-12-18","1号店 アキバ絶対領域","よる","すくい","2001583136908677223"
"2025-12-18","1号店 アキバ絶対領域","よる","まこと","2001583136908677223"
"2025-12-18","1号店 アキバ絶対領域","よる","まひろ","2001583136908677223"
"2025-12-18","1号店 アキバ絶対領域","よる","まふゆ","2001583136908677223"
"2025-12-18","3号店 +e","ひる","あむ","2001488684412211341"
"2025-12-18","3号店 +e","ひる","ねむり","2001488684412211341"
"2025-12-18","3号店 +e","ひる","ばにら","2001488684412211341"
"2025-12-18","3号店 +e","ひる","まこと","2001488684412211341"
"2025-12-18","3号店 +e","ひる","るるか","2001488684412211341"
"2025-12-18","4号店 A.D.2045","よる","える","2001573792783700099"
"2025-12-18","4号店 A.D.2045","よる","こえび","2001573792783700099"
"2025-12-18","4号店 A.D.2045","よる","はぴる","2001573792783700099"
"2025-12-18","4号店 A.D.2045","よる","みりん","2001573792783700099"
"2025-12-19","1号店 アキバ絶対領域","ひる","あめる","2001850819130593314"
"2025-12-19","1号店 アキバ絶対領域","ひる","こい","2001850819130593314"
"2025-12-19","1号店 アキバ絶対領域","ひる","しゃち","2001850819130593314"
"2025-12-19","1号店 アキバ絶対領域","ひる","ひなり","2001850819130593314"
"2025-12-19","1号店 アキバ絶対領域","ひる","みりん","2001850819130593314"
"2025-12-19","1号店 アキバ絶対領域","よる","うな","2001948194591359473"
"2025-12-19","1号店 アキバ絶対領域","よる","うる","2001948194591359473"
"2025-12-19","1号店 アキバ絶対領域","よる","はぴる","2001948194591359473"
"2025-12-19","1号店 アキバ絶対領域","よる","ひなり","2001948194591359473"
"2025-12-19","1号店 アキバ絶対領域","よる","まよ","2001948194591359473"
"2025-12-19","2号店 A.D.1912","ひる","あくび","2001851045807591532"
"2025-12-19","2号店 A.D.1912","ひる","うる","2001851045807591532"
"2025-12-19","2号店 A.D.1912","ひる","こころ","2001851045807591532"
"2025-12-19","2号店 A.D.1912","ひる","ねむり","2001851045807591532"
"2025-12-19","2号店 A.D.1912","ひる","はぴる","2001851045807591532"
"2025-12-20","1号店 アキバ絶対領域","ひる","うる","2002214325705159145"
"2025-12-20","1号店 アキバ絶対領域","ひる","こがね","2002214325705159145"
"2025-12-20","1号店 アキバ絶対領域","ひる","しゃち","2002214325705159145"
"2025-12-20","1号店 アキバ絶対領域","ひる","しょこら","2002214325705159145"
"2025-12-20","1号店 アキバ絶対領域","ひる","ばにら","2002214325705159145"
"2025-12-20","1号店 アキバ絶対領域","ひる","ふぁん","2002214325705159145"
"2025-12-20","1号店 アキバ絶対領域","ひる","みりあ","2002214325705159145"
"2025-12-20","1号店 アキバ絶対領域","ひる","みりん","2002214325705159145"
"2025-12-20","1号店 アキバ絶対領域","よる","あまめ","2002306810217377886"
"2025-12-20","1号店 アキバ絶対領域","よる","うな","2002306810217377886"
"2025-12-20","1号店 アキバ絶対領域","よる","すい","2002306810217377886"
"2025-12-20","1号店 アキバ絶対領域","よる","ひかり","2002306810217377886"
"2025-12-20","1号店 アキバ絶対領域","よる","まこと","2002306810217377886"
"2025-12-20","2号店 A.D.1912","ひる","あめる","2002214922122637428"
"2025-12-20","2号店 A.D.1912","ひる","うな","2002214922122637428"
"2025-12-20","2号店 A.D.1912","ひる","かなた","2002214922122637428"
"2025-12-20","2号店 A.D.1912","ひる","こころ","2002214922122637428"
"2025-12-20","2号店 A.D.1912","ひる","こん","2002214922122637428"
"2025-12-20","2号店 A.D.1912","ひる","のの","2002214922122637428"
"2025-12-20","2号店 A.D.1912","ひる","まこと","2002214922122637428"
"2025-12-20","2号店 A.D.1912","ひる","みぞれ","2002214922122637428"
"2025-12-20","4号店 A.D.2045","よる","まひろ","2002293160551329873"
"2025-12-20","4号店 A.D.2045","よる","みえる","2002293160551329873"
"2025-12-20","4号店 A.D.2045","よる","みりあ","2002293160551329873"
"2025-12-20","4号店 A.D.2045","よる","みりん","2002293160551329873"
"2025-12-21","1号店 アキバ絶対領域","ひる","うな","2002575652738994477"
"2025-12-21","1号店 アキバ絶対領域","ひる","こがね","2002575652738994477"
"2025-12-21","1号店 アキバ絶対領域","ひる","ねむり","2002575652738994477"
"2025-12-21","1号店 アキバ絶対領域","ひる","ひなり","2002575652738994477"
"2025-12-21","1号店 アキバ絶対領域","ひる","まこと","2002575652738994477"
"2025-12-21","1号店 アキバ絶対領域","ひる","まのん","2002575652738994477"
"2025-12-21","1号店 アキバ絶対領域","ひる","みりあ","2002575652738994477"
"2025-12-21","1号店 アキバ絶対領域","よる","あむ","2002679352396550578"
"2025-12-21","1号店 アキバ絶対領域","よる","しょこら","2002679352396550578"
"2025-12-21","1号店 アキバ絶対領域","よる","まひろ","2002679352396550578"
"2025-12-21","1号店 アキバ絶対領域","よる","まふゆ","2002679352396550578"
"2025-12-21","1号店 アキバ絶対領域","よる","みりん","2002679352396550578"
"2025-12-21","1号店 アキバ絶対領域","よる","るるか","2002679352396550578"
"2025-12-21","3号店 +e","ひる","あむ","2002575986295202014"
"2025-12-21","3号店 +e","ひる","あめる","2002575986295202014"
"2025-12-21","3号店 +e","ひる","ありす","2002575986295202014"
"2025-12-21","3号店 +e","ひる","うる","2002575986295202014"
"2025-12-21","3号店 +e","ひる","けだま","2002575986295202014"
"2025-12-21","3号店 +e","ひる","とば","2002575986295202014"
"2025-12-21","3号店 +e","ひる","のの","2002575986295202014"
"2025-12-22","1号店 アキバ絶対領域","ひる","あむ","2002936913662226880"
"2025-12-22","1号店 アキバ絶対領域","ひる","うる","2002936913662226880"
"2025-12-22","1号店 アキバ絶対領域","ひる","きらり","2002936913662226880"
"2025-12-22","1号店 アキバ絶対領域","ひる","すい","2002936913662226880"
"2025-12-22","1号店 アキバ絶対領域","ひる","まふゆ","2002936913662226880"
"2025-12-22","1号店 アキバ絶対領域","ひる","もなか","2002936913662226880"
"2025-12-22","1号店 アキバ絶対領域","よる","しょこら","2003042135935951057"
"2025-12-22","1号店 アキバ絶対領域","よる","まこと","2003042135935951057"
"2025-12-22","1号店 アキバ絶対領域","よる","みりあ","2003042135935951057"
"2025-12-22","1号店 アキバ絶対領域","よる","めろ","2003042135935951057"
"2025-12-22","1号店 アキバ絶対領域","よる","もなか","2003042135935951057"
"2025-12-22","1号店 アキバ絶対領域","よる","るるか","2003042135935951057"
"2025-12-22","2号店 A.D.1912","よる","あいら","2003024806317629742"
"2025-12-22","2号店 A.D.1912","よる","うる","2003024806317629742"
"2025-12-22","2号店 A.D.1912","よる","つむぎ","2003024806317629742"
"2025-12-22","2号店 A.D.1912","よる","ばにら","2003024806317629742"
"2025-12-22","2号店 A.D.1912","よる","ひかり","2003024806317629742"
"2025-12-22","2号店 A.D.1912","よる","まひろ","2003024806317629742"
"2025-12-22","4号店 A.D.2045","ひる","こえび","2002938610384081232"
"2025-12-22","4号店 A.D.2045","ひる","こん","2002938610384081232"
"2025-12-22","4号店 A.D.2045","ひる","ばにら","2002938610384081232"
"2025-12-22","4号店 A.D.2045","ひる","まこと","2002938610384081232"
"2025-12-23","1号店 アキバ絶対領域","ひる","あむ","2003300385063342370"
"2025-12-23","1号店 アキバ絶対領域","ひる","あらた","2003300385063342370"
"2025-12-23","1号店 アキバ絶対領域","ひる","えな","2003300385063342370"
"2025-12-23","1号店 アキバ絶対領域","ひる","かすみ","2003300385063342370"
"2025-12-23","1号店 アキバ絶対領域","ひる","こえび","2003300385063342370"
"2025-12-23","1号店 アキバ絶対領域","よる","あくび","2003392211275378918"
"2025-12-23","1号店 アキバ絶対領域","よる","えな","2003392211275378918"
"2025-12-23","1号店 アキバ絶対領域","よる","ひかり","2003392211275378918"
"2025-12-23","1号店 アキバ絶対領域","よる","ふぁん","2003392211275378918"
"2025-12-23","4号店 A.D.2045","よる","あむ","2003390574968340570"
"2025-12-23","4号店 A.D.2045","よる","こえび","2003390574968340570"
"2025-12-23","4号店 A.D.2045","よる","すくい","2003390574968340570"
"2025-12-23","4号店 A.D.2045","よる","つむぎ","2003390574968340570"
"2025-12-23","4号店 A.D.2045","よる","まこと","2003390574968340570"
"2025-12-24","2号店 A.D.1912","ひる","あむ","2003667624383893860"
"2025-12-24","2号店 A.D.1912","ひる","うる","2003667624383893860"
"2025-12-24","2号店 A.D.1912","ひる","こころ","2003667624383893860"
"2025-12-24","2号店 A.D.1912","ひる","ひなり","2003667624383893860"
"2025-12-24","2号店 A.D.1912","ひる","まふゆ","2003667624383893860"
"2025-12-24","2号店 A.D.1912","ひる","もなか","2003667624383893860"
"2025-12-24","2号店 A.D.1912","ひる","るるか","2003667624383893860"
"2025-12-24","2号店 A.D.1912","よる","あむ","2003756712080330948"
"2025-12-24","2号店 A.D.1912","よる","かなた","2003756712080330948"
"2025-12-24","2号店 A.D.1912","よる","きらり","2003756712080330948"
"2025-12-24","2号店 A.D.1912","よる","しょこら","2003756712080330948"
"2025-12-24","2号店 A.D.1912","よる","すい","2003756712080330948"
"2025-12-24","2号店 A.D.1912","よる","ちさと","2003756712080330948"
"2025-12-24","2号店 A.D.1912","よる","まこと","2003756712080330948"
"2025-12-24","2号店 A.D.1912","よる","まのん","2003756712080330948"
"2025-12-24","3号店 +e","よる","あめる","2003758215872540903"
"2025-12-24","3号店 +e","よる","うる","2003758215872540903"
"2025-12-24","3号店 +e","よる","すくい","2003758215872540903"
"2025-12-24","3号店 +e","よる","ばにら","2003758215872540903"
"2025-12-24","3号店 +e","よる","ひなり","2003758215872540903"
"2025-12-24","3号店 +e","よる","みりん","2003758215872540903"
"2025-12-24","3号店 +e","よる","もなか","2003758215872540903"
"2025-12-24","4号店 A.D.2045","ひる","あらた","2003668051414426014"
"2025-12-24","4号店 A.D.2045","ひる","しゃち","2003668051414426014"
"2025-12-24","4号店 A.D.2045","ひる","ふぁん","2003668051414426014"
"2025-12-24","4号店 A.D.2045","ひる","みりあ","2003668051414426014"
"2025-12-25","1号店 アキバ絶対領域","ひる","はぴる","2004025358904184987"
"2025-12-25","1号店 アキバ絶対領域","ひる","はぴる","2004025607932596696"
"2025-12-25","1号店 アキバ絶対領域","ひる","はぴる","2004030143090905324"
"2025-12-25","1号店 アキバ絶対領域","ひる","まふゆ","2004025607932596696"
"2025-12-25","1号店 アキバ絶対領域","ひる","まふゆ","2004030143090905324"
"2025-12-25","1号店 アキバ絶対領域","ひる","まふゆ","2004025358904184987"
"2025-12-25","1号店 アキバ絶対領域","ひる","みりん","2004025607932596696"
"2025-12-25","1号店 アキバ絶対領域","ひる","みりん","2004030143090905324"
"2025-12-25","1号店 アキバ絶対領域","ひる","みりん","2004025358904184987"
"2025-12-25","1号店 アキバ絶対領域","ひる","めろ","2004030143090905324"
"2025-12-25","1号店 アキバ絶対領域","ひる","めろ","2004025358904184987"
"2025-12-25","1号店 アキバ絶対領域","ひる","めろ","2004025607932596696"
"2025-12-25","1号店 アキバ絶対領域","ひる","るるか","2004030143090905324"
"2025-12-25","1号店 アキバ絶対領域","ひる","るるか","2004025607932596696"
"2025-12-25","1号店 アキバ絶対領域","ひる","るるか","2004025358904184987"
"2025-12-25","1号店 アキバ絶対領域","よる","ありす","2004117842439143668"
"2025-12-25","1号店 アキバ絶対領域","よる","うる","2004117842439143668"
"2025-12-25","1号店 アキバ絶対領域","よる","ちさと","2004117842439143668"
"2025-12-25","1号店 アキバ絶対領域","よる","ばにら","2004117842439143668"
"2025-12-25","1号店 アキバ絶対領域","よる","はぴる","2004117842439143668"
"2025-12-25","1号店 アキバ絶対領域","よる","ひかり","2004117842439143668"
"2025-12-25","1号店 アキバ絶対領域","よる","まふゆ","2004117842439143668"
"2025-12-25","1号店 アキバ絶対領域","よる","みりん","2004117842439143668"
"2025-12-25","2号店 A.D.1912","ひる","あくび","2004030074987942032"
"2025-12-25","2号店 A.D.1912","ひる","あむ","2004030074987942032"
"2025-12-25","2号店 A.D.1912","ひる","こい","2004030074987942032"
"2025-12-26","1号店 アキバ絶対領域","ひる","かなた","2004388859480834135"
"2025-12-26","1号店 アキバ絶対領域","ひる","こえび","2004388859480834135"
"2025-12-26","1号店 アキバ絶対領域","ひる","ねむり","2004388859480834135"
"2025-12-26","1号店 アキバ絶対領域","ひる","はぴる","2004388859480834135"
"2025-12-26","1号店 アキバ絶対領域","ひる","まよ","2004388859480834135"
"2025-12-26","1号店 アキバ絶対領域","ひる","めろ","2004388859480834135"
"2025-12-26","1号店 アキバ絶対領域","よる","えな","2004469771421864431"
"2025-12-26","1号店 アキバ絶対領域","よる","しょこら","2004469771421864431"
"2025-12-26","1号店 アキバ絶対領域","よる","まひろ","2004469771421864431"
"2025-12-26","1号店 アキバ絶対領域","よる","みえる","2004469771421864431"
"2025-12-26","1号店 アキバ絶対領域","よる","みりあ","2004469771421864431"
"2025-12-26","1号店 アキバ絶対領域","よる","みりん","2004469771421864431"
"2025-12-26","3号店 +e","ひる","あめる","2004389276713472323"
"2025-12-26","3号店 +e","ひる","こい","2004389276713472323"
"2025-12-26","3号店 +e","ひる","こん","2004389276713472323"
"2025-12-26","3号店 +e","ひる","のの","2004389276713472323"
"2025-12-26","3号店 +e","ひる","まこと","2004389276713472323"
"2025-12-26","3号店 +e","ひる","みりあ","2004389276713472323"
"2025-12-26","3号店 +e","ひる","るるか","2004389276713472323"
"2025-12-26","3号店 +e","よる","あくび","2004489051676791106"
"2025-12-26","3号店 +e","よる","ありす","2004489051676791106"
"2025-12-26","3号店 +e","よる","える","2004489051676791106"
"2025-12-26","3号店 +e","よる","けだま","2004489051676791106"
"2025-12-26","3号店 +e","よる","しゃち","2004489051676791106"
"2025-12-26","3号店 +e","よる","はぴる","2004489051676791106"
"2025-12-26","3号店 +e","よる","まこと","2004489051676791106"
"2025-12-27","1号店 アキバ絶対領域","ひる","あむ","2004749237045920239"
"2025-12-27","1号店 アキバ絶対領域","ひる","うな","2004749237045920239"
"2025-12-27","1号店 アキバ絶対領域","ひる","こがね","2004749237045920239"
"2025-12-27","1号店 アキバ絶対領域","ひる","しょこら","2004749237045920239"
"2025-12-27","1号店 アキバ絶対領域","ひる","ちさと","2004749237045920239"
"2025-12-27","1号店 アキバ絶対領域","ひる","まふゆ","2004749237045920239"
"2025-12-27","1号店 アキバ絶対領域","よる","えみ","2004852013444764004"
"2025-12-27","1号店 アキバ絶対領域","よる","さぴ","2004852013444764004"
"2025-12-27","1号店 アキバ絶対領域","よる","しゃち","2004852013444764004"
"2025-12-27","1号店 アキバ絶対領域","よる","ひかり","2004852013444764004"
"2025-12-27","1号店 アキバ絶対領域","よる","ふぁん","2004852013444764004"
"2025-12-27","1号店 アキバ絶対領域","よる","みりん","2004852013444764004"
"2025-12-27","2号店 A.D.1912","ひる","うる","2004755182861910355"
"2025-12-27","2号店 A.D.1912","ひる","こい","2004755182861910355"
"2025-12-27","2号店 A.D.1912","ひる","つくし","2004755182861910355"
"2025-12-27","2号店 A.D.1912","ひる","つむぎ","2004755182861910355"
"2025-12-27","2号店 A.D.1912","ひる","のの","2004755182861910355"
"2025-12-27","2号店 A.D.1912","ひる","ばにら","2004755182861910355"
"2025-12-27","2号店 A.D.1912","ひる","みりあ","2004755182861910355"
"2025-12-27","2号店 A.D.1912","よる","あむ","2004862375250600297"
"2025-12-27","2号店 A.D.1912","よる","うる","2004862375250600297"
"2025-12-27","2号店 A.D.1912","よる","かすみ","2004862375250600297"
"2025-12-27","2号店 A.D.1912","よる","こえび","2004862375250600297"
"2025-12-27","2号店 A.D.1912","よる","すい","2004862375250600297"
"2025-12-27","2号店 A.D.1912","よる","ねむり","2004862375250600297"
"2025-12-27","2号店 A.D.1912","よる","みぞれ","2004862375250600297"
"2025-12-28","1号店 アキバ絶対領域","ひる","あめる","2005115095928766694"
"2025-12-28","1号店 アキバ絶対領域","ひる","えな","2005115095928766694"
"2025-12-28","1号店 アキバ絶対領域","ひる","こころ","2005115095928766694"
"2025-12-28","1号店 アキバ絶対領域","ひる","ちさと","2005115095928766694"
"2025-12-28","1号店 アキバ絶対領域","ひる","まこと","2005115095928766694"
"2025-12-28","1号店 アキバ絶対領域","ひる","みえる","2005115095928766694"
"2025-12-28","1号店 アキバ絶対領域","ひる","めろ","2005115095928766694"
"2025-12-28","1号店 アキバ絶対領域","ひる","もなか","2005115095928766694"
"2025-12-28","1号店 アキバ絶対領域","よる","しゃち","2005213361878040865"
"2025-12-28","1号店 アキバ絶対領域","よる","しょこら","2005213361878040865"
"2025-12-28","1号店 アキバ絶対領域","よる","まひろ","2005213361878040865"
"2025-12-28","1号店 アキバ絶対領域","よる","まよ","2005213361878040865"
"2025-12-28","1号店 アキバ絶対領域","よる","みりあ","2005213361878040865"
"2025-12-28","1号店 アキバ絶対領域","よる","みりん","2005213361878040865"
"2025-12-28","1号店 アキバ絶対領域","よる","もなか","2005213361878040865"
"2025-12-28","3号店 +e","ひる","あむ","2005115579020296443"
"2025-12-28","3号店 +e","ひる","うる","2005115579020296443"
"2025-12-28","3号店 +e","ひる","けだま","2005115579020296443"
"2025-12-28","3号店 +e","ひる","こい","2005115579020296443"
"2025-12-28","3号店 +e","ひる","とば","2005115579020296443"
"2025-12-28","3号店 +e","ひる","ひなり","2005115579020296443"
"2025-12-28","3号店 +e","ひる","みぞれ","2005115579020296443"
"2025-12-28","3号店 +e","よる","あいら","2005215465950609804"
"2025-12-28","3号店 +e","よる","あまめ","2005215465950609804"
"2025-12-28","3号店 +e","よる","あめる","2005215465950609804"
"2025-12-28","3号店 +e","よる","ばにら","2005215465950609804"
"2025-12-28","3号店 +e","よる","まこと","2005215465950609804"
"2025-12-28","3号店 +e","よる","みぞれ","2005215465950609804"
"2025-12-28","3号店 +e","よる","るるか","2005215465950609804"
"2025-12-28","4号店 A.D.2045","ひる","こがね","2005115286656352435"
"2025-12-28","4号店 A.D.2045","ひる","すくい","2005115286656352435"
"2025-12-28","4号店 A.D.2045","ひる","みりあ","2005115286656352435"
"2025-12-28","4号店 A.D.2045","ひる","みりん","2005115286656352435"
"2025-12-29","1号店 アキバ絶対領域","ひる","あいら","2005479189152186440"
"2025-12-29","1号店 アキバ絶対領域","ひる","あめる","2005479189152186440"
"2025-12-29","1号店 アキバ絶対領域","ひる","こい","2005479189152186440"
"2025-12-29","1号店 アキバ絶対領域","ひる","ひなり","2005479189152186440"
"2025-12-29","1号店 アキバ絶対領域","ひる","ふぁん","2005479189152186440"
"2025-12-29","1号店 アキバ絶対領域","ひる","まこと","2005479189152186440"
"2025-12-29","1号店 アキバ絶対領域","ひる","まふゆ","2005479189152186440"
"2025-12-29","1号店 アキバ絶対領域","ひる","まよ","2005479189152186440"
"2025-12-29","1号店 アキバ絶対領域","よる","うる","2005585979441357240"
"2025-12-29","1号店 アキバ絶対領域","よる","しょこら","2005585979441357240"
"2025-12-29","1号店 アキバ絶対領域","よる","すい","2005585979441357240"
"2025-12-29","1号店 アキバ絶対領域","よる","ひかり","2005585979441357240"
"2025-12-29","1号店 アキバ絶対領域","よる","みぞれ","2005585979441357240"
"2025-12-29","2号店 A.D.1912","ひる","うる","2005479540039315905"
"2025-12-29","2号店 A.D.1912","ひる","けだま","2005479540039315905"
"2025-12-29","2号店 A.D.1912","ひる","こえび","2005479540039315905"
"2025-12-29","2号店 A.D.1912","ひる","すくい","2005479540039315905"
"2025-12-29","2号店 A.D.1912","ひる","つむぎ","2005479540039315905"
"2025-12-29","2号店 A.D.1912","ひる","のの","2005479540039315905"
"2025-12-29","2号店 A.D.1912","ひる","ひかり","2005479540039315905"
"2025-12-29","2号店 A.D.1912","ひる","めろ","2005479540039315905"
"2025-12-30","1号店 アキバ絶対領域","ひる","かなた","2005852764195192950"
"2025-12-30","1号店 アキバ絶対領域","ひる","つくし","2005852764195192950"
"2025-12-30","1号店 アキバ絶対領域","ひる","ねむり","2005852764195192950"
"2025-12-30","1号店 アキバ絶対領域","ひる","のの","2005852764195192950"
"2025-12-30","1号店 アキバ絶対領域","ひる","まよ","2005852764195192950"
"2025-12-30","1号店 アキバ絶対領域","ひる","みりあ","2005852764195192950"
"2025-12-30","1号店 アキバ絶対領域","ひる","みりん","2005852764195192950"
"2025-12-30","1号店 アキバ絶対領域","よる","あまめ","2005922755070276082"
"2025-12-30","1号店 アキバ絶対領域","よる","うる","2005922755070276082"
"2025-12-30","1号店 アキバ絶対領域","よる","はぴる","2005922755070276082"
"2025-12-30","1号店 アキバ絶対領域","よる","ふぁん","2005922755070276082"
"2025-12-30","1号店 アキバ絶対領域","よる","まふゆ","2005922755070276082"
"2025-12-30","1号店 アキバ絶対領域","よる","るるか","2005922755070276082"
"2025-12-30","3号店 +e","ひる","あくび","2005853823290450225"
"2025-12-30","3号店 +e","ひる","こころ","2005853823290450225"
"2025-12-30","3号店 +e","ひる","こん","2005853823290450225"
"2025-12-30","3号店 +e","ひる","さぴ","2005853823290450225"
"2025-12-30","3号店 +e","ひる","はぴる","2005853823290450225"
"2025-12-30","3号店 +e","ひる","ひなり","2005853823290450225"
"2025-12-30","3号店 +e","ひる","まこと","2005853823290450225"
"2025-12-30","3号店 +e","ひる","みぞれ","2005853823290450225"
"2025-12-30","4号店 A.D.2045","よる","ねむり","2005922318975893582"
"2025-12-30","4号店 A.D.2045","よる","まこと","2005922318975893582"
"2025-12-30","4号店 A.D.2045","よる","みえる","2005922318975893582"
"2025-12-30","4号店 A.D.2045","よる","みりあ","2005922318975893582"
"2025-12-31","1号店 アキバ絶対領域","ひる","あむ","2006200713421144466"
"2025-12-31","1号店 アキバ絶対領域","ひる","うる","2006200713421144466"
"2025-12-31","1号店 アキバ絶対領域","ひる","きらり","2006200713421144466"
"2025-12-31","1号店 アキバ絶対領域","ひる","けだま","2006200713421144466"
"2025-12-31","1号店 アキバ絶対領域","ひる","つむぎ","2006200713421144466"
"2025-12-31","1号店 アキバ絶対領域","ひる","ひかり","2006200713421144466"
"2025-12-31","1号店 アキバ絶対領域","ひる","ひなり","2006200713421144466"
"2025-12-31","1号店 アキバ絶対領域","ひる","まふゆ","2006200713421144466"
"2025-12-31","2号店 A.D.1912","ひる","あまめ","2006202219377615052"
"2025-12-31","2号店 A.D.1912","ひる","ありす","2006202219377615052"
"2025-12-31","2号店 A.D.1912","ひる","はぴる","2006202219377615052"
"2025-12-31","2号店 A.D.1912","ひる","まこと","2006202219377615052"
"2025-12-31","2号店 A.D.1912","ひる","みりあ","2006202219377615052"
"2026-01-03","1号店 アキバ絶対領域","ひる","えな","2007290477016690771"
"2026-01-03","1号店 アキバ絶対領域","ひる","えみ","2007290477016690771"
"2026-01-03","1号店 アキバ絶対領域","ひる","しょこら","2007290477016690771"
"2026-01-03","1号店 アキバ絶対領域","ひる","すくい","2007290477016690771"
"2026-01-03","1号店 アキバ絶対領域","ひる","ねむり","2007290477016690771"
"2026-01-03","1号店 アキバ絶対領域","ひる","みりあ","2007290477016690771"
"2026-01-03","1号店 アキバ絶対領域","ひる","みりん","2007290477016690771"
"2026-01-03","1号店 アキバ絶対領域","よる","あくび","2007414560295399759"
"2026-01-03","1号店 アキバ絶対領域","よる","あむ","2007414560295399759"
"2026-01-03","1号店 アキバ絶対領域","よる","すい","2007414560295399759"
"2026-01-03","1号店 アキバ絶対領域","よる","まこと","2007414560295399759"
"2026-01-03","1号店 アキバ絶対領域","よる","まふゆ","2007414560295399759"
"2026-01-03","1号店 アキバ絶対領域","よる","みぞれ","2007414560295399759"
"2026-01-03","3号店 +e","ひる","あむ","2007287398703706152"
"2026-01-03","3号店 +e","ひる","ひなり","2007287398703706152"
"2026-01-03","3号店 +e","ひる","ふぁん","2007287398703706152"
"2026-01-03","3号店 +e","ひる","まこと","2007287398703706152"
"2026-01-03","3号店 +e","ひる","まふゆ","2007287398703706152"
"2026-01-03","3号店 +e","ひる","みぞれ","2007287398703706152"
"2026-01-03","4号店 A.D.2045","よる","えな","2007365782607671904"
"2026-01-03","4号店 A.D.2045","よる","こえび","2007365782607671904"
"2026-01-03","4号店 A.D.2045","よる","ひかり","2007365782607671904"
"2026-01-03","4号店 A.D.2045","よる","みりん","2007365782607671904"
"2026-01-04","1号店 アキバ絶対領域","ひる","こい","2007658712652230938"
"2026-01-04","1号店 アキバ絶対領域","ひる","すい","2007658712652230938"
"2026-01-04","1号店 アキバ絶対領域","ひる","ひかり","2007658712652230938"
"2026-01-04","1号店 アキバ絶対領域","ひる","ひなり","2007658712652230938"
"2026-01-04","1号店 アキバ絶対領域","ひる","まふゆ","2007658712652230938"
"2026-01-04","1号店 アキバ絶対領域","ひる","みぞれ","2007658712652230938"
"2026-01-04","1号店 アキバ絶対領域","ひる","みりん","2007658712652230938"
"2026-01-04","1号店 アキバ絶対領域","よる","あまめ","2007748656133529702"
"2026-01-04","1号店 アキバ絶対領域","よる","ありす","2007748656133529702"
"2026-01-04","1号店 アキバ絶対領域","よる","けだま","2007748656133529702"
"2026-01-04","1号店 アキバ絶対領域","よる","まこと","2007748656133529702"
"2026-01-04","1号店 アキバ絶対領域","よる","まふゆ","2007748656133529702"
"2026-01-04","1号店 アキバ絶対領域","よる","みりあ","2007748656133529702"
"2026-01-04","2号店 A.D.1912","ひる","あくび","2007659011987177836"
"2026-01-04","2号店 A.D.1912","ひる","すくい","2007659011987177836"
"2026-01-04","2号店 A.D.1912","ひる","つむぎ","2007659011987177836"
"2026-01-04","2号店 A.D.1912","ひる","ねむり","2007659011987177836"
"2026-01-04","2号店 A.D.1912","ひる","まこと","2007659011987177836"
"2026-01-04","2号店 A.D.1912","ひる","みりあ","2007659011987177836"
"2026-01-05","1号店 アキバ絶対領域","ひる","あらた","2008013151623881199"
"2026-01-05","1号店 アキバ絶対領域","ひる","しゃち","2008013151623881199"
"2026-01-05","1号店 アキバ絶対領域","ひる","しょこら","2008013151623881199"
"2026-01-05","1号店 アキバ絶対領域","ひる","つくし","2008013151623881199"
"2026-01-05","1号店 アキバ絶対領域","ひる","ひなり","2008013151623881199"
"2026-01-05","1号店 アキバ絶対領域","ひる","まのん","2008013151623881199"
"2026-01-05","1号店 アキバ絶対領域","ひる","めろ","2008013151623881199"
"2026-01-05","1号店 アキバ絶対領域","ひる","るるか","2008013151623881199"
"2026-01-05","1号店 アキバ絶対領域","ひる","巫女コスデー","2008013151623881199"
"2026-01-05","1号店 アキバ絶対領域","よる","あいら","2008107174002839715"
"2026-01-05","1号店 アキバ絶対領域","よる","あまめ","2008107174002839715"
"2026-01-05","1号店 アキバ絶対領域","よる","うる","2008107174002839715"
"2026-01-05","1号店 アキバ絶対領域","よる","こえび","2008107174002839715"
"2026-01-05","1号店 アキバ絶対領域","よる","ばにら","2008107174002839715"
"2026-01-05","1号店 アキバ絶対領域","よる","はぴる","2008107174002839715"
"2026-01-05","1号店 アキバ絶対領域","よる","みえる","2008107174002839715"
"2026-01-05","1号店 アキバ絶対領域","よる","めろ","2008107174002839715"
"2026-01-05","1号店 アキバ絶対領域","よる","巫女コスデー","2008107174002839715"
"2026-01-05","4号店 A.D.2045","ひる","こん","2008013464103739480"
"2026-01-05","4号店 A.D.2045","ひる","すくい","2008013464103739480"
"2026-01-05","4号店 A.D.2045","ひる","みりあ","2008013464103739480"
"2026-01-05","4号店 A.D.2045","ひる","みりん","2008013464103739480"
"2026-01-05","4号店 A.D.2045","ひる","巫女コスデー","2008013464103739480"
"2026-01-06","1号店 アキバ絶対領域","ひる","あらた","2008373752678289488"
"2026-01-06","1号店 アキバ絶対領域","ひる","しゃち","2008373752678289488"
"2026-01-06","1号店 アキバ絶対領域","ひる","ひかり","2008373752678289488"
"2026-01-06","1号店 アキバ絶対領域","ひる","まふゆ","2008373752678289488"
"2026-01-06","1号店 アキバ絶対領域","ひる","巫女コスデー","2008373752678289488"
"2026-01-06","1号店 アキバ絶対領域","よる","うる","2008465582770057663"
"2026-01-06","1号店 アキバ絶対領域","よる","こえび","2008465582770057663"
"2026-01-06","1号店 アキバ絶対領域","よる","ちさと","2008465582770057663"
"2026-01-06","1号店 アキバ絶対領域","よる","ばにら","2008465582770057663"
"2026-01-06","1号店 アキバ絶対領域","よる","まふゆ","2008465582770057663"
"2026-01-06","1号店 アキバ絶対領域","よる","るるか","2008465582770057663"
"2026-01-06","1号店 アキバ絶対領域","よる","巫女コスデー","2008465582770057663"
"2026-01-06","3号店 +e","よる","あむ","2008462262894555285"
"2026-01-06","3号店 +e","よる","あむ","2008462317529567623"
"2026-01-06","3号店 +e","よる","あらた","2008462262894555285"
"2026-01-06","3号店 +e","よる","あらた","2008462317529567623"
"2026-01-06","3号店 +e","よる","ありす","2008462262894555285"
"2026-01-06","3号店 +e","よる","ありす","2008462317529567623"
"2026-01-06","3号店 +e","よる","けだま","2008462262894555285"
"2026-01-06","3号店 +e","よる","けだま","2008462317529567623"
"2026-01-06","3号店 +e","よる","すくい","2008462317529567623"
"2026-01-06","3号店 +e","よる","すくい","2008462262894555285"
"2026-01-06","3号店 +e","よる","みぞれ","2008462317529567623"
"2026-01-06","3号店 +e","よる","みぞれ","2008462262894555285"
"2026-01-06","3号店 +e","よる","巫女コスデー","2008462262894555285"
"2026-01-06","3号店 +e","よる","巫女コスデー","2008462317529567623"
"2026-01-07","1号店 アキバ絶対領域","ひる","しゃち","2008737444364251151"
"2026-01-07","1号店 アキバ絶対領域","ひる","すい","2008737444364251151"
"2026-01-07","1号店 アキバ絶対領域","ひる","みりあ","2008737444364251151"
"2026-01-07","1号店 アキバ絶対領域","ひる","みりん","2008737444364251151"
"2026-01-07","1号店 アキバ絶対領域","ひる","めろ","2008737444364251151"
"2026-01-07","1号店 アキバ絶対領域","よる","あいら","2008817181912707123"
"2026-01-07","1号店 アキバ絶対領域","よる","えみ","2008817181912707123"
"2026-01-07","1号店 アキバ絶対領域","よる","しゃち","2008817181912707123"
"2026-01-07","1号店 アキバ絶対領域","よる","ちさと","2008817181912707123"
"2026-01-07","1号店 アキバ絶対領域","よる","まこと","2008817181912707123"
"2026-01-07","1号店 アキバ絶対領域","よる","もなか","2008817181912707123"
"2026-01-07","4号店 A.D.2045","よる","うる","2008816401822498973"
"2026-01-07","4号店 A.D.2045","よる","ばにら","2008816401822498973"
"2026-01-07","4号店 A.D.2045","よる","みえる","2008816401822498973"
"2026-01-07","4号店 A.D.2045","よる","みりあ","2008816401822498973"
"2026-01-08","1号店 アキバ絶対領域","ひる","あめる","2009099400078143972"
"2026-01-08","1号店 アキバ絶対領域","ひる","かすみ","2009099400078143972"
"2026-01-08","1号店 アキバ絶対領域","ひる","はぴる","2009099400078143972"
"2026-01-08","1号店 アキバ絶対領域","ひる","まふゆ","2009099400078143972"
"2026-01-08","1号店 アキバ絶対領域","ひる","みりん","2009099400078143972"
"2026-01-08","1号店 アキバ絶対領域","ひる","るるか","2009099400078143972"
"2026-01-08","1号店 アキバ絶対領域","よる","あめる","2009198726817120541"
"2026-01-08","1号店 アキバ絶対領域","よる","うる","2009198726817120541"
"2026-01-08","1号店 アキバ絶対領域","よる","えみ","2009198726817120541"
"2026-01-08","1号店 アキバ絶対領域","よる","まふゆ","2009198726817120541"
"2026-01-08","1号店 アキバ絶対領域","よる","もなか","2009198726817120541"
"2026-01-08","2号店 A.D.1912","よる","あいら","2009188974343147630"
"2026-01-08","2号店 A.D.1912","よる","あまめ","2009188974343147630"
"2026-01-08","2号店 A.D.1912","よる","あむ","2009188974343147630"
"2026-01-08","2号店 A.D.1912","よる","ありす","2009188974343147630"
"2026-01-08","2号店 A.D.1912","よる","すくい","2009188974343147630"
"2026-01-08","2号店 A.D.1912","よる","つむぎ","2009188974343147630"
"2026-01-08","2号店 A.D.1912","よる","まこと","2009188974343147630"
"2026-01-09","1号店 アキバ絶対領域","ひる","あらた","2009485230328172740"
"2026-01-09","1号店 アキバ絶対領域","ひる","こい","2009485230328172740"
"2026-01-09","1号店 アキバ絶対領域","ひる","こころ","2009485230328172740"
"2026-01-09","1号店 アキバ絶対領域","ひる","ばにら","2009485230328172740"
"2026-01-09","1号店 アキバ絶対領域","ひる","ふぁん","2009485230328172740"
"2026-01-09","1号店 アキバ絶対領域","ひる","みりあ","2009485230328172740"
"2026-01-09","1号店 アキバ絶対領域","ひる","もなか","2009485230328172740"
"2026-01-09","1号店 アキバ絶対領域","よる","あめる","2009576525751021824"
"2026-01-09","1号店 アキバ絶対領域","よる","いろは","2009576525751021824"
"2026-01-09","1号店 アキバ絶対領域","よる","うな","2009576525751021824"
"2026-01-09","1号店 アキバ絶対領域","よる","しゃち","2009576525751021824"
"2026-01-09","1号店 アキバ絶対領域","よる","ひなり","2009576525751021824"
"2026-01-09","1号店 アキバ絶対領域","よる","みりん","2009576525751021824"
"2026-01-09","1号店 アキバ絶対領域","よる","もなか","2009576525751021824"
"2026-01-09","2号店 A.D.1912","ひる","あむ","2009461842310255010"
"2026-01-09","2号店 A.D.1912","ひる","さぴ","2009461842310255010"
"2026-01-09","2号店 A.D.1912","ひる","すい","2009461842310255010"
"2026-01-09","2号店 A.D.1912","ひる","つくし","2009461842310255010"
"2026-01-09","2号店 A.D.1912","ひる","みりん","2009461842310255010"
"2026-01-09","2号店 A.D.1912","よる","あくび","2009575822743749002"
"2026-01-09","2号店 A.D.1912","よる","あくび","2009575323382448588"
"2026-01-09","2号店 A.D.1912","よる","うな","2009575323382448588"
"2026-01-09","2号店 A.D.1912","よる","けだま","2009575822743749002"
"2026-01-09","2号店 A.D.1912","よる","けだま","2009575323382448588"
"2026-01-09","2号店 A.D.1912","よる","つくし","2009575323382448588"
"2026-01-09","2号店 A.D.1912","よる","つくし","2009575822743749002"
"2026-01-09","2号店 A.D.1912","よる","まこと","2009575822743749002"
"2026-01-09","2号店 A.D.1912","よる","まこと","2009575323382448588"
"2026-01-09","2号店 A.D.1912","よる","まひろ","2009575822743749002"
"2026-01-09","2号店 A.D.1912","よる","まひろ","2009575323382448588"
"2026-01-09","2号店 A.D.1912","よる","みりあ","2009575323382448588"
"2026-01-09","2号店 A.D.1912","よる","みりあ","2009575822743749002"
"2026-01-09","2号店 A.D.1912","よる","るるか","2009575323382448588"
"2026-01-09","2号店 A.D.1912","よる","るるか","2009575822743749002"
"2026-01-10","1号店 アキバ絶対領域","ひる","あむ","2009824225725689872"
"2026-01-10","1号店 アキバ絶対領域","ひる","のの","2009824225725689872"
"2026-01-10","1号店 アキバ絶対領域","ひる","まこと","2009824225725689872"
"2026-01-10","1号店 アキバ絶対領域","ひる","まふゆ","2009824225725689872"
"2026-01-10","1号店 アキバ絶対領域","ひる","もなか","2009824225725689872"
"2026-01-10","1号店 アキバ絶対領域","よる","あくび","2009932679396073584"
"2026-01-10","1号店 アキバ絶対領域","よる","あめる","2009932679396073584"
"2026-01-10","1号店 アキバ絶対領域","よる","うる","2009932679396073584"
"2026-01-10","1号店 アキバ絶対領域","よる","こえび","2009932679396073584"
"2026-01-10","1号店 アキバ絶対領域","よる","すくい","2009932679396073584"
"2026-01-10","1号店 アキバ絶対領域","よる","みえる","2009932679396073584"
"2026-01-10","3号店 +e","ひる","あめる","2009831940757901681"
"2026-01-10","3号店 +e","ひる","うる","2009831940757901681"
"2026-01-10","3号店 +e","ひる","えみ","2009831940757901681"
"2026-01-10","3号店 +e","ひる","こい","2009831940757901681"
"2026-01-10","3号店 +e","ひる","こころ","2009831940757901681"
"2026-01-10","3号店 +e","ひる","さぴ","2009831940757901681"
"2026-01-10","3号店 +e","ひる","しょこら","2009831940757901681"
"2026-01-10","3号店 +e","よる","あまめ","2009915203727831313"
"2026-01-10","3号店 +e","よる","あむ","2009915203727831313"
"2026-01-10","3号店 +e","よる","さぴ","2009915203727831313"
"2026-01-10","3号店 +e","よる","すい","2009915203727831313"
"2026-01-10","3号店 +e","よる","まこと","2009915203727831313"
"2026-01-10","3号店 +e","よる","みぞれ","2009915203727831313"
"2026-01-10","4号店 A.D.2045","ひる","すくい","2009824801976996266"
"2026-01-10","4号店 A.D.2045","ひる","つむぎ","2009824801976996266"
"2026-01-10","4号店 A.D.2045","ひる","みりあ","2009824801976996266"
"2026-01-11","1号店 アキバ絶対領域","ひる","あめる","2010185770188112289"
"2026-01-11","1号店 アキバ絶対領域","ひる","あらた","2010185770188112289"
"2026-01-11","1号店 アキバ絶対領域","ひる","こい","2010185770188112289"
"2026-01-11","1号店 アキバ絶対領域","ひる","すくい","2010185770188112289"
"2026-01-11","1号店 アキバ絶対領域","ひる","つむぎ","2010185770188112289"
"2026-01-11","1号店 アキバ絶対領域","ひる","ひなり","2010185770188112289"
"2026-01-11","1号店 アキバ絶対領域","ひる","まお","2010185770188112289"
"2026-01-11","1号店 アキバ絶対領域","よる","こえび","2010284170745188858"
"2026-01-11","1号店 アキバ絶対領域","よる","さぴ","2010284170745188858"
"2026-01-11","1号店 アキバ絶対領域","よる","みぞれ","2010284170745188858"
"2026-01-11","1号店 アキバ絶対領域","よる","みりあ","2010284170745188858"
"2026-01-11","1号店 アキバ絶対領域","よる","みりん","2010284170745188858"
"2026-01-11","1号店 アキバ絶対領域","よる","めろ","2010284170745188858"
"2026-01-11","2号店 A.D.1912","ひる","ありす","2010192218179740090"
"2026-01-11","2号店 A.D.1912","ひる","かすみ","2010192218179740090"
"2026-01-11","2号店 A.D.1912","ひる","のの","2010192218179740090"
"2026-01-11","2号店 A.D.1912","ひる","まひろ","2010192218179740090"
"2026-01-11","2号店 A.D.1912","ひる","みぞれ","2010192218179740090"
"2026-01-11","2号店 A.D.1912","ひる","みりあ","2010192218179740090"
"2026-01-11","2号店 A.D.1912","ひる","みりん","2010192218179740090"
"2026-01-12","1号店 アキバ絶対領域","ひる","うる","2010548312391516403"
"2026-01-12","1号店 アキバ絶対領域","ひる","すくい","2010548312391516403"
"2026-01-12","1号店 アキバ絶対領域","ひる","つぼみ","2010548312391516403"
"2026-01-12","1号店 アキバ絶対領域","ひる","ひなり","2010548312391516403"
"2026-01-12","1号店 アキバ絶対領域","ひる","みりあ","2010548312391516403"
"2026-01-12","1号店 アキバ絶対領域","ひる","もなか","2010548312391516403"
"2026-01-12","1号店 アキバ絶対領域","よる","あむ","2010642113181155818"
"2026-01-12","1号店 アキバ絶対領域","よる","けだま","2010642113181155818"
"2026-01-12","1号店 アキバ絶対領域","よる","しゃち","2010642113181155818"
"2026-01-12","1号店 アキバ絶対領域","よる","すい","2010642113181155818"
"2026-01-12","1号店 アキバ絶対領域","よる","ひなり","2010642113181155818"
"2026-01-12","1号店 アキバ絶対領域","よる","まこと","2010642113181155818"
"2026-01-12","1号店 アキバ絶対領域","よる","もなか","2010642113181155818"
"2026-01-13","1号店 アキバ絶対領域","ひる","あらた","2010910268659052642"
"2026-01-13","1号店 アキバ絶対領域","ひる","うる","2010910268659052642"
"2026-01-13","1号店 アキバ絶対領域","ひる","えみ","2010910268659052642"
"2026-01-13","1号店 アキバ絶対領域","ひる","しゃち","2010910268659052642"
"2026-01-13","1号店 アキバ絶対領域","ひる","ねむり","2010910268659052642"
"2026-01-13","1号店 アキバ絶対領域","ひる","はぴる","2010910268659052642"
"2026-01-13","1号店 アキバ絶対領域","ひる","まふゆ","2010910268659052642"
"2026-01-13","1号店 アキバ絶対領域","ひる","もなか","2010910268659052642"
"2026-01-13","1号店 アキバ絶対領域","よる","あらた","2011006077274636430"
"2026-01-13","1号店 アキバ絶対領域","よる","きらり","2011006077274636430"
"2026-01-13","1号店 アキバ絶対領域","よる","すくい","2011006077274636430"
"2026-01-13","1号店 アキバ絶対領域","よる","ねむり","2011006077274636430"
"2026-01-13","1号店 アキバ絶対領域","よる","ばにら","2011006077274636430"
"2026-01-13","1号店 アキバ絶対領域","よる","はぴる","2011006077274636430"
"2026-01-13","2号店 A.D.1912","よる","あまめ","2010985891721060432"
"2026-01-13","2号店 A.D.1912","よる","かすみ","2010985891721060432"
"2026-01-13","2号店 A.D.1912","よる","けだま","2010985891721060432"
"2026-01-13","2号店 A.D.1912","よる","しゃち","2010985891721060432"
"2026-01-13","2号店 A.D.1912","よる","まこと","2010985891721060432"
"2026-01-13","2号店 A.D.1912","よる","みぞれ","2010985891721060432"
"2026-01-13","2号店 A.D.1912","よる","るるか","2010985891721060432"
"2026-01-14","1号店 アキバ絶対領域","ひる","あむ","2011375790211186790"
"2026-01-14","1号店 アキバ絶対領域","ひる","うる","2011283151503696042"
"2026-01-14","1号店 アキバ絶対領域","ひる","さぴ","2011283151503696042"
"2026-01-14","1号店 アキバ絶対領域","ひる","すい","2011375790211186790"
"2026-01-14","1号店 アキバ絶対領域","ひる","ちさと","2011375790211186790"
"2026-01-14","1号店 アキバ絶対領域","ひる","つぼみ","2011283151503696042"
"2026-01-14","1号店 アキバ絶対領域","ひる","まふゆ","2011283151503696042"
"2026-01-14","1号店 アキバ絶対領域","ひる","みりあ","2011283151503696042"
"2026-01-14","1号店 アキバ絶対領域","ひる","みりん","2011375790211186790"
"2026-01-14","1号店 アキバ絶対領域","ひる","もなか","2011375790211186790"
"2026-01-14","1号店 アキバ絶対領域","ひる","るるか","2011375790211186790"
"2026-01-14","1号店 アキバ絶対領域","よる","あむ","2011375826663887259"
"2026-01-14","1号店 アキバ絶対領域","よる","すい","2011375826663887259"
"2026-01-14","1号店 アキバ絶対領域","よる","ちさと","2011375826663887259"
"2026-01-14","1号店 アキバ絶対領域","よる","みりん","2011375826663887259"
"2026-01-14","1号店 アキバ絶対領域","よる","もなか","2011375826663887259"
"2026-01-14","1号店 アキバ絶対領域","よる","るるか","2011375826663887259"
"2026-01-14","4号店 A.D.2045","ひる","あむ","2011274611942703482"
"2026-01-14","4号店 A.D.2045","ひる","えみ","2011274611942703482"
"2026-01-14","4号店 A.D.2045","ひる","まこと","2011274611942703482"
"2026-01-14","4号店 A.D.2045","ひる","もなか","2011274611942703482"
"2026-01-14","4号店 A.D.2045","よる","あまめ","2011352882155815078"
"2026-01-14","4号店 A.D.2045","よる","ありす","2011352882155815078"
"2026-01-14","4号店 A.D.2045","よる","うる","2011352882155815078"
"2026-01-14","4号店 A.D.2045","よる","みりあ","2011352882155815078"
"2026-01-15","1号店 アキバ絶対領域","ひる","あめる","2011636720262136056"
"2026-01-15","1号店 アキバ絶対領域","ひる","あらた","2011636720262136056"
"2026-01-15","1号店 アキバ絶対領域","ひる","いろは","2011636720262136056"
"2026-01-15","1号店 アキバ絶対領域","ひる","しゃち","2011636720262136056"
"2026-01-15","1号店 アキバ絶対領域","ひる","ばにら","2011636720262136056"
"2026-01-15","1号店 アキバ絶対領域","ひる","まふゆ","2011636720262136056"
"2026-01-15","1号店 アキバ絶対領域","よる","える","2011731888730497306"
"2026-01-15","1号店 アキバ絶対領域","よる","しょこら","2011731888730497306"
"2026-01-15","1号店 アキバ絶対領域","よる","まお","2011731888730497306"
"2026-01-15","1号店 アキバ絶対領域","よる","まこと","2011731888730497306"
"2026-01-15","1号店 アキバ絶対領域","よる","みりん","2011731888730497306"
"2026-01-15","1号店 アキバ絶対領域","よる","るるか","2011731888730497306"
"2026-01-15","3号店 +e","よる","あらた","2011727496623124900"
"2026-01-15","3号店 +e","よる","しゃち","2011727496623124900"
"2026-01-15","3号店 +e","よる","つむぎ","2011727496623124900"
"2026-01-15","3号店 +e","よる","ばにら","2011727496623124900"
"2026-01-15","3号店 +e","よる","ひかり","2011727496623124900"
"2026-01-15","3号店 +e","よる","みえる","2011727496623124900"
"2026-01-15","4号店 A.D.2045","ひる","あむ","2011637074747933114"
"2026-01-15","4号店 A.D.2045","ひる","える","2011637074747933114"
"2026-01-15","4号店 A.D.2045","ひる","こん","2011637074747933114"
"2026-01-15","4号店 A.D.2045","ひる","まこと","2011637074747933114"
"2026-01-16","1号店 アキバ絶対領域","ひる","ありす","2012008369314496896"
"2026-01-16","1号店 アキバ絶対領域","ひる","こい","2012008369314496896"
"2026-01-16","1号店 アキバ絶対領域","ひる","しゃち","2012008369314496896"
"2026-01-16","1号店 アキバ絶対領域","ひる","みりあ","2012008369314496896"
"2026-01-16","1号店 アキバ絶対領域","ひる","みりん","2012008369314496896"
"2026-01-16","1号店 アキバ絶対領域","ひる","もなか","2012008369314496896"
"2026-01-16","1号店 アキバ絶対領域","よる","あむ","2012088923863072979"
"2026-01-16","1号店 アキバ絶対領域","よる","いろは","2012088923863072979"
"2026-01-16","1号店 アキバ絶対領域","よる","うな","2012088923863072979"
"2026-01-16","1号店 アキバ絶対領域","よる","うる","2012088923863072979"
"2026-01-16","1号店 アキバ絶対領域","よる","ちさと","2012088923863072979"
"2026-01-16","1号店 アキバ絶対領域","よる","めろ","2012088923863072979"
"2026-01-16","2号店 A.D.1912","ひる","あむ","2011998446446920110"
"2026-01-16","2号店 A.D.1912","ひる","うる","2011998446446920110"
"2026-01-16","2号店 A.D.1912","ひる","こん","2011998446446920110"
"2026-01-16","2号店 A.D.1912","ひる","ねむり","2011998446446920110"
"2026-01-16","2号店 A.D.1912","ひる","のの","2011998446446920110"
"2026-01-16","2号店 A.D.1912","よる","のの","2012089319482393059"
"2026-01-16","2号店 A.D.1912","よる","ばにら","2012089319482393059"
"2026-01-16","2号店 A.D.1912","よる","ひかり","2012089319482393059"
"2026-01-16","2号店 A.D.1912","よる","まひろ","2012089319482393059"
"2026-01-16","2号店 A.D.1912","よる","みりん","2012089319482393059"
"2026-01-17","1号店 アキバ絶対領域","ひる","えな","2012358644973887517"
"2026-01-17","1号店 アキバ絶対領域","ひる","えみ","2012358644973887517"
"2026-01-17","1号店 アキバ絶対領域","ひる","すくい","2012358644973887517"
"2026-01-17","1号店 アキバ絶対領域","ひる","ちさと","2012358644973887517"
"2026-01-17","1号店 アキバ絶対領域","ひる","のの","2012358644973887517"
"2026-01-17","1号店 アキバ絶対領域","よる","うな","2012444223291961469"
"2026-01-17","1号店 アキバ絶対領域","よる","さぴ","2012444223291961469"
"2026-01-17","1号店 アキバ絶対領域","よる","すい","2012444223291961469"
"2026-01-17","1号店 アキバ絶対領域","よる","つぼみ","2012444223291961469"
"2026-01-17","1号店 アキバ絶対領域","よる","ひかり","2012444223291961469"
"2026-01-17","1号店 アキバ絶対領域","よる","まこと","2012444223291961469"
"2026-01-17","3号店 +e","ひる","あめる","2012360089903235227"
"2026-01-17","3号店 +e","ひる","こん","2012360089903235227"
"2026-01-17","3号店 +e","ひる","しょこら","2012360089903235227"
"2026-01-17","3号店 +e","ひる","ひなり","2012360089903235227"
"2026-01-17","3号店 +e","ひる","まこと","2012360089903235227"
"2026-01-17","4号店 A.D.2045","ひる","うる","2012361410014286320"
"2026-01-17","4号店 A.D.2045","ひる","ねむり","2012361410014286320"
"2026-01-17","4号店 A.D.2045","ひる","ばにら","2012361410014286320"
"2026-01-17","4号店 A.D.2045","ひる","みりあ","2012361410014286320"
"2026-01-18","1号店 アキバ絶対領域","よる","さぴ","2012816520947343548"
"2026-01-18","1号店 アキバ絶対領域","よる","ひかり","2012816520947343548"
"2026-01-18","1号店 アキバ絶対領域","よる","まひろ","2012816520947343548"
"2026-01-18","1号店 アキバ絶対領域","よる","みりん","2012816520947343548"
"2026-01-18","1号店 アキバ絶対領域","よる","もなか","2012816520947343548"
"2026-01-18","2号店 A.D.1912","ひる","あくび","2012722995283062837"
"2026-01-18","2号店 A.D.1912","ひる","あむ","2012722995283062837"
"2026-01-18","2号店 A.D.1912","ひる","あらた","2012722995283062837"
"2026-01-18","2号店 A.D.1912","ひる","けだま","2012722995283062837"
"2026-01-18","2号店 A.D.1912","ひる","みえる","2012722995283062837"
"2026-01-18","2号店 A.D.1912","ひる","みぞれ","2012722995283062837"
"2026-01-18","4号店 A.D.2045","ひる","さぴ","2012723923885162641"
"2026-01-18","4号店 A.D.2045","ひる","ねむり","2012723923885162641"
"2026-01-18","4号店 A.D.2045","ひる","みりあ","2012723923885162641"
"2026-01-18","4号店 A.D.2045","ひる","みりん","2012723923885162641"
"2026-01-18","4号店 A.D.2045","よる","あむ","2012823318861054244"
"2026-01-18","4号店 A.D.2045","よる","こえび","2012823318861054244"
"2026-01-18","4号店 A.D.2045","よる","すくい","2012823318861054244"
"2026-01-18","4号店 A.D.2045","よる","まこと","2012823318861054244"
"2026-01-19","1号店 アキバ絶対領域","ひる","あらた","2013085248721154260"
"2026-01-19","1号店 アキバ絶対領域","ひる","えみ","2013085248721154260"
"2026-01-19","1号店 アキバ絶対領域","ひる","える","2013085248721154260"
"2026-01-19","1号店 アキバ絶対領域","ひる","かすみ","2013085248721154260"
"2026-01-19","1号店 アキバ絶対領域","ひる","ひかり","2013085248721154260"
"2026-01-19","1号店 アキバ絶対領域","よる","うる","2013177430975127614"
"2026-01-19","1号店 アキバ絶対領域","よる","さぴ","2013177430975127614"
"2026-01-19","1号店 アキバ絶対領域","よる","つむぎ","2013177430975127614"
"2026-01-19","1号店 アキバ絶対領域","よる","ばにら","2013177430975127614"
"2026-01-19","1号店 アキバ絶対領域","よる","ひなり","2013177430975127614"
"2026-01-19","4号店 A.D.2045","よる","あまめ","2013164589777670552"
"2026-01-19","4号店 A.D.2045","よる","あむ","2013164589777670552"
"2026-01-19","4号店 A.D.2045","よる","あらた","2013164589777670552"
"2026-01-19","4号店 A.D.2045","よる","みりあ","2013164589777670552"
"2026-01-19","4号店 A.D.2045","よる","もなか","2013164589777670552"
"2026-01-20","1号店 アキバ絶対領域","ひる","あいら","2013451441776873591"
"2026-01-20","1号店 アキバ絶対領域","ひる","あめる","2013451441776873591"
"2026-01-20","1号店 アキバ絶対領域","ひる","あらた","2013451441776873591"
"2026-01-20","1号店 アキバ絶対領域","ひる","える","2013451441776873591"
"2026-01-20","1号店 アキバ絶対領域","ひる","かなた","2013451441776873591"
"2026-01-20","1号店 アキバ絶対領域","ひる","ちょこ","2013451441776873591"
"2026-01-20","1号店 アキバ絶対領域","ひる","もなか","2013451441776873591"
"2026-01-20","1号店 アキバ絶対領域","よる","こえび","2013531031802909140"
"2026-01-20","1号店 アキバ絶対領域","よる","しゃち","2013531031802909140"
"2026-01-20","1号店 アキバ絶対領域","よる","ちさと","2013531031802909140"
"2026-01-20","1号店 アキバ絶対領域","よる","ねい","2013531031802909140"
"2026-01-20","1号店 アキバ絶対領域","よる","まこと","2013531031802909140"
"2026-01-20","3号店 +e","よる","あくび","2013539231784955976"
"2026-01-20","3号店 +e","よる","あむ","2013539231784955976"
"2026-01-20","3号店 +e","よる","いろは","2013539231784955976"
"2026-01-20","3号店 +e","よる","うる","2013539231784955976"
"2026-01-20","3号店 +e","よる","える","2013539231784955976"
"2026-01-20","3号店 +e","よる","けだま","2013539231784955976"
"2026-01-20","3号店 +e","よる","もなか","2013539231784955976"
"2026-01-21","1号店 アキバ絶対領域","ひる","あくび","2013812352550948966"
"2026-01-21","1号店 アキバ絶対領域","ひる","あむ","2013812352550948966"
"2026-01-21","1号店 アキバ絶対領域","ひる","える","2013812352550948966"
"2026-01-21","1号店 アキバ絶対領域","ひる","のの","2013812352550948966"
"2026-01-21","1号店 アキバ絶対領域","ひる","もなか","2013812352550948966"
"2026-01-21","1号店 アキバ絶対領域","よる","あむ","2013905055502737781"
"2026-01-21","1号店 アキバ絶対領域","よる","ありす","2013905055502737781"
"2026-01-21","1号店 アキバ絶対領域","よる","しゃち","2013905055502737781"
"2026-01-21","1号店 アキバ絶対領域","よる","ねい","2013905055502737781"
"2026-01-21","1号店 アキバ絶対領域","よる","ばにら","2013905055502737781"
"2026-01-21","1号店 アキバ絶対領域","よる","みりん","2013905055502737781"
"2026-01-21","4号店 A.D.2045","ひる","しゃち","2013825095509155941"
"2026-01-21","4号店 A.D.2045","ひる","まこと","2013825095509155941"
"2026-01-21","4号店 A.D.2045","ひる","みりあ","2013825095509155941"
"2026-01-21","4号店 A.D.2045","ひる","るるか","2013825095509155941"
"2026-01-22","1号店 アキバ絶対領域","ひる","あらた","2014172411118158111"
"2026-01-22","1号店 アキバ絶対領域","ひる","しゃち","2014172411118158111"
"2026-01-22","1号店 アキバ絶対領域","ひる","まふゆ","2014172411118158111"
"2026-01-22","1号店 アキバ絶対領域","ひる","みりあ","2014172411118158111"
"2026-01-22","1号店 アキバ絶対領域","ひる","るるか","2014172411118158111"
"2026-01-22","1号店 アキバ絶対領域","よる","あめる","2014259388186501285"
"2026-01-22","1号店 アキバ絶対領域","よる","かなた","2014259388186501285"
"2026-01-22","1号店 アキバ絶対領域","よる","すい","2014259388186501285"
"2026-01-22","1号店 アキバ絶対領域","よる","すくい","2014259388186501285"
"2026-01-22","1号店 アキバ絶対領域","よる","ばにら","2014259388186501285"
"2026-01-22","1号店 アキバ絶対領域","よる","みりん","2014259388186501285"
"2026-01-22","2号店 A.D.1912","ひる","あいら","2014176254237298843"
"2026-01-22","2号店 A.D.1912","ひる","あむ","2014176254237298843"
"2026-01-22","2号店 A.D.1912","ひる","えみ","2014176254237298843"
"2026-01-22","2号店 A.D.1912","ひる","かすみ","2014176254237298843"
"2026-01-22","2号店 A.D.1912","ひる","こん","2014176254237298843"
"2026-01-22","2号店 A.D.1912","ひる","のの","2014176254237298843"
"2026-01-22","2号店 A.D.1912","ひる","まこと","2014176254237298843"
"2026-01-23","1号店 アキバ絶対領域","ひる","ありす","2014534039437509074"
"2026-01-23","1号店 アキバ絶対領域","ひる","える","2014534039437509074"
"2026-01-23","1号店 アキバ絶対領域","ひる","ふぁん","2014534039437509074"
"2026-01-23","1号店 アキバ絶対領域","ひる","みりあ","2014534039437509074"
"2026-01-23","1号店 アキバ絶対領域","ひる","みりん","2014534039437509074"
"2026-01-23","1号店 アキバ絶対領域","ひる","もなか","2014534039437509074"
"2026-01-23","1号店 アキバ絶対領域","よる","あめる","2014637961674125680"
"2026-01-23","1号店 アキバ絶対領域","よる","あらた","2014637961674125680"
"2026-01-23","1号店 アキバ絶対領域","よる","うな","2014637961674125680"
"2026-01-23","1号店 アキバ絶対領域","よる","ちょこ","2014637961674125680"
"2026-01-23","1号店 アキバ絶対領域","よる","つくし","2014637961674125680"
"2026-01-23","1号店 アキバ絶対領域","よる","もなか","2014637961674125680"
"2026-01-23","3号店 +e","ひる","あめる","2014537627249394052"
"2026-01-23","3号店 +e","ひる","あらた","2014537627249394052"
"2026-01-23","3号店 +e","ひる","けだま","2014537627249394052"
"2026-01-23","3号店 +e","ひる","こい","2014537627249394052"
"2026-01-23","3号店 +e","ひる","さぴ","2014537627249394052"
"2026-01-23","3号店 +e","ひる","つくし","2014537627249394052"
"2026-01-23","4号店 A.D.2045","よる","ばにら","2014613750675095682"
"2026-01-23","4号店 A.D.2045","よる","ひかり","2014613750675095682"
"2026-01-23","4号店 A.D.2045","よる","みりん","2014613750675095682"
"2026-01-23","4号店 A.D.2045","よる","るるか","2014613750675095682"
"2026-01-24","1号店 アキバ絶対領域","ひる","うな","2014902437237444917"
"2026-01-24","1号店 アキバ絶対領域","ひる","すくい","2014902437237444917"
"2026-01-24","1号店 アキバ絶対領域","ひる","ひなり","2014902437237444917"
"2026-01-24","1号店 アキバ絶対領域","ひる","みりあ","2014902437237444917"
"2026-01-24","1号店 アキバ絶対領域","ひる","もなか","2014902437237444917"
"2026-01-24","3号店 +e","ひる","あむ","2014906360266457147"
"2026-01-24","3号店 +e","ひる","こい","2014906360266457147"
"2026-01-24","3号店 +e","ひる","こん","2014906360266457147"
"2026-01-24","3号店 +e","ひる","のの","2014906360266457147"
"2026-01-24","3号店 +e","ひる","まこと","2014906360266457147"
"2026-01-24","3号店 +e","ひる","めろ","2014906360266457147"
"2026-01-25","1号店 アキバ絶対領域","ひる","あむ","2015259074376708203"
"2026-01-25","1号店 アキバ絶対領域","ひる","いろは","2015259074376708203"
"2026-01-25","1号店 アキバ絶対領域","ひる","うな","2015259074376708203"
"2026-01-25","1号店 アキバ絶対領域","ひる","かなた","2015259074376708203"
"2026-01-25","1号店 アキバ絶対領域","ひる","つぼみ","2015259074376708203"
"2026-01-25","1号店 アキバ絶対領域","ひる","もなか","2015259074376708203"
"2026-01-25","1号店 アキバ絶対領域","よる","あめる","2015354621620043821"
"2026-01-25","1号店 アキバ絶対領域","よる","しゃち","2015354621620043821"
"2026-01-25","1号店 アキバ絶対領域","よる","のの","2015354621620043821"
"2026-01-25","1号店 アキバ絶対領域","よる","まふゆ","2015354621620043821"
"2026-01-25","1号店 アキバ絶対領域","よる","みりん","2015354621620043821"
"2026-01-25","1号店 アキバ絶対領域","よる","もなか","2015354621620043821"
"2026-01-25","4号店 A.D.2045","ひる","えみ","2015261214507753548"
"2026-01-25","4号店 A.D.2045","ひる","すくい","2015261214507753548"
"2026-01-25","4号店 A.D.2045","ひる","ばにら","2015261214507753548"
"2026-01-25","4号店 A.D.2045","ひる","みりあ","2015261214507753548"
"2026-01-25","4号店 A.D.2045","ひる","みりん","2015261214507753548"
"2026-01-25","4号店 A.D.2045","よる","あむ","2015365599598395554"
"2026-01-25","4号店 A.D.2045","よる","うる","2015365599598395554"
"2026-01-25","4号店 A.D.2045","よる","こえび","2015365599598395554"
"2026-01-25","4号店 A.D.2045","よる","すくい","2015365599598395554"
"2026-01-25","4号店 A.D.2045","よる","るるか","2015365599598395554"
"2026-01-26","1号店 アキバ絶対領域","よる","あめる","2015708794152710366"
"2026-01-26","1号店 アキバ絶対領域","よる","ありす","2015708794152710366"
"2026-01-26","1号店 アキバ絶対領域","よる","かなた","2015708794152710366"
"2026-01-26","1号店 アキバ絶対領域","よる","きらり","2015708794152710366"
"2026-01-26","1号店 アキバ絶対領域","よる","すい","2015708794152710366"
"2026-01-26","1号店 アキバ絶対領域","よる","まこと","2015708794152710366"
"2026-01-26","3号店 +e","よる","うる","2015716035190784116"
"2026-01-26","3号店 +e","よる","しゃち","2015716035190784116"
"2026-01-26","3号店 +e","よる","つくし","2015716035190784116"
"2026-01-26","3号店 +e","よる","ばにら","2015716035190784116"
"2026-01-26","3号店 +e","よる","ひかり","2015716035190784116"
"2026-01-26","3号店 +e","よる","みぞれ","2015716035190784116"
"2026-01-26","3号店 +e","よる","みりん","2015716035190784116"
"2026-01-26","3号店 +e","よる","るるか","2015716035190784116"
"2026-01-27","4号店 A.D.2045","ひる","ねむり","2015983994626834557"
"2026-01-27","4号店 A.D.2045","ひる","まこと","2015983994626834557"
"2026-01-27","4号店 A.D.2045","ひる","みりあ","2015983994626834557"
"2026-01-28","1号店 アキバ絶対領域","ひる","しゃち","2016348598607478803"
"2026-01-28","1号店 アキバ絶対領域","ひる","ひなり","2016348598607478803"
"2026-01-28","1号店 アキバ絶対領域","ひる","まふゆ","2016348598607478803"
"2026-01-28","1号店 アキバ絶対領域","ひる","みりん","2016348598607478803"
"2026-01-28","1号店 アキバ絶対領域","ひる","もなか","2016348598607478803"
"2026-01-28","1号店 アキバ絶対領域","ひる","るるか","2016348598607478803"
"2026-01-28","1号店 アキバ絶対領域","よる","いろは","2016426024477819218"
"2026-01-28","1号店 アキバ絶対領域","よる","うな","2016426024477819218"
"2026-01-28","1号店 アキバ絶対領域","よる","うる","2016426024477819218"
"2026-01-28","1号店 アキバ絶対領域","よる","ちさと","2016426024477819218"
"2026-01-28","1号店 アキバ絶対領域","よる","ばにら","2016426024477819218"
"2026-01-28","2号店 A.D.1912","よる","かなた","2016454890655228348"
"2026-01-28","2号店 A.D.1912","よる","すくい","2016454890655228348"
"2026-01-28","2号店 A.D.1912","よる","のの","2016454890655228348"
"2026-01-28","2号店 A.D.1912","よる","みえる","2016454890655228348"
"2026-01-28","2号店 A.D.1912","よる","みりあ","2016454890655228348"
"2026-01-28","2号店 A.D.1912","よる","みりん","2016454890655228348"
"2026-01-28","4号店 A.D.2045","ひる","うる","2016348947586154632"
"2026-01-28","4号店 A.D.2045","ひる","えみ","2016348947586154632"
"2026-01-28","4号店 A.D.2045","ひる","える","2016348947586154632"
"2026-01-28","4号店 A.D.2045","ひる","ねむり","2016348947586154632"
"2026-01-28","4号店 A.D.2045","ひる","みりあ","2016348947586154632"
"2026-01-29","1号店 アキバ絶対領域","ひる","うな","2016709073857851684"
"2026-01-29","1号店 アキバ絶対領域","ひる","かすみ","2016709073857851684"
"2026-01-29","1号店 アキバ絶対領域","ひる","けだま","2016709073857851684"
"2026-01-29","1号店 アキバ絶対領域","ひる","ひかり","2016709073857851684"
"2026-01-29","1号店 アキバ絶対領域","ひる","まこと","2016709073857851684"
"2026-01-29","1号店 アキバ絶対領域","ひる","まふゆ","2016709073857851684"
"2026-01-29","1号店 アキバ絶対領域","よる","あいら","2016810680679268827"
"2026-01-29","1号店 アキバ絶対領域","よる","あむ","2016810680679268827"
"2026-01-29","1号店 アキバ絶対領域","よる","ありす","2016810680679268827"
"2026-01-29","1号店 アキバ絶対領域","よる","うる","2016810680679268827"
"2026-01-29","1号店 アキバ絶対領域","よる","しゃち","2016810680679268827"
"2026-01-29","1号店 アキバ絶対領域","よる","つくし","2016810680679268827"
"2026-01-29","1号店 アキバ絶対領域","よる","まひろ","2016810680679268827"
"2026-01-29","4号店 A.D.2045","ひる","あむ","2016707337135018197"
"2026-01-29","4号店 A.D.2045","ひる","あらた","2016707337135018197"
"2026-01-29","4号店 A.D.2045","ひる","こん","2016707337135018197"
"2026-01-29","4号店 A.D.2045","ひる","ねむり","2016707337135018197"
"2026-01-29","4号店 A.D.2045","よる","あめる","2016795539808096467"
"2026-01-29","4号店 A.D.2045","よる","すい","2016795539808096467"
"2026-01-29","4号店 A.D.2045","よる","ばにら","2016795539808096467"
"2026-01-29","4号店 A.D.2045","よる","まこと","2016795539808096467"
"2026-01-30","1号店 アキバ絶対領域","ひる","あらた","2017074079464108070"
"2026-01-30","1号店 アキバ絶対領域","ひる","うな","2017074079464108070"
"2026-01-30","1号店 アキバ絶対領域","ひる","える","2017074079464108070"
"2026-01-30","1号店 アキバ絶対領域","ひる","しゃち","2017074079464108070"
"2026-01-30","1号店 アキバ絶対領域","ひる","ちょこ","2017074079464108070"
"2026-01-30","1号店 アキバ絶対領域","ひる","みりあ","2017074079464108070"
"2026-01-30","3号店 +e","ひる","あいら","2017074459791020076"
"2026-01-30","3号店 +e","ひる","あめる","2017074459791020076"
"2026-01-30","3号店 +e","ひる","いろは","2017074459791020076"
"2026-01-30","3号店 +e","ひる","うる","2017074459791020076"
"2026-01-30","3号店 +e","ひる","こい","2017074459791020076"
"2026-01-30","3号店 +e","ひる","つくし","2017074459791020076"
"2026-01-30","3号店 +e","ひる","もなか","2017074459791020076"
"2026-01-31","1号店 アキバ絶対領域","ひる","うる","2017433454217212328"
"2026-01-31","1号店 アキバ絶対領域","ひる","きらり","2017433454217212328"
"2026-01-31","1号店 アキバ絶対領域","ひる","しゃち","2017433454217212328"
"2026-01-31","1号店 アキバ絶対領域","ひる","ちさと","2017433454217212328"
"2026-01-31","1号店 アキバ絶対領域","ひる","ちょこ","2017433454217212328"
"2026-01-31","1号店 アキバ絶対領域","ひる","ひかり","2017433454217212328"
"2026-01-31","1号店 アキバ絶対領域","ひる","ふぁん","2017433454217212328"
"2026-01-31","1号店 アキバ絶対領域","よる","える","2017530164796903664"
"2026-01-31","1号店 アキバ絶対領域","よる","こえび","2017530164796903664"
"2026-01-31","1号店 アキバ絶対領域","よる","ひかり","2017530164796903664"
"2026-01-31","1号店 アキバ絶対領域","よる","まこと","2017530164796903664"
"2026-01-31","1号店 アキバ絶対領域","よる","まふゆ","2017530164796903664"
"2026-01-31","1号店 アキバ絶対領域","よる","もなか","2017530164796903664"
"2026-01-31","2号店 A.D.1912","ひる","あめる","2017434807530361177"
"2026-01-31","2号店 A.D.1912","ひる","えみ","2017434807530361177"
"2026-01-31","2号店 A.D.1912","ひる","かすみ","2017434807530361177"
"2026-01-31","2号店 A.D.1912","ひる","つくし","2017434807530361177"
"2026-01-31","2号店 A.D.1912","ひる","のの","2017434807530361177"
"2026-01-31","2号店 A.D.1912","ひる","ひなり","2017434807530361177"
"2026-01-31","2号店 A.D.1912","ひる","まこと","2017434807530361177"
"2026-01-31","2号店 A.D.1912","よる","ありす","2017539662802522248"
"2026-01-31","2号店 A.D.1912","よる","うる","2017539662802522248"
"2026-01-31","2号店 A.D.1912","よる","かなた","2017539662802522248"
"2026-01-31","2号店 A.D.1912","よる","けだま","2017539662802522248"
"2026-01-31","2号店 A.D.1912","よる","まひろ","2017539662802522248"
"2026-01-31","2号店 A.D.1912","よる","みえる","2017539662802522248"
"2026-01-31","2号店 A.D.1912","よる","みりあ","2017539662802522248"
"2026-01-31","4号店 A.D.2045","ひる","すくい","2017437707648307667"
"2026-01-31","4号店 A.D.2045","ひる","つむぎ","2017437707648307667"
"2026-01-31","4号店 A.D.2045","ひる","みりあ","2017437707648307667"
"2026-01-31","4号店 A.D.2045","ひる","みりん","2017437707648307667"
"2026-02-01","1号店 アキバ絶対領域","ひる","かなた","2017799679053074667"
"2026-02-01","1号店 アキバ絶対領域","ひる","すくい","2017799679053074667"
"2026-02-01","1号店 アキバ絶対領域","ひる","つぼみ","2017799679053074667"
"2026-02-01","1号店 アキバ絶対領域","ひる","みりあ","2017799679053074667"
"2026-02-01","1号店 アキバ絶対領域","ひる","もなか","2017799679053074667"
"2026-02-01","1号店 アキバ絶対領域","よる","あめる","2017880147245076749"
"2026-02-01","1号店 アキバ絶対領域","よる","ありす","2017880147245076749"
"2026-02-01","1号店 アキバ絶対領域","よる","いろは","2017880147245076749"
"2026-02-01","1号店 アキバ絶対領域","よる","めろ","2017880147245076749"
"2026-02-01","2号店 A.D.1912","よる","うる","2017888973297942729"
"2026-02-01","2号店 A.D.1912","よる","かなた","2017888973297942729"
"2026-02-01","2号店 A.D.1912","よる","すくい","2017888973297942729"
"2026-02-01","2号店 A.D.1912","よる","ひかり","2017888973297942729"
"2026-02-01","2号店 A.D.1912","よる","ひなり","2017888973297942729"
"2026-02-01","2号店 A.D.1912","よる","まこと","2017888973297942729"
"2026-02-01","2号店 A.D.1912","よる","るるか","2017888973297942729"
"2026-02-02","1号店 アキバ絶対領域","ひる","あいら","2018168297230160279"
"2026-02-02","1号店 アキバ絶対領域","ひる","あむ","2018168297230160279"
"2026-02-02","1号店 アキバ絶対領域","ひる","あらた","2018168297230160279"
"2026-02-02","1号店 アキバ絶対領域","ひる","ねむり","2018168297230160279"
"2026-02-02","1号店 アキバ絶対領域","ひる","のの","2018168297230160279"
"2026-02-02","1号店 アキバ絶対領域","ひる","みりあ","2018168297230160279"
"2026-02-02","1号店 アキバ絶対領域","よる","あむ","2018250947718492628"
"2026-02-02","1号店 アキバ絶対領域","よる","あらた","2018250947718492628"
"2026-02-02","1号店 アキバ絶対領域","よる","いろは","2018250947718492628"
"2026-02-02","1号店 アキバ絶対領域","よる","きらり","2018250947718492628"
"2026-02-02","1号店 アキバ絶対領域","よる","すい","2018250947718492628"
"2026-02-02","1号店 アキバ絶対領域","よる","ひかり","2018250947718492628"
"2026-02-03","1号店 アキバ絶対領域","よる","うる","2018617242167189996"
"2026-02-03","1号店 アキバ絶対領域","よる","しゃち","2018617242167189996"
"2026-02-03","1号店 アキバ絶対領域","よる","ちさと","2018617242167189996"
"2026-02-03","1号店 アキバ絶対領域","よる","ちょこ","2018617242167189996"
"2026-02-03","1号店 アキバ絶対領域","よる","ひかり","2018617242167189996"
"2026-02-03","1号店 アキバ絶対領域","よる","まふゆ","2018617242167189996"
"2026-02-03","3号店 +e","ひる","あいら","2018526164835611061"
"2026-02-03","3号店 +e","ひる","あいら","2018521218941682119"
"2026-02-03","3号店 +e","ひる","うる","2018526164835611061"
"2026-02-03","3号店 +e","ひる","うる","2018521218941682119"
"2026-02-03","3号店 +e","ひる","かすみ","2018521218941682119"
"2026-02-03","3号店 +e","ひる","かすみ","2018526164835611061"
"2026-02-03","3号店 +e","ひる","すくい","2018526164835611061"
"2026-02-03","3号店 +e","ひる","すくい","2018521218941682119"
"2026-02-03","3号店 +e","ひる","つくし","2018526164835611061"
"2026-02-03","3号店 +e","ひる","つくし","2018521218941682119"
"2026-02-03","3号店 +e","ひる","はぴる","2018521218941682119"
"2026-02-03","3号店 +e","ひる","はぴる","2018526164835611061"
"2026-02-03","4号店 A.D.2045","よる","あめる","2018601648009220239"
"2026-02-03","4号店 A.D.2045","よる","いろは","2018601648009220239"
"2026-02-03","4号店 A.D.2045","よる","こい","2018601648009220239"
"2026-02-03","4号店 A.D.2045","よる","まこと","2018601648009220239"
"2026-02-04","1号店 アキバ絶対領域","ひる","あむ","2018888626588078153"
"2026-02-04","1号店 アキバ絶対領域","ひる","える","2018888626588078153"
"2026-02-04","1号店 アキバ絶対領域","ひる","すくい","2018888626588078153"
"2026-02-04","1号店 アキバ絶対領域","ひる","つぼみ","2018888626588078153"
"2026-02-04","1号店 アキバ絶対領域","ひる","みりん","2018888626588078153"
"2026-02-04","1号店 アキバ絶対領域","ひる","もなか","2018888626588078153"
"2026-02-04","1号店 アキバ絶対領域","よる","あいら","2018980678969471315"
"2026-02-04","1号店 アキバ絶対領域","よる","あめる","2018980678969471315"
"2026-02-04","1号店 アキバ絶対領域","よる","うる","2018980678969471315"
"2026-02-04","1号店 アキバ絶対領域","よる","かなた","2018980678969471315"
"2026-02-04","1号店 アキバ絶対領域","よる","もなか","2018980678969471315"
"2026-02-04","2号店 A.D.1912","ひる","うな","2018888894809510372"
"2026-02-04","2号店 A.D.1912","ひる","えみ","2018888894809510372"
"2026-02-04","2号店 A.D.1912","ひる","かなた","2018888894809510372"
"2026-02-04","2号店 A.D.1912","ひる","まこと","2018888894809510372"
"2026-02-04","2号店 A.D.1912","ひる","みりあ","2018888894809510372"
"2026-02-05","1号店 アキバ絶対領域","ひる","あむ","2019245223839453632"
"2026-02-05","1号店 アキバ絶対領域","ひる","うる","2019245223839453632"
"2026-02-05","1号店 アキバ絶対領域","ひる","かなた","2019245223839453632"
"2026-02-05","1号店 アキバ絶対領域","ひる","きらり","2019245223839453632"
"2026-02-05","1号店 アキバ絶対領域","ひる","みりん","2019245223839453632"
"2026-02-05","1号店 アキバ絶対領域","ひる","るるか","2019245223839453632"
"2026-02-05","1号店 アキバ絶対領域","よる","あめる","2019339381837005226"
"2026-02-05","1号店 アキバ絶対領域","よる","うる","2019339381837005226"
"2026-02-05","1号店 アキバ絶対領域","よる","さぴ","2019339381837005226"
"2026-02-05","1号店 アキバ絶対領域","よる","つぼみ","2019339381837005226"
"2026-02-05","1号店 アキバ絶対領域","よる","まひろ","2019339381837005226"
"2026-02-05","1号店 アキバ絶対領域","よる","めろ","2019339381837005226"
"2026-02-06","1号店 アキバ絶対領域","ひる","あむ","2019626964693446990"
"2026-02-06","1号店 アキバ絶対領域","ひる","うな","2019626964693446990"
"2026-02-06","1号店 アキバ絶対領域","ひる","える","2019626964693446990"
"2026-02-06","1号店 アキバ絶対領域","ひる","すくい","2019626964693446990"
"2026-02-06","1号店 アキバ絶対領域","ひる","まこと","2019626964693446990"
"2026-02-06","1号店 アキバ絶対領域","よる","あめる","2019709529127358616"
"2026-02-06","1号店 アキバ絶対領域","よる","こん","2019709529127358616"
"2026-02-06","1号店 アキバ絶対領域","よる","さぴ","2019709529127358616"
"2026-02-06","1号店 アキバ絶対領域","よる","みりん","2019709529127358616"
"2026-02-06","1号店 アキバ絶対領域","よる","もなか","2019709529127358616"
"2026-02-06","3号店 +e","ひる","あめる","2019627245179138365"
"2026-02-06","3号店 +e","ひる","あらた","2019627245179138365"
"2026-02-06","3号店 +e","ひる","こい","2019627245179138365"
"2026-02-06","3号店 +e","ひる","つくし","2019627245179138365"
"2026-02-06","3号店 +e","ひる","つぼみ","2019627245179138365"
"2026-02-06","3号店 +e","ひる","ひなり","2019627245179138365"
"2026-02-06","4号店 A.D.2045","よる","こえび","2019689246853087266"
"2026-02-06","4号店 A.D.2045","よる","ばにら","2019689246853087266"
"2026-02-06","4号店 A.D.2045","よる","まこと","2019689246853087266"
"2026-02-06","4号店 A.D.2045","よる","みりあ","2019689246853087266"
"2026-02-06","4号店 A.D.2045","よる","るるか","2019689246853087266"
"2026-02-07","1号店 アキバ絶対領域","ひる","うな","2019970303284375611"
"2026-02-07","1号店 アキバ絶対領域","ひる","える","2019970303284375611"
"2026-02-07","1号店 アキバ絶対領域","ひる","まふゆ","2019970303284375611"
"2026-02-07","1号店 アキバ絶対領域","ひる","みりあ","2019970303284375611"
"2026-02-07","1号店 アキバ絶対領域","ひる","るるか","2019970303284375611"
"2026-02-07","1号店 アキバ絶対領域","よる","あむ","2020085837309116677"
"2026-02-07","1号店 アキバ絶対領域","よる","あらた","2020085837309116677"
"2026-02-07","1号店 アキバ絶対領域","よる","かなた","2020085837309116677"
"2026-02-07","1号店 アキバ絶対領域","よる","さぴ","2020085837309116677"
"2026-02-07","1号店 アキバ絶対領域","よる","めろ","2020085837309116677"
"2026-02-07","1号店 アキバ絶対領域","よる","もなか","2020085837309116677"
"2026-02-07","2号店 A.D.1912","ひる","あむ","2019974802573074455"
"2026-02-07","2号店 A.D.1912","ひる","あらた","2019974802573074455"
"2026-02-07","2号店 A.D.1912","ひる","こい","2019974802573074455"
"2026-02-07","2号店 A.D.1912","ひる","すい","2019974802573074455"
"2026-02-07","2号店 A.D.1912","ひる","つぼみ","2019974802573074455"
"2026-02-07","2号店 A.D.1912","ひる","のの","2019974802573074455"
"2026-02-07","2号店 A.D.1912","ひる","もなか","2019974802573074455"
"2026-02-08","1号店 アキバ絶対領域","ひる","いろは","2020335322559836362"
"2026-02-08","1号店 アキバ絶対領域","ひる","しゃち","2020335322559836362"
"2026-02-08","1号店 アキバ絶対領域","ひる","すくい","2020335322559836362"
"2026-02-08","1号店 アキバ絶対領域","ひる","みりあ","2020335322559836362"
"2026-02-08","1号店 アキバ絶対領域","ひる","みりん","2020335322559836362"
"2026-02-08","1号店 アキバ絶対領域","ひる","もなか","2020335322559836362"
"2026-02-08","1号店 アキバ絶対領域","よる","かなた","2020424469274374480"
"2026-02-08","1号店 アキバ絶対領域","よる","こえび","2020424469274374480"
"2026-02-08","1号店 アキバ絶対領域","よる","すくい","2020424469274374480"
"2026-02-08","1号店 アキバ絶対領域","よる","ばにら","2020424469274374480"
"2026-02-08","1号店 アキバ絶対領域","よる","みりあ","2020424469274374480"
"2026-02-08","1号店 アキバ絶対領域","よる","みりん","2020424469274374480"
"2026-02-08","3号店 +e","ひる","あめる","2020340954893545847"
"2026-02-08","3号店 +e","ひる","えみ","2020340954893545847"
"2026-02-08","3号店 +e","ひる","こい","2020340954893545847"
"2026-02-08","3号店 +e","ひる","さぴ","2020340954893545847"
"2026-02-08","3号店 +e","ひる","まこと","2020340954893545847"
"2026-02-08","3号店 +e","よる","あむ","2020433644524072966"
"2026-02-08","3号店 +e","よる","さぴ","2020433644524072966"
"2026-02-08","3号店 +e","よる","まこと","2020433644524072966"
"2026-02-08","3号店 +e","よる","まひろ","2020433644524072966"
"2026-02-08","3号店 +e","よる","みえる","2020433644524072966"
"2026-02-08","3号店 +e","よる","みぞれ","2020433644524072966"
"2026-02-09","1号店 アキバ絶対領域","ひる","あめる","2020695005996945706"
"2026-02-09","1号店 アキバ絶対領域","ひる","あらた","2020695005996945706"
"2026-02-09","1号店 アキバ絶対領域","ひる","しゃち","2020695005996945706"
"2026-02-09","1号店 アキバ絶対領域","ひる","ねむり","2020695005996945706"
"2026-02-09","1号店 アキバ絶対領域","ひる","ひなり","2020695005996945706"
"2026-02-09","1号店 アキバ絶対領域","ひる","まふゆ","2020695005996945706"
"2026-02-09","1号店 アキバ絶対領域","よる","あまめ","2020812630261137813"
"2026-02-09","1号店 アキバ絶対領域","よる","うる","2020812630261137813"
"2026-02-09","1号店 アキバ絶対領域","よる","さぴ","2020812630261137813"
"2026-02-09","1号店 アキバ絶対領域","よる","しゃち","2020812630261137813"
"2026-02-09","1号店 アキバ絶対領域","よる","ひなり","2020812630261137813"
"2026-02-09","1号店 アキバ絶対領域","よる","るるか","2020812630261137813"
"2026-02-09","2号店 A.D.1912","ひる","いろは","2020696948794421545"
"2026-02-09","2号店 A.D.1912","ひる","すくい","2020696948794421545"
"2026-02-09","2号店 A.D.1912","ひる","つくし","2020696948794421545"
"2026-02-09","2号店 A.D.1912","ひる","のの","2020696948794421545"
"2026-02-09","2号店 A.D.1912","ひる","はぴる","2020696948794421545"
"2026-02-09","2号店 A.D.1912","ひる","まこと","2020696948794421545"
"2026-02-09","2号店 A.D.1912","よる","あめる","2020789062563397664"
"2026-02-09","2号店 A.D.1912","よる","あらた","2020789062563397664"
"2026-02-09","2号店 A.D.1912","よる","すい","2020789062563397664"
"2026-02-09","2号店 A.D.1912","よる","すくい","2020789062563397664"
"2026-02-09","2号店 A.D.1912","よる","ばにら","2020789062563397664"
"2026-02-09","2号店 A.D.1912","よる","まひろ","2020789062563397664"
"2026-02-10","1号店 アキバ絶対領域","ひる","うな","2021059335158366229"
"2026-02-10","1号店 アキバ絶対領域","ひる","えみ","2021059335158366229"
"2026-02-10","1号店 アキバ絶対領域","ひる","すくい","2021059335158366229"
"2026-02-10","1号店 アキバ絶対領域","ひる","まこと","2021059335158366229"
"2026-02-10","1号店 アキバ絶対領域","ひる","みりあ","2021059335158366229"
"2026-02-10","1号店 アキバ絶対領域","よる","あらた","2021143074135834655"
"2026-02-10","1号店 アキバ絶対領域","よる","いろは","2021143074135834655"
"2026-02-10","1号店 アキバ絶対領域","よる","しゃち","2021143074135834655"
"2026-02-10","1号店 アキバ絶対領域","よる","ちさと","2021143074135834655"
"2026-02-10","1号店 アキバ絶対領域","よる","まふゆ","2021143074135834655"
"2026-02-10","1号店 アキバ絶対領域","よる","もなか","2021143074135834655"
"2026-02-10","3号店 +e","ひる","あいら","2021059135220109661"
"2026-02-10","3号店 +e","ひる","あむ","2021059135220109661"
"2026-02-10","3号店 +e","ひる","あらた","2021059135220109661"
"2026-02-10","3号店 +e","ひる","えな","2021059135220109661"
"2026-02-10","3号店 +e","ひる","こん","2021059135220109661"
"2026-02-10","3号店 +e","ひる","つくし","2021059135220109661"
"2026-02-10","3号店 +e","ひる","みぞれ","2021059135220109661"
"2026-02-10","4号店 A.D.2045","よる","える","2021135973099471321"
"2026-02-10","4号店 A.D.2045","よる","はぴる","2021135973099471321"
"2026-02-10","4号店 A.D.2045","よる","まこと","2021135973099471321"
"2026-02-10","4号店 A.D.2045","よる","みえる","2021135973099471321"
"2026-02-11","1号店 アキバ絶対領域","ひる","あめる","2021419731954303315"
"2026-02-11","1号店 アキバ絶対領域","ひる","うな","2021419731954303315"
"2026-02-11","1号店 アキバ絶対領域","ひる","かすみ","2021419731954303315"
"2026-02-11","1号店 アキバ絶対領域","ひる","のの","2021419731954303315"
"2026-02-11","1号店 アキバ絶対領域","ひる","みぞれ","2021419731954303315"
"2026-02-11","1号店 アキバ絶対領域","ひる","みりん","2021419731954303315"
"2026-02-11","1号店 アキバ絶対領域","ひる","もなか","2021419731954303315"
"2026-02-11","1号店 アキバ絶対領域","よる","うる","2021512252680241155"
"2026-02-11","1号店 アキバ絶対領域","よる","すくい","2021512252680241155"
"2026-02-11","1号店 アキバ絶対領域","よる","みりあ","2021512252680241155"
"2026-02-11","1号店 アキバ絶対領域","よる","めろ","2021512252680241155"
"2026-02-11","1号店 アキバ絶対領域","よる","もなか","2021512252680241155"
"2026-02-11","1号店 アキバ絶対領域","よる","るるか","2021512252680241155"
"2026-02-11","2号店 A.D.1912","よる","ねむり","2021512538236788839"
"2026-02-11","2号店 A.D.1912","よる","ばにら","2021512538236788839"
"2026-02-11","2号店 A.D.1912","よる","ひかり","2021512538236788839"
"2026-02-11","2号店 A.D.1912","よる","みえる","2021512538236788839"
"2026-02-11","2号店 A.D.1912","よる","みぞれ","2021512538236788839"
"2026-02-11","2号店 A.D.1912","よる","みりん","2021512538236788839"
"2026-02-11","4号店 A.D.2045","ひる","うる","2021420355810885799"
"2026-02-11","4号店 A.D.2045","ひる","すくい","2021420355810885799"
"2026-02-11","4号店 A.D.2045","ひる","ねむり","2021420355810885799"
"2026-02-11","4号店 A.D.2045","ひる","ぺろ","2021420355810885799"
"2026-02-11","4号店 A.D.2045","ひる","みりあ","2021420355810885799"
"2026-02-12","1号店 アキバ絶対領域","ひる","しゃち","2021782319674405010"
"2026-02-12","1号店 アキバ絶対領域","ひる","つくし","2021782319674405010"
"2026-02-12","1号店 アキバ絶対領域","ひる","つぼみ","2021782319674405010"
"2026-02-12","1号店 アキバ絶対領域","ひる","はぴる","2021782319674405010"
"2026-02-12","1号店 アキバ絶対領域","ひる","まふゆ","2021782319674405010"
"2026-02-12","1号店 アキバ絶対領域","ひる","みりん","2021782319674405010"
"2026-02-12","1号店 アキバ絶対領域","よる","あいら","2021881725484454071"
"2026-02-12","1号店 アキバ絶対領域","よる","あめる","2021881725484454071"
"2026-02-12","1号店 アキバ絶対領域","よる","えみ","2021881725484454071"
"2026-02-12","1号店 アキバ絶対領域","よる","かすみ","2021881725484454071"
"2026-02-12","1号店 アキバ絶対領域","よる","まこと","2021881725484454071"
"2026-02-12","1号店 アキバ絶対領域","よる","まふゆ","2021881725484454071"
"2026-02-12","1号店 アキバ絶対領域","よる","るるか","2021881725484454071"
"2026-02-12","3号店 +e","ひる","あむ","2021783029702963266"
"2026-02-12","3号店 +e","ひる","あらた","2021783029702963266"
"2026-02-12","3号店 +e","ひる","えな","2021783029702963266"
"2026-02-12","3号店 +e","ひる","える","2021783029702963266"
"2026-02-12","3号店 +e","ひる","まこと","2021783029702963266"
"2026-02-12","3号店 +e","ひる","みりあ","2021783029702963266"
"2026-02-12","3号店 +e","ひる","もなか","2021783029702963266"
"2026-02-13","1号店 アキバ絶対領域","ひる","あいら","2022238842280099994"
"2026-02-13","1号店 アキバ絶対領域","ひる","あむ","2022238842280099994"
"2026-02-13","1号店 アキバ絶対領域","ひる","うる","2022238842280099994"
"2026-02-13","1号店 アキバ絶対領域","ひる","こん","2022144810610831690"
"2026-02-13","1号店 アキバ絶対領域","ひる","さぴ","2022238842280099994"
"2026-02-13","1号店 アキバ絶対領域","ひる","しゃち","2022144810610831690"
"2026-02-13","1号店 アキバ絶対領域","ひる","ちさと","2022238842280099994"
"2026-02-13","1号店 アキバ絶対領域","ひる","ひかり","2022144810610831690"
"2026-02-13","1号店 アキバ絶対領域","ひる","ひなり","2022144810610831690"
"2026-02-13","1号店 アキバ絶対領域","ひる","みえる","2022238842280099994"
"2026-02-13","1号店 アキバ絶対領域","ひる","もなか","2022238842280099994"
"2026-02-13","2号店 A.D.1912","ひる","あむ","2022148670603637151"
"2026-02-13","2号店 A.D.1912","ひる","かなた","2022148670603637151"
"2026-02-13","2号店 A.D.1912","ひる","つぼみ","2022148670603637151"
"2026-02-13","2号店 A.D.1912","ひる","のの","2022148670603637151"
"2026-02-13","2号店 A.D.1912","ひる","まこと","2022148670603637151"
"2026-02-13","4号店 A.D.2045","よる","ひかり","2022224006209057022"
"2026-02-13","4号店 A.D.2045","よる","まこと","2022224006209057022"
"2026-02-13","4号店 A.D.2045","よる","みぞれ","2022224006209057022"
"2026-02-13","4号店 A.D.2045","よる","るるか","2022224006209057022"
"2026-02-14","1号店 アキバ絶対領域","ひる","かすみ","2022509497277882722"
"2026-02-14","1号店 アキバ絶対領域","ひる","しょこら","2022509497277882722"
"2026-02-14","1号店 アキバ絶対領域","ひる","ちょこ","2022509497277882722"
"2026-02-14","1号店 アキバ絶対領域","ひる","まこと","2022509497277882722"
"2026-02-14","1号店 アキバ絶対領域","ひる","みりあ","2022509497277882722"
"2026-02-14","1号店 アキバ絶対領域","ひる","めろ","2022509497277882722"
"2026-02-14","1号店 アキバ絶対領域","ひる","もなか","2022509497277882722"
"2026-02-14","1号店 アキバ絶対領域","よる","かなた","2022588312406688047"
"2026-02-14","1号店 アキバ絶対領域","よる","きらり","2022588312406688047"
"2026-02-14","1号店 アキバ絶対領域","よる","ひかり","2022588312406688047"
"2026-02-14","1号店 アキバ絶対領域","よる","まふゆ","2022588312406688047"
"2026-02-14","1号店 アキバ絶対領域","よる","みえる","2022588312406688047"
"2026-02-14","1号店 アキバ絶対領域","よる","みりん","2022588312406688047"
"2026-02-14","4号店 A.D.2045","よる","すい","2022589633109070073"
"2026-02-14","4号店 A.D.2045","よる","ばにら","2022589633109070073"
"2026-02-14","4号店 A.D.2045","よる","まこと","2022589633109070073"
"2026-02-14","4号店 A.D.2045","よる","みりあ","2022589633109070073"
"2026-02-15","1号店 アキバ絶対領域","ひる","あむ","2022870718686670853"
"2026-02-15","1号店 アキバ絶対領域","ひる","うな","2022870718686670853"
"2026-02-15","1号店 アキバ絶対領域","ひる","えみ","2022870718686670853"
"2026-02-15","1号店 アキバ絶対領域","ひる","しゃち","2022870718686670853"
"2026-02-15","1号店 アキバ絶対領域","ひる","のの","2022870718686670853"
"2026-02-15","1号店 アキバ絶対領域","ひる","まふゆ","2022870718686670853"
"2026-02-15","1号店 アキバ絶対領域","ひる","みりん","2022870718686670853"
"2026-02-15","1号店 アキバ絶対領域","よる","あまめ","2022952033557582259"
"2026-02-15","1号店 アキバ絶対領域","よる","あめる","2022952033557582259"
"2026-02-15","1号店 アキバ絶対領域","よる","うる","2022952033557582259"
"2026-02-15","1号店 アキバ絶対領域","よる","さぴ","2022952033557582259"
"2026-02-15","1号店 アキバ絶対領域","よる","ちょこ","2022952033557582259"
"2026-02-15","1号店 アキバ絶対領域","よる","ひなり","2022952033557582259"
"2026-02-15","4号店 A.D.2045","ひる","うる","2022870231975366867"
"2026-02-15","4号店 A.D.2045","ひる","かすみ","2022870231975366867"
"2026-02-15","4号店 A.D.2045","ひる","つくし","2022870231975366867"
"2026-02-15","4号店 A.D.2045","ひる","みりあ","2022870231975366867"
"2026-02-15","4号店 A.D.2045","ひる","るるか","2022870231975366867"
"2026-02-16","1号店 アキバ絶対領域","ひる","あらた","2023229977689546792"
"2026-02-16","1号店 アキバ絶対領域","ひる","うな","2023229977689546792"
"2026-02-16","1号店 アキバ絶対領域","ひる","きらり","2023229977689546792"
"2026-02-16","1号店 アキバ絶対領域","ひる","ちさと","2023229977689546792"
"2026-02-16","1号店 アキバ絶対領域","ひる","みえる","2023229977689546792"
"2026-02-16","1号店 アキバ絶対領域","ひる","みりあ","2023229977689546792"
"2026-02-16","1号店 アキバ絶対領域","よる","あくび","2023315679232028692"
"2026-02-16","1号店 アキバ絶対領域","よる","あむ","2023315679232028692"
"2026-02-16","1号店 アキバ絶対領域","よる","つぼみ","2023315679232028692"
"2026-02-16","1号店 アキバ絶対領域","よる","のの","2023315679232028692"
"2026-02-16","1号店 アキバ絶対領域","よる","まこと","2023315679232028692"
"2026-02-16","1号店 アキバ絶対領域","よる","もなか","2023315679232028692"
"2026-02-16","3号店 +e","ひる","あいら","2023233823471984710"
"2026-02-16","3号店 +e","ひる","あめる","2023233823471984710"
"2026-02-16","3号店 +e","ひる","える","2023233823471984710"
"2026-02-16","3号店 +e","ひる","かなた","2023233823471984710"
"2026-02-16","3号店 +e","ひる","こい","2023233823471984710"
"2026-02-16","3号店 +e","ひる","しゃち","2023233823471984710"
"2026-02-16","3号店 +e","ひる","まこと","2023233823471984710"
"2026-02-16","4号店 A.D.2045","よる","うる","2023310428168974650"
"2026-02-16","4号店 A.D.2045","よる","すくい","2023310428168974650"
"2026-02-16","4号店 A.D.2045","よる","ねむり","2023310428168974650"
"2026-02-16","4号店 A.D.2045","よる","ばにら","2023310428168974650"
"2026-02-16","4号店 A.D.2045","よる","みりあ","2023310428168974650"
"2026-02-17","1号店 アキバ絶対領域","ひる","こい","2023596295819321466"
"2026-02-17","1号店 アキバ絶対領域","ひる","ぺろ","2023596295819321466"
"2026-02-17","1号店 アキバ絶対領域","ひる","まこと","2023596295819321466"
"2026-02-17","1号店 アキバ絶対領域","ひる","みりあ","2023596295819321466"
"2026-02-17","1号店 アキバ絶対領域","ひる","もなか","2023596295819321466"
"2026-02-17","1号店 アキバ絶対領域","ひる","るるか","2023596295819321466"
"2026-02-17","1号店 アキバ絶対領域","よる","あめる","2023685430869455318"
"2026-02-17","1号店 アキバ絶対領域","よる","あらた","2023685430869455318"
"2026-02-17","1号店 アキバ絶対領域","よる","えな","2023685430869455318"
"2026-02-17","1号店 アキバ絶対領域","よる","ちょこ","2023685430869455318"
"2026-02-17","1号店 アキバ絶対領域","よる","のの","2023685430869455318"
"2026-02-17","1号店 アキバ絶対領域","よる","もなか","2023685430869455318"
"2026-02-17","2号店 A.D.1912","ひる","あめる","2023594886164082859"
"2026-02-17","2号店 A.D.1912","ひる","あらた","2023594886164082859"
"2026-02-17","2号店 A.D.1912","ひる","いろは","2023594886164082859"
"2026-02-17","2号店 A.D.1912","ひる","えな","2023594886164082859"
"2026-02-17","2号店 A.D.1912","ひる","かなた","2023594886164082859"
"2026-02-18","1号店 アキバ絶対領域","ひる","あむ","2023957939577385110"
"2026-02-18","1号店 アキバ絶対領域","ひる","うな","2023957939577385110"
"2026-02-18","1号店 アキバ絶対領域","ひる","こん","2023957939577385110"
"2026-02-18","1号店 アキバ絶対領域","ひる","ちさと","2023957939577385110"
"2026-02-18","1号店 アキバ絶対領域","ひる","ばにら","2023957939577385110"
"2026-02-18","1号店 アキバ絶対領域","ひる","みりん","2023957939577385110"
"2026-02-18","1号店 アキバ絶対領域","よる","えみ","2024052508726006033"
"2026-02-18","1号店 アキバ絶対領域","よる","ひかり","2024052508726006033"
"2026-02-18","1号店 アキバ絶対領域","よる","みぞれ","2024052508726006033"
"2026-02-18","1号店 アキバ絶対領域","よる","みりん","2024052508726006033"
"2026-02-18","1号店 アキバ絶対領域","よる","めろ","2024052508726006033"
"2026-02-18","1号店 アキバ絶対領域","よる","もなか","2024052508726006033"
"2026-02-18","2号店 A.D.1912","ひる","あいら","2023959156357820895"
"2026-02-18","2号店 A.D.1912","ひる","うる","2023959156357820895"
"2026-02-18","2号店 A.D.1912","ひる","さぴ","2023959156357820895"
"2026-02-18","2号店 A.D.1912","ひる","すくい","2023959156357820895"
"2026-02-18","2号店 A.D.1912","ひる","ちょこ","2023959156357820895"
"2026-02-18","2号店 A.D.1912","ひる","ねむり","2023959156357820895"
"2026-02-18","2号店 A.D.1912","ひる","ひかり","2023959156357820895"
"2026-02-19","1号店 アキバ絶対領域","ひる","ちょこ","2024318788293046543"
"2026-02-19","1号店 アキバ絶対領域","ひる","のの","2024318788293046543"
"2026-02-19","1号店 アキバ絶対領域","ひる","まこと","2024318788293046543"
"2026-02-19","1号店 アキバ絶対領域","ひる","みりあ","2024318788293046543"
"2026-02-19","1号店 アキバ絶対領域","ひる","もなか","2024318788293046543"
"2026-02-19","1号店 アキバ絶対領域","よる","あいら","2024413252193858013"
"2026-02-19","1号店 アキバ絶対領域","よる","あむ","2024413252193858013"
"2026-02-19","1号店 アキバ絶対領域","よる","しょこら","2024413252193858013"
"2026-02-19","1号店 アキバ絶対領域","よる","ちゆ","2024413252193858013"
"2026-02-19","1号店 アキバ絶対領域","よる","みりん","2024413252193858013"
"2026-02-19","1号店 アキバ絶対領域","よる","めろ","2024413252193858013"
"2026-02-19","1号店 アキバ絶対領域","よる","もなか","2024413252193858013"
"2026-02-19","4号店 A.D.2045","ひる","あめる","2024319060834734378"
"2026-02-19","4号店 A.D.2045","ひる","あらた","2024319060834734378"
"2026-02-19","4号店 A.D.2045","ひる","きらり","2024319060834734378"
"2026-02-19","4号店 A.D.2045","ひる","すくい","2024319060834734378"
"2026-02-19","4号店 A.D.2045","ひる","るるか","2024319060834734378"
"2026-02-19","4号店 A.D.2045","よる","すくい","2024413369458184408"
"2026-02-19","4号店 A.D.2045","よる","ねむり","2024413369458184408"
"2026-02-19","4号店 A.D.2045","よる","ばにら","2024413369458184408"
"2026-02-19","4号店 A.D.2045","よる","まこと","2024413369458184408"
"2026-02-19","4号店 A.D.2045","よる","みりあ","2024413369458184408"
"2026-02-20","1号店 アキバ絶対領域","ひる","あくび","2024683855920427332"
"2026-02-20","1号店 アキバ絶対領域","ひる","うる","2024683855920427332"
"2026-02-20","1号店 アキバ絶対領域","ひる","えみ","2024683855920427332"
"2026-02-20","1号店 アキバ絶対領域","ひる","かなた","2024683855920427332"
"2026-02-20","1号店 アキバ絶対領域","ひる","すくい","2024683855920427332"
"2026-02-20","1号店 アキバ絶対領域","ひる","のの","2024683855920427332"
"2026-02-20","1号店 アキバ絶対領域","ひる","るるか","2024683855920427332"
"2026-02-20","1号店 アキバ絶対領域","よる","あめる","2024773000256700722"
"2026-02-20","1号店 アキバ絶対領域","よる","ありす","2024773000256700722"
"2026-02-20","1号店 アキバ絶対領域","よる","しょこら","2024773000256700722"
"2026-02-20","1号店 アキバ絶対領域","よる","ちゆ","2024773000256700722"
"2026-02-20","1号店 アキバ絶対領域","よる","みりん","2024773000256700722"
"2026-02-20","1号店 アキバ絶対領域","よる","るるか","2024773000256700722"
"2026-02-20","3号店 +e","ひる","あめる","2024685514914447502"
"2026-02-20","3号店 +e","ひる","あらた","2024685514914447502"
"2026-02-20","3号店 +e","ひる","える","2024685514914447502"
"2026-02-20","3号店 +e","ひる","さぴ","2024685514914447502"
"2026-02-20","3号店 +e","ひる","はぴる","2024685514914447502"
"2026-02-20","3号店 +e","ひる","みぞれ","2024685514914447502"
"2026-02-20","3号店 +e","ひる","みりあ","2024685514914447502"
"2026-02-20","3号店 +e","ひる","みりん","2024685514914447502"
"2026-02-20","3号店 +e","よる","あまめ","2024763658254098931"
"2026-02-20","3号店 +e","よる","あむ","2024763658254098931"
"2026-02-20","3号店 +e","よる","あらた","2024763658254098931"
"2026-02-20","3号店 +e","よる","ばにら","2024763658254098931"
"2026-02-20","3号店 +e","よる","はぴる","2024763658254098931"
"2026-02-20","3号店 +e","よる","まこと","2024763658254098931"
"2026-02-20","3号店 +e","よる","めろ","2024763658254098931"
"2026-02-21","1号店 アキバ絶対領域","ひる","うな","2025050597393891671"
"2026-02-21","1号店 アキバ絶対領域","ひる","うる","2025050597393891671"
"2026-02-21","1号店 アキバ絶対領域","ひる","こい","2025050597393891671"
"2026-02-21","1号店 アキバ絶対領域","ひる","すくい","2025050597393891671"
"2026-02-21","1号店 アキバ絶対領域","ひる","ひかり","2025050597393891671"
"2026-02-21","1号店 アキバ絶対領域","ひる","ぺろ","2025050597393891671"
"2026-02-21","1号店 アキバ絶対領域","ひる","まふゆ","2025050597393891671"
"2026-02-21","1号店 アキバ絶対領域","よる","あむ","2025157580658810969"
"2026-02-21","1号店 アキバ絶対領域","よる","える","2025157580658810969"
"2026-02-21","1号店 アキバ絶対領域","よる","きらり","2025157580658810969"
"2026-02-21","1号店 アキバ絶対領域","よる","すい","2025157580658810969"
"2026-02-21","1号店 アキバ絶対領域","よる","まふゆ","2025157580658810969"
"2026-02-21","1号店 アキバ絶対領域","よる","みぞれ","2025157580658810969"
"2026-02-21","1号店 アキバ絶対領域","よる","みりん","2025157580658810969"
"2026-02-21","2号店 A.D.1912","ひる","あむ","2025051520115634574"
"2026-02-21","2号店 A.D.1912","ひる","あむ","2025050800947601558"
"2026-02-21","2号店 A.D.1912","ひる","あらた","2025051520115634574"
"2026-02-21","2号店 A.D.1912","ひる","あらた","2025050800947601558"
"2026-02-21","2号店 A.D.1912","ひる","こえび","2025051520115634574"
"2026-02-21","2号店 A.D.1912","ひる","こえび","2025050800947601558"
"2026-02-21","2号店 A.D.1912","ひる","つぼみ","2025050800947601558"
"2026-02-21","2号店 A.D.1912","ひる","つぼみ","2025051520115634574"
"2026-02-21","2号店 A.D.1912","ひる","のの","2025050800947601558"
"2026-02-21","2号店 A.D.1912","ひる","のの","2025051520115634574"
"2026-02-21","2号店 A.D.1912","ひる","みぞれ","2025051520115634574"
"2026-02-21","2号店 A.D.1912","ひる","みぞれ","2025050800947601558"
"2026-02-21","2号店 A.D.1912","よる","あまめ","2025137534200897839"
"2026-02-21","2号店 A.D.1912","よる","あめる","2025137534200897839"
"2026-02-21","2号店 A.D.1912","よる","うる","2025137534200897839"
"2026-02-21","2号店 A.D.1912","よる","えみ","2025137534200897839"
"2026-02-21","2号店 A.D.1912","よる","のの","2025137534200897839"
"2026-02-21","2号店 A.D.1912","よる","るるか","2025137534200897839"
"2026-02-22","1号店 アキバ絶対領域","ひる","あいら","2025409586212344163"
"2026-02-22","1号店 アキバ絶対領域","ひる","あめる","2025409586212344163"
"2026-02-22","1号店 アキバ絶対領域","ひる","うな","2025409586212344163"
"2026-02-22","1号店 アキバ絶対領域","ひる","こい","2025409586212344163"
"2026-02-22","1号店 アキバ絶対領域","ひる","ぺろ","2025409586212344163"
"2026-02-22","1号店 アキバ絶対領域","ひる","まこと","2025409586212344163"
"2026-02-22","1号店 アキバ絶対領域","ひる","みぞれ","2025409586212344163"
"2026-02-22","1号店 アキバ絶対領域","ひる","もなか","2025409586212344163"
"2026-02-22","1号店 アキバ絶対領域","よる","さぴ","2025506456741769648"
"2026-02-22","1号店 アキバ絶対領域","よる","しゃち","2025506456741769648"
"2026-02-22","1号店 アキバ絶対領域","よる","ばにら","2025506456741769648"
"2026-02-22","1号店 アキバ絶対領域","よる","みえる","2025506456741769648"
"2026-02-22","1号店 アキバ絶対領域","よる","みりあ","2025506456741769648"
"2026-02-22","1号店 アキバ絶対領域","よる","みりん","2025506456741769648"
"2026-02-22","1号店 アキバ絶対領域","よる","るるか","2025506456741769648"
"2026-02-22","2号店 A.D.1912","ひる","あくび","2025409868459647320"
"2026-02-22","2号店 A.D.1912","ひる","ありす","2025409868459647320"
"2026-02-22","2号店 A.D.1912","ひる","うる","2025409868459647320"
"2026-02-22","2号店 A.D.1912","ひる","えみ","2025409868459647320"
"2026-02-22","2号店 A.D.1912","ひる","けだま","2025409868459647320"
"2026-02-22","2号店 A.D.1912","ひる","しゃち","2025409868459647320"
"2026-02-22","2号店 A.D.1912","ひる","ちょこ","2025409868459647320"
"2026-02-22","2号店 A.D.1912","ひる","みりあ","2025409868459647320"
"2026-02-22","2号店 A.D.1912","よる","あまめ","2025511367562887393"
"2026-02-22","2号店 A.D.1912","よる","あむ","2025511367562887393"
"2026-02-22","2号店 A.D.1912","よる","いろは","2025511367562887393"
"2026-02-22","2号店 A.D.1912","よる","こえび","2025511367562887393"
"2026-02-22","2号店 A.D.1912","よる","まこと","2025511367562887393"
"2026-02-22","2号店 A.D.1912","よる","もなか","2025511367562887393"
"2026-02-23","1号店 アキバ絶対領域","ひる","うる","2025770288093475042"
"2026-02-23","1号店 アキバ絶対領域","ひる","こえび","2025770288093475042"
"2026-02-23","1号店 アキバ絶対領域","ひる","しょこら","2025770288093475042"
"2026-02-23","1号店 アキバ絶対領域","ひる","ちゆ","2025770288093475042"
"2026-02-23","1号店 アキバ絶対領域","ひる","まふゆ","2025770288093475042"
"2026-02-23","1号店 アキバ絶対領域","ひる","みりあ","2025770288093475042"
"2026-02-23","1号店 アキバ絶対領域","よる","あむ","2025860166152077701"
"2026-02-23","1号店 アキバ絶対領域","よる","しゃち","2025860166152077701"
"2026-02-23","1号店 アキバ絶対領域","よる","ばにら","2025860166152077701"
"2026-02-23","1号店 アキバ絶対領域","よる","ひかり","2025860166152077701"
"2026-02-23","1号店 アキバ絶対領域","よる","まこと","2025860166152077701"
"2026-02-23","1号店 アキバ絶対領域","よる","みぞれ","2025860166152077701"
"2026-02-23","1号店 アキバ絶対領域","よる","もなか","2025860166152077701"
"2026-02-23","4号店 A.D.2045","よる","あくび","2025846329466036645"
"2026-02-23","4号店 A.D.2045","よる","いろは","2025846329466036645"
"2026-02-23","4号店 A.D.2045","よる","うる","2025846329466036645"
"2026-02-23","4号店 A.D.2045","よる","える","2025846329466036645"
"2026-02-23","4号店 A.D.2045","よる","ちさと","2025846329466036645"
"2026-02-24","1号店 アキバ絶対領域","ひる","いろは","2026130585908019361"
"2026-02-24","1号店 アキバ絶対領域","ひる","うな","2026130585908019361"
"2026-02-24","1号店 アキバ絶対領域","ひる","かなた","2026130585908019361"
"2026-02-24","1号店 アキバ絶対領域","ひる","まふゆ","2026130585908019361"
"2026-02-24","1号店 アキバ絶対領域","ひる","みりあ","2026130585908019361"
"2026-02-24","1号店 アキバ絶対領域","よる","あむ","2026222935732797911"
"2026-02-24","1号店 アキバ絶対領域","よる","あらた","2026222935732797911"
"2026-02-24","1号店 アキバ絶対領域","よる","ありす","2026222935732797911"
"2026-02-24","1号店 アキバ絶対領域","よる","ちゆ","2026222935732797911"
"2026-02-24","1号店 アキバ絶対領域","よる","まひろ","2026222935732797911"
"2026-02-24","1号店 アキバ絶対領域","よる","もなか","2026222935732797911"
"2026-02-24","3号店 +e","ひる","あむ","2026130403351032058"
"2026-02-24","3号店 +e","ひる","あらた","2026130403351032058"
"2026-02-24","3号店 +e","ひる","えみ","2026130403351032058"
"2026-02-24","3号店 +e","ひる","ねむり","2026130403351032058"
"2026-02-24","3号店 +e","ひる","みぞれ","2026130403351032058"
"2026-02-24","3号店 +e","ひる","もなか","2026130403351032058"
"2026-02-24","3号店 +e","よる","あいら","2026227887582622120"
"2026-02-24","3号店 +e","よる","こえび","2026227887582622120"
"2026-02-24","3号店 +e","よる","すくい","2026227887582622120"
"2026-02-24","3号店 +e","よる","ちょこ","2026227887582622120"
"2026-02-24","3号店 +e","よる","まこと","2026227887582622120"
"2026-02-24","3号店 +e","よる","みりあ","2026227887582622120"
"2026-02-25","1号店 アキバ絶対領域","ひる","こん","2026496926481526829"
"2026-02-25","1号店 アキバ絶対領域","ひる","ひなり","2026496926481526829"
"2026-02-25","1号店 アキバ絶対領域","ひる","ぺろ","2026496926481526829"
"2026-02-25","1号店 アキバ絶対領域","ひる","まふゆ","2026496926481526829"
"2026-02-25","1号店 アキバ絶対領域","ひる","みぞれ","2026496926481526829"
"2026-02-25","1号店 アキバ絶対領域","ひる","みりん","2026496926481526829"
"2026-02-25","1号店 アキバ絶対領域","よる","あまめ","2026590284050739717"
"2026-02-25","1号店 アキバ絶対領域","よる","しょこら","2026590284050739717"
"2026-02-25","1号店 アキバ絶対領域","よる","ひかり","2026590284050739717"
"2026-02-25","1号店 アキバ絶対領域","よる","みえる","2026590284050739717"
"2026-02-25","1号店 アキバ絶対領域","よる","みぞれ","2026590284050739717"
"2026-02-25","1号店 アキバ絶対領域","よる","めろ","2026590284050739717"
"2026-02-25","2号店 A.D.1912","よる","あめる","2026584095913017776"
"2026-02-25","2号店 A.D.1912","よる","えみ","2026584095913017776"
"2026-02-25","2号店 A.D.1912","よる","かすみ","2026584095913017776"
"2026-02-25","2号店 A.D.1912","よる","かなた","2026584095913017776"
"2026-02-25","2号店 A.D.1912","よる","ばにら","2026584095913017776"
"2026-02-25","2号店 A.D.1912","よる","みりん","2026584095913017776"
"2026-02-26","1号店 アキバ絶対領域","ひる","あめる","2026855819627868481"
"2026-02-26","1号店 アキバ絶対領域","ひる","ありす","2026855819627868481"
"2026-02-26","1号店 アキバ絶対領域","ひる","のの","2026855819627868481"
"2026-02-26","1号店 アキバ絶対領域","ひる","もなか","2026855819627868481"
"2026-02-26","1号店 アキバ絶対領域","よる","える","2026947660905840743"
"2026-02-26","1号店 アキバ絶対領域","よる","しゃち","2026947660905840743"
"2026-02-26","1号店 アキバ絶対領域","よる","つくし","2026947660905840743"
"2026-02-26","1号店 アキバ絶対領域","よる","つぼみ","2026947660905840743"
"2026-02-26","1号店 アキバ絶対領域","よる","はぴる","2026947660905840743"
"2026-02-26","1号店 アキバ絶対領域","よる","まこと","2026947660905840743"
"2026-02-26","3号店 +e","よる","あいら","2026954131395748198"
"2026-02-26","3号店 +e","よる","あまめ","2026954131395748198"
"2026-02-26","3号店 +e","よる","あめる","2026954131395748198"
"2026-02-26","3号店 +e","よる","あらた","2026954131395748198"
"2026-02-26","3号店 +e","よる","みえる","2026954131395748198"
"2026-02-26","3号店 +e","よる","もなか","2026954131395748198"
"2026-02-26","4号店 A.D.2045","ひる","える","2026861188567675107"
"2026-02-26","4号店 A.D.2045","ひる","すくい","2026861188567675107"
"2026-02-26","4号店 A.D.2045","ひる","はぴる","2026861188567675107"
"2026-02-26","4号店 A.D.2045","ひる","まこと","2026861188567675107"
"2026-02-26","4号店 A.D.2045","よる","ちょこ","2026949851016261721"
"2026-02-26","4号店 A.D.2045","よる","ばにら","2026949851016261721"
"2026-02-26","4号店 A.D.2045","よる","みりあ","2026949851016261721"
"2026-02-26","4号店 A.D.2045","よる","みりん","2026949851016261721"
"2026-02-26","4号店 A.D.2045","よる","るるか","2026949851016261721"
"2026-02-27","1号店 アキバ絶対領域","ひる","うな","2027217248352629086"
"2026-02-27","1号店 アキバ絶対領域","ひる","うる","2027217248352629086"
"2026-02-27","1号店 アキバ絶対領域","ひる","はぴる","2027217248352629086"
"2026-02-27","1号店 アキバ絶対領域","ひる","まふゆ","2027217248352629086"
"2026-02-27","1号店 アキバ絶対領域","ひる","もなか","2027217248352629086"
"2026-02-27","1号店 アキバ絶対領域","よる","あむ","2027308958428664022"
"2026-02-27","1号店 アキバ絶対領域","よる","かすみ","2027308958428664022"
"2026-02-27","1号店 アキバ絶対領域","よる","ちゆ","2027308958428664022"
"2026-02-27","1号店 アキバ絶対領域","よる","はぴる","2027308958428664022"
"2026-02-27","1号店 アキバ絶対領域","よる","まこと","2027308958428664022"
"2026-02-27","1号店 アキバ絶対領域","よる","みえる","2027308958428664022"
"2026-02-27","1号店 アキバ絶対領域","よる","めろ","2027308958428664022"
"2026-02-27","2号店 A.D.1912","ひる","あいら","2027220802110906486"
"2026-02-27","2号店 A.D.1912","ひる","あむ","2027220802110906486"
"2026-02-27","2号店 A.D.1912","ひる","あらた","2027220802110906486"
"2026-02-27","2号店 A.D.1912","ひる","えみ","2027220802110906486"
"2026-02-27","2号店 A.D.1912","ひる","すくい","2027220802110906486"
"2026-02-27","2号店 A.D.1912","ひる","つくし","2027220802110906486"
"2026-02-27","2号店 A.D.1912","ひる","ねむり","2027220802110906486"
"2026-02-28","1号店 アキバ絶対領域","ひる","すくい","2027583053728829632"
"2026-02-28","1号店 アキバ絶対領域","ひる","ちさと","2027583053728829632"
"2026-02-28","1号店 アキバ絶対領域","ひる","ねむり","2027583053728829632"
"2026-02-28","1号店 アキバ絶対領域","ひる","ばにら","2027583053728829632"
"2026-02-28","1号店 アキバ絶対領域","ひる","ひかり","2027583053728829632"
"2026-02-28","1号店 アキバ絶対領域","ひる","まこと","2027583053728829632"
"2026-02-28","1号店 アキバ絶対領域","ひる","みりん","2027583053728829632"
"2026-02-28","1号店 アキバ絶対領域","ひる","るるか","2027583053728829632"
"2026-02-28","1号店 アキバ絶対領域","よる","あらた","2027678151690883503"
"2026-02-28","1号店 アキバ絶対領域","よる","こえび","2027678151690883503"
"2026-02-28","1号店 アキバ絶対領域","よる","すくい","2027678151690883503"
"2026-02-28","1号店 アキバ絶対領域","よる","ねむり","2027678151690883503"
"2026-02-28","1号店 アキバ絶対領域","よる","ばにら","2027678151690883503"
"2026-02-28","1号店 アキバ絶対領域","よる","みぞれ","2027678151690883503"
"2026-02-28","1号店 アキバ絶対領域","よる","みりあ","2027678151690883503"
"2026-02-28","1号店 アキバ絶対領域","よる","みりん","2027678151690883503"
"2026-02-28","3号店 +e","ひる","あらた","2027581774247956828"
"2026-02-28","3号店 +e","ひる","うな","2027581774247956828"
"2026-02-28","3号店 +e","ひる","かすみ","2027581774247956828"
"2026-02-28","3号店 +e","ひる","こい","2027581774247956828"
"2026-02-28","3号店 +e","ひる","すい","2027581774247956828"
"2026-02-28","3号店 +e","ひる","みりあ","2027581774247956828"
"2026-02-28","3号店 +e","ひる","めろ","2027581774247956828"
"2026-02-28","4号店 A.D.2045","よる","あめる","2027665074807312891"
"2026-02-28","4号店 A.D.2045","よる","かなた","2027665074807312891"
"2026-02-28","4号店 A.D.2045","よる","つぼみ","2027665074807312891"
"2026-02-28","4号店 A.D.2045","よる","まこと","2027665074807312891"
"2026-02-28","4号店 A.D.2045","よる","まふゆ","2027665074807312891"
"2026-03-01","1号店 アキバ絶対領域","ひる","あめる","2027961280326472152"
"2026-03-01","1号店 アキバ絶対領域","ひる","いろは","2027961280326472152"
"2026-03-01","1号店 アキバ絶対領域","ひる","うな","2027961280326472152"
"2026-03-01","1号店 アキバ絶対領域","ひる","ひなり","2027961280326472152"
"2026-03-01","1号店 アキバ絶対領域","ひる","まふゆ","2027961280326472152"
"2026-03-01","1号店 アキバ絶対領域","ひる","るるか","2027961280326472152"
"2026-03-01","1号店 アキバ絶対領域","よる","かなた","2028037000314736975"
"2026-03-01","1号店 アキバ絶対領域","よる","ひかり","2028037000314736975"
"2026-03-01","1号店 アキバ絶対領域","よる","まふゆ","2028037000314736975"
"2026-03-01","1号店 アキバ絶対領域","よる","もなか","2028037000314736975"
"2026-03-01","1号店 アキバ絶対領域","よる","らて","2028037000314736975"
"2026-03-01","4号店 A.D.2045","ひる","さぴ","2027961563156787597"
"2026-03-01","4号店 A.D.2045","ひる","すくい","2027961563156787597"
"2026-03-01","4号店 A.D.2045","ひる","つぼみ","2027961563156787597"
"2026-03-01","4号店 A.D.2045","ひる","みりあ","2027961563156787597"
"2026-03-01","4号店 A.D.2045","ひる","みりん","2027961563156787597"
"2026-03-01","4号店 A.D.2045","よる","あめる","2028040154540290395"
"2026-03-01","4号店 A.D.2045","よる","えみ","2028040154540290395"
"2026-03-01","4号店 A.D.2045","よる","まこと","2028040154540290395"
"2026-03-01","4号店 A.D.2045","よる","まひろ","2028040154540290395"
"2026-03-01","4号店 A.D.2045","よる","るるか","2028040154540290395"
"2026-03-02","1号店 アキバ絶対領域","ひる","える","2028305091191812198"
"2026-03-02","1号店 アキバ絶対領域","ひる","こん","2028305091191812198"
"2026-03-02","1号店 アキバ絶対領域","ひる","ちょこ","2028305091191812198"
"2026-03-02","1号店 アキバ絶対領域","ひる","まこと","2028305091191812198"
"2026-03-02","1号店 アキバ絶対領域","ひる","みりあ","2028305091191812198"
"2026-03-02","1号店 アキバ絶対領域","ひる","みりん","2028305091191812198"
"2026-03-02","1号店 アキバ絶対領域","ひる","もなか","2028305091191812198"
"2026-03-02","1号店 アキバ絶対領域","よる","あむ","2028400681959489588"
"2026-03-02","1号店 アキバ絶対領域","よる","える","2028400681959489588"
"2026-03-02","1号店 アキバ絶対領域","よる","かすみ","2028400681959489588"
"2026-03-02","1号店 アキバ絶対領域","よる","しゃち","2028400681959489588"
"2026-03-02","1号店 アキバ絶対領域","よる","ふぁん","2028400681959489588"
"2026-03-02","1号店 アキバ絶対領域","よる","まこと","2028400681959489588"
"2026-03-02","1号店 アキバ絶対領域","よる","みりん","2028400681959489588"
"2026-03-02","1号店 アキバ絶対領域","よる","もなか","2028400681959489588"
"2026-03-02","2号店 A.D.1912","ひる","あくび","2028316650655842469"
"2026-03-02","2号店 A.D.1912","ひる","あむ","2028316650655842469"
"2026-03-02","2号店 A.D.1912","ひる","あらた","2028316650655842469"
"2026-03-02","2号店 A.D.1912","ひる","かなた","2028316650655842469"
"2026-03-02","2号店 A.D.1912","ひる","けだま","2028316650655842469"
"2026-03-02","2号店 A.D.1912","ひる","ばにら","2028316650655842469"
"2026-03-02","2号店 A.D.1912","よる","うる","2028412758493196535"
"2026-03-02","2号店 A.D.1912","よる","ちゆ","2028412758493196535"
"2026-03-02","2号店 A.D.1912","よる","ばにら","2028412758493196535"
"2026-03-02","2号店 A.D.1912","よる","ひかり","2028412758493196535"
"2026-03-02","2号店 A.D.1912","よる","みぞれ","2028412758493196535"
"2026-03-02","2号店 A.D.1912","よる","るるか","2028412758493196535"
"2026-03-03","1号店 アキバ絶対領域","ひる","うる","2028689510176059670"
"2026-03-03","1号店 アキバ絶対領域","ひる","える","2028689510176059670"
"2026-03-03","1号店 アキバ絶対領域","ひる","かすみ","2028689510176059670"
"2026-03-03","1号店 アキバ絶対領域","ひる","すくい","2028689510176059670"
"2026-03-03","1号店 アキバ絶対領域","ひる","ひかり","2028689510176059670"
"2026-03-03","1号店 アキバ絶対領域","ひる","まふゆ","2028689510176059670"
"2026-03-03","1号店 アキバ絶対領域","よる","あめる","2028747698707538262"
"2026-03-03","1号店 アキバ絶対領域","よる","あらた","2028747698707538262"
"2026-03-03","1号店 アキバ絶対領域","よる","しゃち","2028747698707538262"
"2026-03-03","1号店 アキバ絶対領域","よる","ちさと","2028747698707538262"
"2026-03-03","1号店 アキバ絶対領域","よる","めろ","2028747698707538262"
"2026-03-03","3号店 +e","ひる","あいら","2028689861692285269"
"2026-03-03","3号店 +e","ひる","あめる","2028689861692285269"
"2026-03-03","3号店 +e","ひる","あらた","2028689861692285269"
"2026-03-03","3号店 +e","ひる","こい","2028689861692285269"
"2026-03-03","3号店 +e","ひる","つくし","2028689861692285269"
"2026-03-03","3号店 +e","ひる","つぼみ","2028689861692285269"
"2026-03-03","3号店 +e","ひる","ねむり","2028689861692285269"
"2026-03-03","3号店 +e","よる","あむ","2028789858513437070"
"2026-03-03","3号店 +e","よる","うる","2028789858513437070"
"2026-03-03","3号店 +e","よる","えな","2028789858513437070"
"2026-03-03","3号店 +e","よる","すくい","2028789858513437070"
"2026-03-03","3号店 +e","よる","ちゆ","2028789858513437070"
"2026-03-03","3号店 +e","よる","まふゆ","2028789858513437070"
"2026-03-03","3号店 +e","よる","みぞれ","2028789858513437070"
"2026-03-04","1号店 アキバ絶対領域","ひる","きらり","2029031990838870413"
"2026-03-04","1号店 アキバ絶対領域","ひる","すくい","2029031990838870413"
"2026-03-04","1号店 アキバ絶対領域","ひる","まふゆ","2029031990838870413"
"2026-03-04","1号店 アキバ絶対領域","ひる","みりあ","2029031990838870413"
"2026-03-04","1号店 アキバ絶対領域","ひる","みりん","2029031990838870413"
"2026-03-04","1号店 アキバ絶対領域","ひる","らて","2029031990838870413"
"2026-03-04","1号店 アキバ絶対領域","よる","あむ","2029128180368589145"
"2026-03-04","1号店 アキバ絶対領域","よる","さぴ","2029128180368589145"
"2026-03-04","1号店 アキバ絶対領域","よる","まこと","2029128180368589145"
"2026-03-04","1号店 アキバ絶対領域","よる","めろ","2029128180368589145"
"2026-03-04","1号店 アキバ絶対領域","よる","もなか","2029128180368589145"
"2026-03-04","3号店 +e","ひる","あむ","2029030546786140303"
"2026-03-04","3号店 +e","ひる","えみ","2029030546786140303"
"2026-03-04","3号店 +e","ひる","つくし","2029030546786140303"
"2026-03-04","3号店 +e","ひる","ひなり","2029030546786140303"
"2026-03-04","3号店 +e","ひる","まこと","2029030546786140303"
"2026-03-04","3号店 +e","ひる","もなか","2029030546786140303"
"2026-03-04","4号店 A.D.2045","よる","あめる","2029111146553459067"
"2026-03-04","4号店 A.D.2045","よる","こえび","2029111146553459067"
"2026-03-04","4号店 A.D.2045","よる","すい","2029111146553459067"
"2026-03-04","4号店 A.D.2045","よる","ばにら","2029111146553459067"
"2026-03-04","4号店 A.D.2045","よる","みりん","2029111146553459067"
"2026-03-05","1号店 アキバ絶対領域","ひる","あめる","2029392969061769583"
"2026-03-05","1号店 アキバ絶対領域","ひる","あらた","2029392969061769583"
"2026-03-05","1号店 アキバ絶対領域","ひる","える","2029492470334234803"
"2026-03-05","1号店 アキバ絶対領域","ひる","きらり","2029392969061769583"
"2026-03-05","1号店 アキバ絶対領域","ひる","こん","2029492470334234803"
"2026-03-05","1号店 アキバ絶対領域","ひる","さぴ","2029392969061769583"
"2026-03-05","1号店 アキバ絶対領域","ひる","ちさと","2029492470334234803"
"2026-03-05","1号店 アキバ絶対領域","ひる","まこと","2029492470334234803"
"2026-03-05","1号店 アキバ絶対領域","ひる","まふゆ","2029392969061769583"
"2026-03-05","1号店 アキバ絶対領域","ひる","めろ","2029392969061769583"
"2026-03-05","1号店 アキバ絶対領域","ひる","もなか","2029492470334234803"
"2026-03-05","1号店 アキバ絶対領域","よる","える","2029492503708361122"
"2026-03-05","1号店 アキバ絶対領域","よる","こん","2029492503708361122"
"2026-03-05","1号店 アキバ絶対領域","よる","ちさと","2029492503708361122"
"2026-03-05","1号店 アキバ絶対領域","よる","まこと","2029492503708361122"
"2026-03-05","1号店 アキバ絶対領域","よる","もなか","2029492503708361122"
"2026-03-05","2号店 A.D.1912","ひる","あむ","2029395549515084243"
"2026-03-05","2号店 A.D.1912","ひる","えみ","2029395549515084243"
"2026-03-05","2号店 A.D.1912","ひる","すくい","2029395549515084243"
"2026-03-05","2号店 A.D.1912","ひる","ちょこ","2029395549515084243"
"2026-03-05","2号店 A.D.1912","ひる","つくし","2029395549515084243"
"2026-03-05","2号店 A.D.1912","ひる","のの","2029395549515084243"
"2026-03-05","2号店 A.D.1912","ひる","まこと","2029395549515084243"
"2026-03-05","2号店 A.D.1912","よる","あいら","2029500983743754616"
"2026-03-05","2号店 A.D.1912","よる","あめる","2029500983743754616"
"2026-03-05","2号店 A.D.1912","よる","あらた","2029500983743754616"
"2026-03-05","2号店 A.D.1912","よる","ありす","2029500983743754616"
"2026-03-05","2号店 A.D.1912","よる","すくい","2029500983743754616"
"2026-03-05","2号店 A.D.1912","よる","ばにら","2029500983743754616"
"2026-03-05","2号店 A.D.1912","よる","まふゆ","2029500983743754616"
"2026-03-06","1号店 アキバ絶対領域","ひる","あむ","2029766945470644637"
"2026-03-06","1号店 アキバ絶対領域","ひる","ありす","2029766945470644637"
"2026-03-06","1号店 アキバ絶対領域","ひる","かなた","2029766945470644637"
"2026-03-06","1号店 アキバ絶対領域","ひる","けだま","2029766945470644637"
"2026-03-06","1号店 アキバ絶対領域","ひる","こい","2029766945470644637"
"2026-03-06","1号店 アキバ絶対領域","ひる","みりん","2029766945470644637"
"2026-03-06","1号店 アキバ絶対領域","ひる","ららこ","2029766945470644637"
"2026-03-06","1号店 アキバ絶対領域","よる","あくび","2029848784864432473"
"2026-03-06","1号店 アキバ絶対領域","よる","あらた","2029848784864432473"
"2026-03-06","1号店 アキバ絶対領域","よる","つぼみ","2029848784864432473"
"2026-03-06","1号店 アキバ絶対領域","よる","みぞれ","2029848784864432473"
"2026-03-06","1号店 アキバ絶対領域","よる","みりあ","2029848784864432473"
"2026-03-06","4号店 A.D.2045","ひる","あらた","2029759448093450461"
"2026-03-06","4号店 A.D.2045","ひる","みりあ","2029759448093450461"
"2026-03-06","4号店 A.D.2045","ひる","らて","2029759448093450461"
"2026-03-06","4号店 A.D.2045","ひる","るるか","2029759448093450461"
"2026-03-06","4号店 A.D.2045","よる","すくい","2029882726694932655"
"2026-03-06","4号店 A.D.2045","よる","ねむり","2029882726694932655"
"2026-03-06","4号店 A.D.2045","よる","ばにら","2029882726694932655"
"2026-03-06","4号店 A.D.2045","よる","ひかり","2029882726694932655"
"2026-03-06","4号店 A.D.2045","よる","まこと","2029882726694932655"
"2026-03-07","1号店 アキバ絶対領域","ひる","うな","2030121590319726624"
"2026-03-07","1号店 アキバ絶対領域","ひる","こん","2030121590319726624"
"2026-03-07","1号店 アキバ絶対領域","ひる","つくし","2030121590319726624"
"2026-03-07","1号店 アキバ絶対領域","ひる","ぺろ","2030121590319726624"
"2026-03-07","1号店 アキバ絶対領域","ひる","みりあ","2030121590319726624"
"2026-03-07","1号店 アキバ絶対領域","ひる","みりん","2030121590319726624"
"2026-03-07","1号店 アキバ絶対領域","よる","あめる","2030210452580647309"
"2026-03-07","1号店 アキバ絶対領域","よる","うる","2030210452580647309"
"2026-03-07","1号店 アキバ絶対領域","よる","かすみ","2030210452580647309"
"2026-03-07","1号店 アキバ絶対領域","よる","まふゆ","2030210452580647309"
"2026-03-07","1号店 アキバ絶対領域","よる","もなか","2030210452580647309"
"2026-03-07","1号店 アキバ絶対領域","よる","ららこ","2030210452580647309"
"2026-03-07","3号店 +e","ひる","あいら","2030117801722273887"
"2026-03-07","3号店 +e","ひる","あめる","2030117801722273887"
"2026-03-07","3号店 +e","ひる","うる","2030117801722273887"
"2026-03-07","3号店 +e","ひる","こい","2030117801722273887"
"2026-03-07","3号店 +e","ひる","さぴ","2030117801722273887"
"2026-03-07","3号店 +e","ひる","つぼみ","2030117801722273887"
"2026-03-07","3号店 +e","ひる","ひなり","2030117801722273887"
"2026-03-07","3号店 +e","ひる","るるか","2030117801722273887"
"2026-03-07","3号店 +e","よる","さぴ","2030196550530650598"
"2026-03-07","3号店 +e","よる","ちゆ","2030196550530650598"
"2026-03-07","3号店 +e","よる","のの","2030196550530650598"
"2026-03-07","3号店 +e","よる","ひかり","2030196550530650598"
"2026-03-07","3号店 +e","よる","みぞれ","2030196550530650598"
"2026-03-07","3号店 +e","よる","みりん","2030196550530650598"
"2026-03-08","1号店 アキバ絶対領域","ひる","あむ","2030584770292597178"
"2026-03-08","1号店 アキバ絶対領域","ひる","うな","2030480294848164214"
"2026-03-08","1号店 アキバ絶対領域","ひる","えみ","2030480294848164214"
"2026-03-08","1号店 アキバ絶対領域","ひる","こい","2030480294848164214"
"2026-03-08","1号店 アキバ絶対領域","ひる","こえび","2030584770292597178"
"2026-03-08","1号店 アキバ絶対領域","ひる","しゃち","2030584770292597178"
"2026-03-08","1号店 アキバ絶対領域","ひる","ひなり","2030480294848164214"
"2026-03-08","1号店 アキバ絶対領域","ひる","まこと","2030480294848164214"
"2026-03-08","1号店 アキバ絶対領域","ひる","みぞれ","2030584770292597178"
"2026-03-08","1号店 アキバ絶対領域","ひる","みりあ","2030480294848164214"
"2026-03-08","1号店 アキバ絶対領域","ひる","みりん","2030584770292597178"
"2026-03-08","1号店 アキバ絶対領域","ひる","もなか","2030584770292597178"
"2026-03-08","1号店 アキバ絶対領域","ひる","もなか","2030480294848164214"
"2026-03-08","2号店 A.D.1912","ひる","あいら","2030483603289968745"
"2026-03-08","2号店 A.D.1912","ひる","あくび","2030483603289968745"
"2026-03-08","2号店 A.D.1912","ひる","あめる","2030483603289968745"
"2026-03-08","2号店 A.D.1912","ひる","うる","2030483603289968745"
"2026-03-08","2号店 A.D.1912","ひる","かすみ","2030483603289968745"
"2026-03-08","2号店 A.D.1912","ひる","ちょこ","2030483603289968745"
"2026-03-08","2号店 A.D.1912","ひる","つくし","2030483603289968745"
"2026-03-08","2号店 A.D.1912","ひる","るるか","2030483603289968745"
"2026-03-08","2号店 A.D.1912","よる","かなた","2030579880153489809"
"2026-03-08","2号店 A.D.1912","よる","すくい","2030579880153489809"
"2026-03-08","2号店 A.D.1912","よる","ちゆ","2030579880153489809"
"2026-03-08","2号店 A.D.1912","よる","まこと","2030579880153489809"
"2026-03-08","2号店 A.D.1912","よる","まひろ","2030579880153489809"
"2026-03-08","2号店 A.D.1912","よる","みりあ","2030579880153489809"
"2026-03-09","1号店 アキバ絶対領域","ひる","あめる","2030937921361191365"
"2026-03-09","1号店 アキバ絶対領域","ひる","あらた","2030937921361191365"
"2026-03-09","1号店 アキバ絶対領域","ひる","うる","2030846451434377355"
"2026-03-09","1号店 アキバ絶対領域","ひる","こん","2030846451434377355"
"2026-03-09","1号店 アキバ絶対領域","ひる","すくい","2030846451434377355"
"2026-03-09","1号店 アキバ絶対領域","ひる","たふゆ","2030937921361191365"
"2026-03-09","1号店 アキバ絶対領域","ひる","ちょこ","2030937921361191365"
"2026-03-09","1号店 アキバ絶対領域","ひる","つくし","2030846451434377355"
"2026-03-09","1号店 アキバ絶対領域","ひる","つぼみ","2030846451434377355"
"2026-03-09","1号店 アキバ絶対領域","ひる","まひろ","2030937921361191365"
"2026-03-09","1号店 アキバ絶対領域","ひる","まふゆ","2030846451434377355"
"2026-03-09","1号店 アキバ絶対領域","ひる","めろ","2030937921361191365"
"2026-03-09","1号店 アキバ絶対領域","ひる","もなか","2030846451434377355"
"2026-03-09","3号店 +e","ひる","あめる","2030840909571784712"
"2026-03-09","3号店 +e","ひる","あらた","2030840909571784712"
"2026-03-09","3号店 +e","ひる","かすみ","2030840909571784712"
"2026-03-09","3号店 +e","ひる","かなた","2030840909571784712"
"2026-03-09","3号店 +e","ひる","さぴ","2030840909571784712"
"2026-03-09","3号店 +e","ひる","ぺろ","2030840909571784712"
"2026-03-09","3号店 +e","ひる","みぞれ","2030840909571784712"
"2026-03-09","3号店 +e","よる","あまめ","2030924469649457434"
"2026-03-09","3号店 +e","よる","ありす","2030924469649457434"
"2026-03-09","3号店 +e","よる","うる","2030924469649457434"
"2026-03-09","3号店 +e","よる","すい","2030924469649457434"
"2026-03-09","3号店 +e","よる","はぴる","2030924469649457434"
"2026-03-09","3号店 +e","よる","もなか","2030924469649457434"
"2026-03-09","4号店 A.D.2045","ひる","える","2030849770517065793"
"2026-03-09","4号店 A.D.2045","ひる","ちさと","2030849770517065793"
"2026-03-09","4号店 A.D.2045","ひる","まこと","2030849770517065793"
"2026-03-09","4号店 A.D.2045","ひる","るるか","2030849770517065793"
"2026-03-10","1号店 アキバ絶対領域","ひる","あくび","2031204733755769183"
"2026-03-10","1号店 アキバ絶対領域","ひる","ありす","2031204733755769183"
"2026-03-10","1号店 アキバ絶対領域","ひる","えみ","2031204733755769183"
"2026-03-10","1号店 アキバ絶対領域","ひる","みりあ","2031204733755769183"
"2026-03-10","1号店 アキバ絶対領域","よる","あむ","2031284379264463221"
"2026-03-10","1号店 アキバ絶対領域","よる","うる","2031284379264463221"
"2026-03-10","1号店 アキバ絶対領域","よる","ちゆ","2031284379264463221"
"2026-03-10","1号店 アキバ絶対領域","よる","ちょこ","2031284379264463221"
"2026-03-10","1号店 アキバ絶対領域","よる","まふゆ","2031284379264463221"
"2026-03-10","2号店 A.D.1912","ひる","あいら","2031204576670720393"
"2026-03-10","2号店 A.D.1912","ひる","あめる","2031204576670720393"
"2026-03-10","2号店 A.D.1912","ひる","あらた","2031204576670720393"
"2026-03-10","2号店 A.D.1912","ひる","いろは","2031204576670720393"
"2026-03-10","2号店 A.D.1912","ひる","のの","2031204576670720393"
"2026-03-10","2号店 A.D.1912","ひる","まひろ","2031204576670720393"
"2026-03-10","2号店 A.D.1912","よる","える","2031281831128215773"
"2026-03-10","2号店 A.D.1912","よる","かすみ","2031281831128215773"
"2026-03-10","2号店 A.D.1912","よる","きらり","2031281831128215773"
"2026-03-10","2号店 A.D.1912","よる","ひなり","2031281831128215773"
"2026-03-10","2号店 A.D.1912","よる","まこと","2031281831128215773"
"2026-03-10","2号店 A.D.1912","よる","みりあ","2031281831128215773"
"2026-03-11","1号店 アキバ絶対領域","ひる","あむ","2031566604811776211"
"2026-03-11","1号店 アキバ絶対領域","ひる","うな","2031566604811776211"
"2026-03-11","1号店 アキバ絶対領域","ひる","けだま","2031566604811776211"
"2026-03-11","1号店 アキバ絶対領域","ひる","みぞれ","2031566604811776211"
"2026-03-11","1号店 アキバ絶対領域","ひる","らて","2031566604811776211"
"2026-03-11","1号店 アキバ絶対領域","よる","ひかり","2031644002286759975"
"2026-03-11","1号店 アキバ絶対領域","よる","みりん","2031644002286759975"
"2026-03-11","1号店 アキバ絶対領域","よる","めろ","2031644002286759975"
"2026-03-11","1号店 アキバ絶対領域","よる","もなか","2031644002286759975"
"2026-03-11","1号店 アキバ絶対領域","よる","ららこ","2031644002286759975"
"2026-03-11","3号店 +e","よる","あむ","2031659235684331679"
"2026-03-11","3号店 +e","よる","しゃち","2031659235684331679"
"2026-03-11","3号店 +e","よる","ちゆ","2031659235684331679"
"2026-03-11","3号店 +e","よる","まこと","2031659235684331679"
"2026-03-11","3号店 +e","よる","みぞれ","2031659235684331679"
"2026-03-11","3号店 +e","よる","るるか","2031659235684331679"
"2026-03-11","4号店 A.D.2045","ひる","ねむり","2031572073890689043"
"2026-03-11","4号店 A.D.2045","ひる","ねむり","2031570468352962761"
"2026-03-11","4号店 A.D.2045","ひる","のの","2031572073890689043"
"2026-03-11","4号店 A.D.2045","ひる","のの","2031570468352962761"
"2026-03-11","4号店 A.D.2045","ひる","みりあ","2031570468352962761"
"2026-03-11","4号店 A.D.2045","ひる","みりあ","2031572073890689043"
"2026-03-11","4号店 A.D.2045","ひる","みりん","2031572073890689043"
"2026-03-11","4号店 A.D.2045","ひる","みりん","2031570468352962761"
"2026-03-12","1号店 アキバ絶対領域","ひる","いろは","2031927613669982535"
"2026-03-12","1号店 アキバ絶対領域","ひる","こえび","2031927613669982535"
"2026-03-12","1号店 アキバ絶対領域","ひる","ひかり","2031927613669982535"
"2026-03-12","1号店 アキバ絶対領域","ひる","まふゆ","2031927613669982535"
"2026-03-12","1号店 アキバ絶対領域","ひる","みぞれ","2031927613669982535"
"2026-03-12","1号店 アキバ絶対領域","ひる","みりん","2031927613669982535"
"2026-03-12","1号店 アキバ絶対領域","よる","うな","2032019619209495000"
"2026-03-12","1号店 アキバ絶対領域","よる","えみ","2032019619209495000"
"2026-03-12","1号店 アキバ絶対領域","よる","さぴ","2032019619209495000"
"2026-03-12","1号店 アキバ絶対領域","よる","すくい","2032019619209495000"
"2026-03-12","1号店 アキバ絶対領域","よる","ちさと","2032019619209495000"
"2026-03-12","2号店 A.D.1912","ひる","あむ","2031943999788036287"
"2026-03-12","2号店 A.D.1912","ひる","うる","2031943999788036287"
"2026-03-12","2号店 A.D.1912","ひる","すくい","2031943999788036287"
"2026-03-12","2号店 A.D.1912","ひる","つくし","2031943999788036287"
"2026-03-12","2号店 A.D.1912","ひる","ぺろ","2031943999788036287"
"2026-03-12","2号店 A.D.1912","ひる","もなか","2031943999788036287"
"2026-03-13","1号店 アキバ絶対領域","ひる","ありす","2032290987536761014"
"2026-03-13","1号店 アキバ絶対領域","ひる","うる","2032290987536761014"
"2026-03-13","1号店 アキバ絶対領域","ひる","ねむり","2032290987536761014"
"2026-03-13","1号店 アキバ絶対領域","ひる","のの","2032290987536761014"
"2026-03-13","1号店 アキバ絶対領域","ひる","みりあ","2032290987536761014"
"2026-03-13","1号店 アキバ絶対領域","ひる","らて","2032290987536761014"
"2026-03-13","1号店 アキバ絶対領域","よる","こん","2032372014280032328"
"2026-03-13","1号店 アキバ絶対領域","よる","ひなり","2032372014280032328"
"2026-03-13","1号店 アキバ絶対領域","よる","ららこ","2032372014280032328"
"2026-03-13","1号店 アキバ絶対領域","よる","るるか","2032372014280032328"
"2026-03-13","3号店 +e","ひる","あいら","2032291458208973289"
"2026-03-13","3号店 +e","ひる","あらた","2032291458208973289"
"2026-03-13","3号店 +e","ひる","こい","2032291458208973289"
"2026-03-13","3号店 +e","ひる","すくい","2032291458208973289"
"2026-03-13","3号店 +e","ひる","ちゆ","2032291458208973289"
"2026-03-13","3号店 +e","ひる","ひなり","2032291458208973289"
"2026-03-13","3号店 +e","よる","あまめ","2032382898238796000"
"2026-03-13","3号店 +e","よる","うる","2032382898238796000"
"2026-03-13","3号店 +e","よる","さぴ","2032382898238796000"
"2026-03-13","3号店 +e","よる","つぼみ","2032382898238796000"
"2026-03-13","3号店 +e","よる","みりあ","2032382898238796000"
"2026-03-14","1号店 アキバ絶対領域","ひる","あめる","2032654600130670849"
"2026-03-14","1号店 アキバ絶対領域","ひる","うな","2032654600130670849"
"2026-03-14","1号店 アキバ絶対領域","ひる","ぺろ","2032654600130670849"
"2026-03-14","1号店 アキバ絶対領域","ひる","みりん","2032654600130670849"
"2026-03-14","1号店 アキバ絶対領域","ひる","めろ","2032654600130670849"
"2026-03-14","1号店 アキバ絶対領域","よる","あいら","2032747841094099445"
"2026-03-14","1号店 アキバ絶対領域","よる","あむ","2032747841094099445"
"2026-03-14","1号店 アキバ絶対領域","よる","あらた","2032747841094099445"
"2026-03-14","1号店 アキバ絶対領域","よる","ありす","2032747841094099445"
"2026-03-14","1号店 アキバ絶対領域","よる","こん","2032747841094099445"
"2026-03-14","1号店 アキバ絶対領域","よる","すい","2032747841094099445"
"2026-03-14","1号店 アキバ絶対領域","よる","もなか","2032747841094099445"
"2026-03-14","3号店 +e","ひる","あむ","2032658028454146118"
"2026-03-14","3号店 +e","ひる","あらた","2032658028454146118"
"2026-03-14","3号店 +e","ひる","こい","2032658028454146118"
"2026-03-14","3号店 +e","ひる","ちょこ","2032658028454146118"
"2026-03-14","3号店 +e","ひる","もなか","2032658028454146118"
"2026-03-14","4号店 A.D.2045","ひる","うる","2032659085942993400"
"2026-03-14","4号店 A.D.2045","ひる","すくい","2032659085942993400"
"2026-03-14","4号店 A.D.2045","ひる","つぼみ","2032659085942993400"
"2026-03-14","4号店 A.D.2045","ひる","みりあ","2032659085942993400"
"2026-03-14","4号店 A.D.2045","よる","あまめ","2032763299033657396"
"2026-03-14","4号店 A.D.2045","よる","あめる","2032763299033657396"
"2026-03-14","4号店 A.D.2045","よる","みりん","2032763299033657396"
"2026-03-14","4号店 A.D.2045","よる","らて","2032763299033657396"
"2026-03-14","4号店 A.D.2045","よる","るるか","2032763299033657396"
"2026-03-15","1号店 アキバ絶対領域","ひる","あいら","2033018275060396533"
"2026-03-15","1号店 アキバ絶対領域","ひる","うな","2033018275060396533"
"2026-03-15","1号店 アキバ絶対領域","ひる","うる","2033018275060396533"
"2026-03-15","1号店 アキバ絶対領域","ひる","えみ","2033018275060396533"
"2026-03-15","1号店 アキバ絶対領域","ひる","こい","2033018275060396533"
"2026-03-15","1号店 アキバ絶対領域","ひる","こん","2033018275060396533"
"2026-03-15","1号店 アキバ絶対領域","ひる","しゃち","2033018275060396533"
"2026-03-15","1号店 アキバ絶対領域","ひる","みりあ","2033018275060396533"
"2026-03-15","1号店 アキバ絶対領域","よる","あむ","2033093949402001480"
"2026-03-15","1号店 アキバ絶対領域","よる","こえび","2033093949402001480"
"2026-03-15","1号店 アキバ絶対領域","よる","しゃち","2033093949402001480"
"2026-03-15","1号店 アキバ絶対領域","よる","みりん","2033093949402001480"
"2026-03-15","1号店 アキバ絶対領域","よる","もなか","2033093949402001480"
"2026-03-15","1号店 アキバ絶対領域","よる","ららこ","2033093949402001480"
"2026-03-15","1号店 アキバ絶対領域","よる","るるか","2033093949402001480"
"2026-03-15","2号店 A.D.1912","ひる","あめる","2033018589608030647"
"2026-03-15","2号店 A.D.1912","ひる","あらた","2033018589608030647"
"2026-03-15","2号店 A.D.1912","ひる","ありす","2033018589608030647"
"2026-03-15","2号店 A.D.1912","ひる","かなた","2033018589608030647"
"2026-03-15","2号店 A.D.1912","ひる","ちゆ","2033018589608030647"
"2026-03-15","2号店 A.D.1912","ひる","つくし","2033018589608030647"
"2026-03-15","2号店 A.D.1912","よる","えな","2033112229143617875"
"2026-03-15","2号店 A.D.1912","よる","かなた","2033112229143617875"
"2026-03-15","2号店 A.D.1912","よる","まこと","2033112229143617875"
"2026-03-15","2号店 A.D.1912","よる","まひろ","2033112229143617875"
"2026-03-15","2号店 A.D.1912","よる","みりあ","2033112229143617875"
"2026-03-15","2号店 A.D.1912","よる","らて","2033112229143617875"
"2026-03-16","1号店 アキバ絶対領域","ひる","あくび","2033379655475192243"
"2026-03-16","1号店 アキバ絶対領域","ひる","きらり","2033379655475192243"
"2026-03-16","1号店 アキバ絶対領域","ひる","ひかり","2033379655475192243"
"2026-03-16","1号店 アキバ絶対領域","ひる","まこと","2033379655475192243"
"2026-03-16","1号店 アキバ絶対領域","ひる","もなか","2033379655475192243"
"2026-03-16","1号店 アキバ絶対領域","よる","ちさと","2033460811071627368"
"2026-03-16","1号店 アキバ絶対領域","よる","つぼみ","2033460811071627368"
"2026-03-16","1号店 アキバ絶対領域","よる","まひろ","2033460811071627368"
"2026-03-16","1号店 アキバ絶対領域","よる","もなか","2033460811071627368"
"2026-03-16","3号店 +e","ひる","あむ","2033387119989948895"
"2026-03-16","3号店 +e","ひる","あらた","2033387119989948895"
"2026-03-16","3号店 +e","ひる","すくい","2033387119989948895"
"2026-03-16","3号店 +e","ひる","せつな","2033387119989948895"
"2026-03-16","3号店 +e","ひる","のの","2033387119989948895"
"2026-03-16","3号店 +e","よる","あまめ","2033457100375130260"
"2026-03-16","3号店 +e","よる","いろは","2033457100375130260"
"2026-03-16","3号店 +e","よる","さぴ","2033457100375130260"
"2026-03-16","3号店 +e","よる","しゃち","2033457100375130260"
"2026-03-16","3号店 +e","よる","ひなり","2033457100375130260"
"2026-03-16","3号店 +e","よる","まこと","2033457100375130260"
"2026-03-17","1号店 アキバ絶対領域","ひる","かなた","2033744248315777467"
"2026-03-17","1号店 アキバ絶対領域","ひる","きらり","2033744248315777467"
"2026-03-17","1号店 アキバ絶対領域","ひる","こい","2033744248315777467"
"2026-03-17","1号店 アキバ絶対領域","ひる","ちょこ","2033744248315777467"
"2026-03-17","1号店 アキバ絶対領域","ひる","みりあ","2033744248315777467"
"2026-03-17","1号店 アキバ絶対領域","よる","あらた","2033834421305151939"
"2026-03-17","1号店 アキバ絶対領域","よる","えな","2033834421305151939"
"2026-03-17","1号店 アキバ絶対領域","よる","ひかり","2033834421305151939"
"2026-03-17","1号店 アキバ絶対領域","よる","みぞれ","2033834421305151939"
"2026-03-17","1号店 アキバ絶対領域","よる","るるか","2033834421305151939"
"2026-03-17","2号店 A.D.1912","ひる","あめる","2033743276742934841"
"2026-03-17","2号店 A.D.1912","ひる","あらた","2033743276742934841"
"2026-03-17","2号店 A.D.1912","ひる","ありす","2033743276742934841"
"2026-03-17","2号店 A.D.1912","ひる","いろは","2033743276742934841"
"2026-03-17","2号店 A.D.1912","ひる","えな","2033743276742934841"
"2026-03-17","2号店 A.D.1912","ひる","のの","2033743276742934841"
"2026-03-17","4号店 A.D.2045","よる","こえび","2033836533275615652"
"2026-03-17","4号店 A.D.2045","よる","こえび","2033833393784557588"
"2026-03-17","4号店 A.D.2045","よる","すくい","2033836533275615652"
"2026-03-17","4号店 A.D.2045","よる","すくい","2033833393784557588"
"2026-03-17","4号店 A.D.2045","よる","ちゆ","2033836533275615652"
"2026-03-17","4号店 A.D.2045","よる","ちゆ","2033833393784557588"
"2026-03-17","4号店 A.D.2045","よる","まこと","2033836533275615652"
"2026-03-17","4号店 A.D.2045","よる","まこと","2033833393784557588"
"2026-03-17","4号店 A.D.2045","よる","みりあ","2033833393784557588"
"2026-03-17","4号店 A.D.2045","よる","みりあ","2033836533275615652"
"2026-03-18","1号店 アキバ絶対領域","ひる","うる","2034105053863415998"
"2026-03-18","1号店 アキバ絶対領域","ひる","せつな","2034105053863415998"
"2026-03-18","1号店 アキバ絶対領域","ひる","ねむり","2034105053863415998"
"2026-03-18","1号店 アキバ絶対領域","ひる","ひなた","2034105053863415998"
"2026-03-18","1号店 アキバ絶対領域","ひる","めろ","2034105053863415998"
"2026-03-18","1号店 アキバ絶対領域","ひる","もなか","2034105053863415998"
"2026-03-18","1号店 アキバ絶対領域","よる","あむ","2034201910119674240"
"2026-03-18","1号店 アキバ絶対領域","よる","みえる","2034201910119674240"
"2026-03-18","1号店 アキバ絶対領域","よる","みぞれ","2034201910119674240"
"2026-03-18","1号店 アキバ絶対領域","よる","みりん","2034201910119674240"
"2026-03-18","1号店 アキバ絶対領域","よる","もなか","2034201910119674240"
"2026-03-18","1号店 アキバ絶対領域","よる","るるか","2034201910119674240"
"2026-03-18","2号店 A.D.1912","ひる","えみ","2034105011547082874"
"2026-03-18","2号店 A.D.1912","ひる","ちま","2034105011547082874"
"2026-03-18","2号店 A.D.1912","ひる","みぞれ","2034105011547082874"
"2026-03-18","2号店 A.D.1912","ひる","みりあ","2034105011547082874"
"2026-03-18","2号店 A.D.1912","ひる","みりん","2034105011547082874"
"2026-03-18","2号店 A.D.1912","よる","あいら","2034183610887283039"
"2026-03-18","2号店 A.D.1912","よる","あくび","2034183610887283039"
"2026-03-18","2号店 A.D.1912","よる","あめる","2034183610887283039"
"2026-03-18","2号店 A.D.1912","よる","うる","2034183610887283039"
"2026-03-18","2号店 A.D.1912","よる","かなた","2034183610887283039"
"2026-03-18","2号店 A.D.1912","よる","まひろ","2034183610887283039"
"2026-03-19","1号店 アキバ絶対領域","ひる","きらり","2034466073207279800"
"2026-03-19","1号店 アキバ絶対領域","ひる","こえび","2034466073207279800"
"2026-03-19","1号店 アキバ絶対領域","ひる","すくい","2034466073207279800"
"2026-03-19","1号店 アキバ絶対領域","ひる","みりあ","2034466073207279800"
"2026-03-19","1号店 アキバ絶対領域","ひる","みりた","2034466073207279800"
"2026-03-19","1号店 アキバ絶対領域","ひる","みりん","2034466073207279800"
"2026-03-19","1号店 アキバ絶対領域","よる","あむ","2034550562587594818"
"2026-03-19","1号店 アキバ絶対領域","よる","うな","2034550562587594818"
"2026-03-19","1号店 アキバ絶対領域","よる","ちゆ","2034550562587594818"
"2026-03-19","1号店 アキバ絶対領域","よる","まこと","2034550562587594818"
"2026-03-19","1号店 アキバ絶対領域","よる","みえる","2034550562587594818"
"2026-03-19","1号店 アキバ絶対領域","よる","もなか","2034550562587594818"
"2026-03-19","3号店 +e","ひる","あめる","2034468478326108645"
"2026-03-19","3号店 +e","ひる","えな","2034468478326108645"
"2026-03-19","3号店 +e","ひる","こい","2034468478326108645"
"2026-03-19","3号店 +e","ひる","さぴ","2034468478326108645"
"2026-03-19","3号店 +e","ひる","つくし","2034468478326108645"
"2026-03-19","3号店 +e","ひる","まこと","2034468478326108645"
"2026-03-19","4号店 A.D.2045","よる","うる","2034550845849976858"
"2026-03-19","4号店 A.D.2045","よる","ぺろ","2034550845849976858"
"2026-03-19","4号店 A.D.2045","よる","みりあ","2034550845849976858"
"2026-03-19","4号店 A.D.2045","よる","るるか","2034550845849976858"
"2026-03-20","1号店 アキバ絶対領域","ひる","ありす","2034839957320376671"
"2026-03-20","1号店 アキバ絶対領域","ひる","うな","2034839957320376671"
"2026-03-20","1号店 アキバ絶対領域","ひる","うる","2034839957320376671"
"2026-03-20","1号店 アキバ絶対領域","ひる","かなた","2034839957320376671"
"2026-03-20","1号店 アキバ絶対領域","ひる","けだま","2034839957320376671"
"2026-03-20","1号店 アキバ絶対領域","ひる","こん","2034839957320376671"
"2026-03-20","1号店 アキバ絶対領域","ひる","ひかり","2034839957320376671"
"2026-03-20","1号店 アキバ絶対領域","ひる","もなか","2034839957320376671"
"2026-03-20","1号店 アキバ絶対領域","よる","あくび","2034919215917146350"
"2026-03-20","1号店 アキバ絶対領域","よる","あめる","2034919215917146350"
"2026-03-20","1号店 アキバ絶対領域","よる","あらた","2034919215917146350"
"2026-03-20","1号店 アキバ絶対領域","よる","えな","2034919215917146350"
"2026-03-20","1号店 アキバ絶対領域","よる","ちゆ","2034919215917146350"
"2026-03-20","1号店 アキバ絶対領域","よる","みぞれ","2034919215917146350"
"2026-03-20","4号店 A.D.2045","ひる","あめる","2034840400792625621"
"2026-03-20","4号店 A.D.2045","ひる","あらた","2034840400792625621"
"2026-03-20","4号店 A.D.2045","ひる","える","2034840400792625621"
"2026-03-20","4号店 A.D.2045","ひる","さぴ","2034840400792625621"
"2026-03-20","4号店 A.D.2045","ひる","ちょこ","2034840400792625621"
"2026-03-20","4号店 A.D.2045","よる","あまめ","2034911457000006120"
"2026-03-20","4号店 A.D.2045","よる","ひかり","2034911457000006120"
"2026-03-20","4号店 A.D.2045","よる","みえる","2034911457000006120"
"2026-03-20","4号店 A.D.2045","よる","みりん","2034911457000006120"
"2026-03-20","4号店 A.D.2045","よる","らて","2034911457000006120"
"2026-03-21","1号店 アキバ絶対領域","ひる","あむ","2035193518634016829"
"2026-03-21","1号店 アキバ絶対領域","ひる","えみ","2035193518634016829"
"2026-03-21","1号店 アキバ絶対領域","ひる","こい","2035193518634016829"
"2026-03-21","1号店 アキバ絶対領域","ひる","さぴ","2035193518634016829"
"2026-03-21","1号店 アキバ絶対領域","ひる","ちょこ","2035193518634016829"
"2026-03-21","1号店 アキバ絶対領域","ひる","ひなり","2035193518634016829"
"2026-03-21","1号店 アキバ絶対領域","ひる","まこと","2035193518634016829"
"2026-03-21","2号店 A.D.1912","よる","あむ","2035270368882233537"
"2026-03-21","2号店 A.D.1912","よる","えな","2035270368882233537"
"2026-03-21","2号店 A.D.1912","よる","かなた","2035270368882233537"
"2026-03-21","2号店 A.D.1912","よる","まこと","2035270368882233537"
"2026-03-21","2号店 A.D.1912","よる","まひろ","2035270368882233537"
"2026-03-21","4号店 A.D.2045","ひる","あらた","2035192741228150852"
"2026-03-21","4号店 A.D.2045","ひる","つくし","2035192741228150852"
"2026-03-21","4号店 A.D.2045","ひる","ねむり","2035192741228150852"
"2026-03-21","4号店 A.D.2045","ひる","みりあ","2035192741228150852"
"2026-03-22","1号店 アキバ絶対領域","ひる","あめる","2035552740097855688"
"2026-03-22","1号店 アキバ絶対領域","ひる","うな","2035552740097855688"
"2026-03-22","1号店 アキバ絶対領域","ひる","えみ","2035552740097855688"
"2026-03-22","1号店 アキバ絶対領域","ひる","しゃち","2035552740097855688"
"2026-03-22","1号店 アキバ絶対領域","ひる","みりん","2035552740097855688"
"2026-03-22","1号店 アキバ絶対領域","ひる","もなか","2035552740097855688"
"2026-03-22","1号店 アキバ絶対領域","よる","つぼみ","2035663794278731836"
"2026-03-22","1号店 アキバ絶対領域","よる","みえる","2035663794278731836"
"2026-03-22","1号店 アキバ絶対領域","よる","みりあ","2035663794278731836"
"2026-03-22","1号店 アキバ絶対領域","よる","みりん","2035663794278731836"
"2026-03-22","1号店 アキバ絶対領域","よる","もなか","2035663794278731836"
"2026-03-22","1号店 アキバ絶対領域","よる","らて","2035663794278731836"
"2026-03-22","2号店 A.D.1912","ひる","ちゆ","2035554260835025160"
"2026-03-22","2号店 A.D.1912","ひる","つくし","2035554260835025160"
"2026-03-22","2号店 A.D.1912","ひる","ねむり","2035554260835025160"
"2026-03-22","2号店 A.D.1912","ひる","のの","2035554260835025160"
"2026-03-22","2号店 A.D.1912","ひる","まこと","2035554260835025160"
"2026-03-22","2号店 A.D.1912","ひる","みりあ","2035554260835025160"
"2026-03-22","3号店 +e","ひる","あむ","2035555261981876630"
"2026-03-22","3号店 +e","ひる","あらた","2035555261981876630"
"2026-03-22","3号店 +e","ひる","えな","2035555261981876630"
"2026-03-22","3号店 +e","ひる","こい","2035555261981876630"
"2026-03-22","3号店 +e","ひる","ちさと","2035555261981876630"
"2026-03-22","3号店 +e","ひる","ちょこ","2035555261981876630"
"2026-03-22","3号店 +e","よる","あいら","2035645892590805302"
"2026-03-22","3号店 +e","よる","あめる","2035645892590805302"
"2026-03-22","3号店 +e","よる","いろは","2035645892590805302"
"2026-03-22","3号店 +e","よる","こえび","2035645892590805302"
"2026-03-22","3号店 +e","よる","ひなり","2035645892590805302"
"2026-03-22","3号店 +e","よる","まこと","2035645892590805302"
"2026-03-22","3号店 +e","よる","るるか","2035645892590805302"
"2026-03-23","1号店 アキバ絶対領域","ひる","あむ","2035916465208201662"
"2026-03-23","1号店 アキバ絶対領域","ひる","うな","2035916465208201662"
"2026-03-23","1号店 アキバ絶対領域","ひる","うる","2035916465208201662"
"2026-03-23","1号店 アキバ絶対領域","ひる","かなた","2035916465208201662"
"2026-03-23","1号店 アキバ絶対領域","ひる","つぼみ","2035916465208201662"
"2026-03-23","1号店 アキバ絶対領域","ひる","もなか","2035916465208201662"
"2026-03-23","1号店 アキバ絶対領域","よる","あまめ","2035991511578693960"
"2026-03-23","1号店 アキバ絶対領域","よる","あらた","2035991511578693960"
"2026-03-23","1号店 アキバ絶対領域","よる","える","2035991511578693960"
"2026-03-23","1号店 アキバ絶対領域","よる","こん","2035991511578693960"
"2026-03-23","1号店 アキバ絶対領域","よる","ひかり","2035991511578693960"
"2026-03-23","1号店 アキバ絶対領域","よる","るるか","2035991511578693960"
"2026-03-23","3号店 +e","ひる","あめる","2035919176028889296"
"2026-03-23","3号店 +e","ひる","あらた","2035919176028889296"
"2026-03-23","3号店 +e","ひる","さぴ","2035919176028889296"
"2026-03-23","3号店 +e","ひる","すくい","2035919176028889296"
"2026-03-23","3号店 +e","ひる","つくし","2035919176028889296"
"2026-03-23","3号店 +e","ひる","のの","2035919176028889296"
"2026-03-23","3号店 +e","ひる","みぞれ","2035919176028889296"
"2026-03-23","3号店 +e","よる","あむ","2036011713301221530"
"2026-03-23","3号店 +e","よる","うる","2036011713301221530"
"2026-03-23","3号店 +e","よる","こい","2036011713301221530"
"2026-03-23","3号店 +e","よる","さぴ","2036011713301221530"
"2026-03-23","3号店 +e","よる","しゃち","2036011713301221530"
"2026-03-23","3号店 +e","よる","のの","2036011713301221530"
"2026-03-23","3号店 +e","よる","まこと","2036011713301221530"
"2026-03-23","3号店 +e","よる","めろ","2036011713301221530"
"2026-03-24","1号店 アキバ絶対領域","ひる","こん","2036283288063713481"
"2026-03-24","1号店 アキバ絶対領域","ひる","しゃち","2036283288063713481"
"2026-03-24","1号店 アキバ絶対領域","ひる","ふぁん","2036283288063713481"
"2026-03-24","1号店 アキバ絶対領域","ひる","みぞれ","2036283288063713481"
"2026-03-24","1号店 アキバ絶対領域","ひる","みりあ","2036283288063713481"
"2026-03-24","1号店 アキバ絶対領域","よる","いろは","2036370660918960374"
"2026-03-24","1号店 アキバ絶対領域","よる","えな","2036370660918960374"
"2026-03-24","1号店 アキバ絶対領域","よる","ちさと","2036370660918960374"
"2026-03-24","1号店 アキバ絶対領域","よる","つぼみ","2036370660918960374"
"2026-03-24","1号店 アキバ絶対領域","よる","まこと","2036370660918960374"
"2026-03-24","1号店 アキバ絶対領域","よる","みえる","2036370660918960374"
"2026-03-24","2号店 A.D.1912","ひる","あいら","2036279612125356367"
"2026-03-24","2号店 A.D.1912","ひる","えな","2036279612125356367"
"2026-03-24","2号店 A.D.1912","ひる","すくい","2036279612125356367"
"2026-03-24","2号店 A.D.1912","ひる","ちょこ","2036279612125356367"
"2026-03-24","2号店 A.D.1912","ひる","はぴる","2036279612125356367"
"2026-03-24","2号店 A.D.1912","ひる","まこと","2036279612125356367"
"2026-03-24","4号店 A.D.2045","よる","うる","2036361009808765420"
"2026-03-24","4号店 A.D.2045","よる","こえび","2036361009808765420"
"2026-03-24","4号店 A.D.2045","よる","ちゆ","2036361009808765420"
"2026-03-24","4号店 A.D.2045","よる","みりあ","2036361009808765420"
"2026-03-24","4号店 A.D.2045","よる","るるか","2036361009808765420"
"2026-03-25","1号店 アキバ絶対領域","ひる","ありす","2036639886498058720"
"2026-03-25","1号店 アキバ絶対領域","ひる","うな","2036639886498058720"
"2026-03-25","1号店 アキバ絶対領域","ひる","しゃち","2036639886498058720"
"2026-03-25","1号店 アキバ絶対領域","ひる","ちま","2036639886498058720"
"2026-03-25","1号店 アキバ絶対領域","ひる","ひなり","2036639886498058720"
"2026-03-25","1号店 アキバ絶対領域","ひる","みりん","2036639886498058720"
"2026-03-25","1号店 アキバ絶対領域","よる","あめる","2036719754233491594"
"2026-03-25","1号店 アキバ絶対領域","よる","ちさと","2036719754233491594"
"2026-03-25","1号店 アキバ絶対領域","よる","ちゆ","2036719754233491594"
"2026-03-25","1号店 アキバ絶対領域","よる","ぺろ","2036719754233491594"
"2026-03-25","1号店 アキバ絶対領域","よる","るるか","2036719754233491594"
"2026-03-25","2号店 A.D.1912","ひる","うる","2036640227595596283"
"2026-03-25","2号店 A.D.1912","ひる","ちょこ","2036640227595596283"
"2026-03-25","2号店 A.D.1912","ひる","のの","2036640227595596283"
"2026-03-25","2号店 A.D.1912","ひる","みりあ","2036640227595596283"
"2026-03-25","2号店 A.D.1912","ひる","もなか","2036640227595596283"
"2026-03-26","1号店 アキバ絶対領域","ひる","あめる","2037004114148901374"
"2026-03-26","1号店 アキバ絶対領域","ひる","あらた","2037004114148901374"
"2026-03-26","1号店 アキバ絶対領域","ひる","うな","2037004114148901374"
"2026-03-26","1号店 アキバ絶対領域","ひる","すくい","2037004114148901374"
"2026-03-26","1号店 アキバ絶対領域","ひる","ちょこ","2037004114148901374"
"2026-03-26","3号店 +e","ひる","いろは","2037006363344462034"
"2026-03-26","3号店 +e","ひる","うる","2037006363344462034"
"2026-03-26","3号店 +e","ひる","つくし","2037006363344462034"
"2026-03-26","3号店 +e","ひる","ねむり","2037006363344462034"
"2026-03-26","3号店 +e","ひる","まふゆ","2037006363344462034"
"2026-03-26","3号店 +e","ひる","みりあ","2037006363344462034"
"2026-03-26","4号店 A.D.2045","よる","あむ","2037085873326665902"
"2026-03-26","4号店 A.D.2045","よる","あらた","2037085873326665902"
"2026-03-26","4号店 A.D.2045","よる","える","2037085873326665902"
"2026-03-26","4号店 A.D.2045","よる","すくい","2037085873326665902"
"2026-03-26","4号店 A.D.2045","よる","もなか","2037085873326665902"
"2026-03-27","1号店 アキバ絶対領域","ひる","あむ","2037366041299579085"
"2026-03-27","1号店 アキバ絶対領域","ひる","あらた","2037366041299579085"
"2026-03-27","1号店 アキバ絶対領域","ひる","こん","2037366041299579085"
"2026-03-27","1号店 アキバ絶対領域","ひる","すくい","2037366041299579085"
"2026-03-27","1号店 アキバ絶対領域","ひる","ちま","2037366041299579085"
"2026-03-27","1号店 アキバ絶対領域","ひる","まふゆ","2037366041299579085"
"2026-03-27","1号店 アキバ絶対領域","よる","はぴる","2037462192988340382"
"2026-03-27","1号店 アキバ絶対領域","よる","ひかり","2037462192988340382"
"2026-03-27","1号店 アキバ絶対領域","よる","まふゆ","2037462192988340382"
"2026-03-27","1号店 アキバ絶対領域","よる","みぞれ","2037462192988340382"
"2026-03-27","1号店 アキバ絶対領域","よる","みりん","2037462192988340382"
"2026-03-27","1号店 アキバ絶対領域","よる","もなか","2037462192988340382"
"2026-03-28","1号店 アキバ絶対領域","ひる","あまめ","2037729583202746835"
"2026-03-28","1号店 アキバ絶対領域","ひる","あらた","2037729583202746835"
"2026-03-28","1号店 アキバ絶対領域","ひる","えみ","2037729583202746835"
"2026-03-28","1号店 アキバ絶対領域","ひる","ふぁん","2037729583202746835"
"2026-03-28","1号店 アキバ絶対領域","ひる","みりあ","2037729583202746835"
"2026-03-28","1号店 アキバ絶対領域","ひる","ららこ","2037729583202746835"
"2026-03-28","1号店 アキバ絶対領域","ひる","るるか","2037729583202746835"
"2026-03-28","1号店 アキバ絶対領域","よる","あめる","2037825427860066711"
"2026-03-28","1号店 アキバ絶対領域","よる","あらた","2037825427860066711"
"2026-03-28","1号店 アキバ絶対領域","よる","けだま","2037825427860066711"
"2026-03-28","1号店 アキバ絶対領域","よる","ちゆ","2037825427860066711"
"2026-03-28","1号店 アキバ絶対領域","よる","つぼみ","2037825427860066711"
"2026-03-28","1号店 アキバ絶対領域","よる","みぞれ","2037825427860066711"
"2026-03-28","2号店 A.D.1912","ひる","あめる","2037730800406511827"
"2026-03-28","2号店 A.D.1912","ひる","えな","2037730800406511827"
"2026-03-28","2号店 A.D.1912","ひる","こい","2037730800406511827"
"2026-03-28","2号店 A.D.1912","ひる","こえび","2037730800406511827"
"2026-03-28","2号店 A.D.1912","ひる","ひなり","2037730800406511827"
"2026-03-28","2号店 A.D.1912","ひる","まこと","2037730800406511827"
"2026-03-28","2号店 A.D.1912","ひる","みぞれ","2037730800406511827"
"2026-03-28","2号店 A.D.1912","よる","ありす","2037823928912212455"
"2026-03-28","2号店 A.D.1912","よる","うな","2037823928912212455"
"2026-03-28","2号店 A.D.1912","よる","えな","2037823928912212455"
"2026-03-28","2号店 A.D.1912","よる","つくし","2037823928912212455"
"2026-03-28","2号店 A.D.1912","よる","ひかり","2037823928912212455"
"2026-03-28","2号店 A.D.1912","よる","ひなり","2037823928912212455"
"2026-03-28","2号店 A.D.1912","よる","まこと","2037823928912212455"
"2026-03-28","2号店 A.D.1912","よる","みりん","2037823928912212455"
"2026-03-29","1号店 アキバ絶対領域","ひる","こん","2038088996660928793"
"2026-03-29","1号店 アキバ絶対領域","ひる","つぼみ","2038088996660928793"
"2026-03-29","1号店 アキバ絶対領域","ひる","ひかり","2038088996660928793"
"2026-03-29","1号店 アキバ絶対領域","ひる","もなか","2038088996660928793"
"2026-03-29","1号店 アキバ絶対領域","よる","こえび","2038185998618915022"
"2026-03-29","1号店 アキバ絶対領域","よる","すくい","2038185998618915022"
"2026-03-29","1号店 アキバ絶対領域","よる","みりあ","2038185998618915022"
"2026-03-29","1号店 アキバ絶対領域","よる","みりん","2038185998618915022"
"2026-03-29","1号店 アキバ絶対領域","よる","もなか","2038185998618915022"
"2026-03-29","3号店 +e","よる","あめる","2038170105251795266"
"2026-03-29","3号店 +e","よる","かなた","2038170105251795266"
"2026-03-29","3号店 +e","よる","ちゆ","2038170105251795266"
"2026-03-29","3号店 +e","よる","ちょこ","2038170105251795266"
"2026-03-29","3号店 +e","よる","ひなり","2038170105251795266"
"2026-03-29","3号店 +e","よる","まこと","2038170105251795266"
"2026-03-29","4号店 A.D.2045","ひる","いろは","2038090943254138949"
"2026-03-29","4号店 A.D.2045","ひる","ねむり","2038090943254138949"
"2026-03-29","4号店 A.D.2045","ひる","みりあ","2038090943254138949"
"2026-03-29","4号店 A.D.2045","ひる","みりん","2038090943254138949"
"2026-03-29","4号店 A.D.2045","ひる","るるか","2038090943254138949"
"2026-03-30","1号店 アキバ絶対領域","ひる","あらた","2038456738861699134"
"2026-03-30","1号店 アキバ絶対領域","ひる","えみ","2038456738861699134"
"2026-03-30","1号店 アキバ絶対領域","ひる","ひかり","2038456738861699134"
"2026-03-30","1号店 アキバ絶対領域","ひる","ふぁん","2038456738861699134"
"2026-03-30","1号店 アキバ絶対領域","ひる","みえる","2038456738861699134"
"2026-03-30","1号店 アキバ絶対領域","ひる","ららこ","2038456738861699134"
"2026-03-30","1号店 アキバ絶対領域","よる","あめる","2038549293297176769"
"2026-03-30","1号店 アキバ絶対領域","よる","みぞれ","2038549293297176769"
"2026-03-30","1号店 アキバ絶対領域","よる","めろ","2038549293297176769"
"2026-03-30","1号店 アキバ絶対領域","よる","らて","2038549293297176769"
"2026-03-30","2号店 A.D.1912","ひる","ありす","2038453604697456729"
"2026-03-30","2号店 A.D.1912","ひる","うる","2038453604697456729"
"2026-03-30","2号店 A.D.1912","ひる","えな","2038453604697456729"
"2026-03-30","2号店 A.D.1912","ひる","けだま","2038453604697456729"
"2026-03-30","2号店 A.D.1912","ひる","つくし","2038453604697456729"
"2026-03-30","2号店 A.D.1912","ひる","みぞれ","2038453604697456729"
"2026-03-30","2号店 A.D.1912","ひる","みりあ","2038453604697456729"
"2026-03-30","2号店 A.D.1912","よる","うる","2038547287769780668"
"2026-03-30","2号店 A.D.1912","よる","えな","2038547287769780668"
"2026-03-30","2号店 A.D.1912","よる","かなた","2038547287769780668"
"2026-03-30","2号店 A.D.1912","よる","すくい","2038547287769780668"
"2026-03-30","2号店 A.D.1912","よる","のの","2038547287769780668"
"2026-03-30","2号店 A.D.1912","よる","ひかり","2038547287769780668"
"2026-03-30","2号店 A.D.1912","よる","まこと","2038547287769780668"
"2026-03-30","2号店 A.D.1912","よる","るるか","2038547287769780668"
"2026-03-31","1号店 アキバ絶対領域","ひる","あいら","2038824661388321220"
"2026-03-31","1号店 アキバ絶対領域","ひる","かなた","2038824661388321220"
"2026-03-31","1号店 アキバ絶対領域","ひる","きらり","2038824661388321220"
"2026-03-31","1号店 アキバ絶対領域","ひる","つくし","2038824661388321220"
"2026-03-31","1号店 アキバ絶対領域","ひる","はぴる","2038824661388321220"
"2026-03-31","1号店 アキバ絶対領域","ひる","ぺろ","2038824661388321220"
"2026-03-31","1号店 アキバ絶対領域","ひる","まこと","2038824661388321220"
"2026-03-31","1号店 アキバ絶対領域","ひる","みりあ","2038824661388321220"
"2026-03-31","1号店 アキバ絶対領域","よる","あむ","2038926891546227153"
"2026-03-31","1号店 アキバ絶対領域","よる","うる","2038926891546227153"
"2026-03-31","1号店 アキバ絶対領域","よる","すくい","2038926891546227153"
"2026-03-31","1号店 アキバ絶対領域","よる","ねむり","2038926891546227153"
"2026-03-31","1号店 アキバ絶対領域","よる","みえる","2038926891546227153"
"2026-03-31","3号店 +e","よる","あまめ","2038902227159732577"
"2026-03-31","3号店 +e","よる","こえび","2038902227159732577"
"2026-03-31","3号店 +e","よる","まこと","2038902227159732577"
"2026-03-31","3号店 +e","よる","みぞれ","2038902227159732577"
"2026-03-31","3号店 +e","よる","みりあ","2038902227159732577"
"2026-03-31","3号店 +e","よる","るるか","2038902227159732577"
"2026-03-31","4号店 A.D.2045","ひる","あめる","2038825314441404590"
"2026-03-31","4号店 A.D.2045","ひる","うる","2038825314441404590"
"2026-03-31","4号店 A.D.2045","ひる","すくい","2038825314441404590"
"2026-03-31","4号店 A.D.2045","ひる","ねむり","2038825314441404590"
"2026-03-31","4号店 A.D.2045","ひる","ららこ","2038825314441404590"
"2026-04-01","1号店 アキバ絶対領域","ひる","あめる","2039177231956877785"
"2026-04-01","1号店 アキバ絶対領域","ひる","うな","2039177231956877785"
"2026-04-01","1号店 アキバ絶対領域","ひる","こい","2039177231956877785"
"2026-04-01","1号店 アキバ絶対領域","ひる","しゃち","2039177231956877785"
"2026-04-01","1号店 アキバ絶対領域","ひる","まこと","2039177231956877785"
"2026-04-01","1号店 アキバ絶対領域","ひる","みぞれ","2039177231956877785"
"2026-04-01","1号店 アキバ絶対領域","よる","あむ","2039253872724902172"
"2026-04-01","1号店 アキバ絶対領域","よる","つぼみ","2039253872724902172"
"2026-04-01","1号店 アキバ絶対領域","よる","みえる","2039253872724902172"
"2026-04-01","1号店 アキバ絶対領域","よる","みぞれ","2039253872724902172"
"2026-04-01","1号店 アキバ絶対領域","よる","ららこ","2039253872724902172"
"2026-04-01","2号店 A.D.1912","よる","かなた","2039272924331552879"
"2026-04-01","2号店 A.D.1912","よる","こえび","2039272924331552879"
"2026-04-01","2号店 A.D.1912","よる","しゃち","2039272924331552879"
"2026-04-01","2号店 A.D.1912","よる","つくし","2039272924331552879"
"2026-04-01","2号店 A.D.1912","よる","のの","2039272924331552879"
"2026-04-01","2号店 A.D.1912","よる","ひかり","2039272924331552879"
"2026-04-01","2号店 A.D.1912","よる","まこと","2039272924331552879"
"2026-04-01","4号店 A.D.2045","ひる","うる","2039177366543736915"
"2026-04-01","4号店 A.D.2045","ひる","すくい","2039177366543736915"
"2026-04-01","4号店 A.D.2045","ひる","ちょこ","2039177366543736915"
"2026-04-01","4号店 A.D.2045","ひる","ひなり","2039177366543736915"
"2026-04-02","1号店 アキバ絶対領域","ひる","こん","2039539445846925699"
"2026-04-02","1号店 アキバ絶対領域","ひる","しゃち","2039539445846925699"
"2026-04-02","1号店 アキバ絶対領域","ひる","ちま","2039539445846925699"
"2026-04-02","1号店 アキバ絶対領域","ひる","ねむり","2039539445846925699"
"2026-04-02","1号店 アキバ絶対領域","ひる","みりあ","2039539445846925699"
"2026-04-02","1号店 アキバ絶対領域","ひる","みりん","2039539445846925699"
"2026-04-02","1号店 アキバ絶対領域","よる","あむ","2039632132323398135"
"2026-04-02","1号店 アキバ絶対領域","よる","あらた","2039632132323398135"
"2026-04-02","1号店 アキバ絶対領域","よる","けだま","2039632132323398135"
"2026-04-02","1号店 アキバ絶対領域","よる","ちさと","2039632132323398135"
"2026-04-02","1号店 アキバ絶対領域","よる","ちま","2039632132323398135"
"2026-04-02","1号店 アキバ絶対領域","よる","つぼみ","2039632132323398135"
"2026-04-02","1号店 アキバ絶対領域","よる","るるか","2039632132323398135"
"2026-04-02","3号店 +e","ひる","あいら","2039538993411526712"
"2026-04-02","3号店 +e","ひる","あらた","2039538993411526712"
"2026-04-02","3号店 +e","ひる","ひなり","2039538993411526712"
"2026-04-02","3号店 +e","ひる","ぺろ","2039538993411526712"
"2026-04-02","3号店 +e","ひる","みぞれ","2039538993411526712"
"2026-04-02","3号店 +e","ひる","るるか","2039538993411526712"
"2026-04-02","4号店 A.D.2045","よる","いろは","2039620602001281433"
"2026-04-02","4号店 A.D.2045","よる","みえる","2039620602001281433"
"2026-04-02","4号店 A.D.2045","よる","みりあ","2039620602001281433"
"2026-04-02","4号店 A.D.2045","よる","みりん","2039620602001281433"
"2026-04-03","1号店 アキバ絶対領域","ひる","しゃち","2039905204347527480"
"2026-04-03","1号店 アキバ絶対領域","ひる","ちさと","2039905204347527480"
"2026-04-03","1号店 アキバ絶対領域","ひる","にっか","2039905204347527480"
"2026-04-03","1号店 アキバ絶対領域","ひる","ふぁん","2039905204347527480"
"2026-04-03","1号店 アキバ絶対領域","ひる","みりあ","2039905204347527480"
"2026-04-03","1号店 アキバ絶対領域","ひる","みりん","2039905204347527480"
"2026-04-03","1号店 アキバ絶対領域","よる","あむ","2039983424921026878"
"2026-04-03","1号店 アキバ絶対領域","よる","いろは","2039983424921026878"
"2026-04-03","1号店 アキバ絶対領域","よる","うな","2039983424921026878"
"2026-04-03","1号店 アキバ絶対領域","よる","うる","2039983424921026878"
"2026-04-03","1号店 アキバ絶対領域","よる","めろ","2039983424921026878"
"2026-04-03","1号店 アキバ絶対領域","よる","るるか","2039983424921026878"
"2026-04-03","2号店 A.D.1912","ひる","あいら","2039902055771635713"
"2026-04-03","2号店 A.D.1912","ひる","あらた","2039902055771635713"
"2026-04-03","2号店 A.D.1912","ひる","かなた","2039902055771635713"
"2026-04-03","2号店 A.D.1912","ひる","すくい","2039902055771635713"
"2026-04-03","2号店 A.D.1912","ひる","ちゆ","2039902055771635713"
"2026-04-03","2号店 A.D.1912","ひる","つくし","2039902055771635713"
"2026-04-03","2号店 A.D.1912","ひる","はぴる","2039902055771635713"
"2026-04-04","1号店 アキバ絶対領域","ひる","あらた","2040264566551277958"
"2026-04-04","1号店 アキバ絶対領域","ひる","ありす","2040264566551277958"
"2026-04-04","1号店 アキバ絶対領域","ひる","しゃち","2040264566551277958"
"2026-04-04","1号店 アキバ絶対領域","ひる","すくい","2040264566551277958"
"2026-04-04","1号店 アキバ絶対領域","ひる","みりあ","2040264566551277958"
"2026-04-04","1号店 アキバ絶対領域","ひる","ららこ","2040264566551277958"
"2026-04-04","1号店 アキバ絶対領域","よる","うる","2040358680332533810"
"2026-04-04","1号店 アキバ絶対領域","よる","かなた","2040358680332533810"
"2026-04-04","1号店 アキバ絶対領域","よる","しゃち","2040358680332533810"
"2026-04-04","1号店 アキバ絶対領域","よる","のの","2040358680332533810"
"2026-04-04","1号店 アキバ絶対領域","よる","ひかり","2040358680332533810"
"2026-04-04","1号店 アキバ絶対領域","よる","ひなり","2040358680332533810"
"2026-04-04","1号店 アキバ絶対領域","よる","みりん","2040358680332533810"
"2026-04-04","3号店 +e","ひる","うな","2040263259547435503"
"2026-04-04","3号店 +e","ひる","うる","2040263259547435503"
"2026-04-04","3号店 +e","ひる","こい","2040263259547435503"
"2026-04-04","3号店 +e","ひる","ひなり","2040263259547435503"
"2026-04-04","3号店 +e","ひる","ぺろ","2040263259547435503"
"2026-04-04","3号店 +e","ひる","みりん","2040263259547435503"
"2026-04-04","4号店 A.D.2045","よる","ちょこ","2040346373430911091"
"2026-04-04","4号店 A.D.2045","よる","まこと","2040346373430911091"
"2026-04-04","4号店 A.D.2045","よる","みえる","2040346373430911091"
"2026-04-04","4号店 A.D.2045","よる","みりあ","2040346373430911091"
"2026-04-04","4号店 A.D.2045","よる","るるか","2040346373430911091"
"2026-04-05","1号店 アキバ絶対領域","ひる","あむ","2040704306857590870"
"2026-04-05","1号店 アキバ絶対領域","ひる","あめる","2040630095594062118"
"2026-04-05","1号店 アキバ絶対領域","ひる","うな","2040630095594062118"
"2026-04-05","1号店 アキバ絶対領域","ひる","こい","2040630095594062118"
"2026-04-05","1号店 アキバ絶対領域","ひる","ちょこ","2040704306857590870"
"2026-04-05","1号店 アキバ絶対領域","ひる","ぺろ","2040630095594062118"
"2026-04-05","1号店 アキバ絶対領域","ひる","まこと","2040704306857590870"
"2026-04-05","1号店 アキバ絶対領域","ひる","みえる","2040704306857590870"
"2026-04-05","1号店 アキバ絶対領域","ひる","みぞれ","2040630095594062118"
"2026-04-05","1号店 アキバ絶対領域","ひる","みりん","2040630095594062118"
"2026-04-05","1号店 アキバ絶対領域","ひる","めろ","2040704306857590870"
"2026-04-05","1号店 アキバ絶対領域","ひる","もなか","2040704306857590870"
"2026-04-05","1号店 アキバ絶対領域","よる","あむ","2040704335441694951"
"2026-04-05","1号店 アキバ絶対領域","よる","ちょこ","2040704335441694951"
"2026-04-05","1号店 アキバ絶対領域","よる","まこと","2040704335441694951"
"2026-04-05","1号店 アキバ絶対領域","よる","みえる","2040704335441694951"
"2026-04-05","1号店 アキバ絶対領域","よる","めろ","2040704335441694951"
"2026-04-05","1号店 アキバ絶対領域","よる","もなか","2040704335441694951"
"2026-04-05","2号店 A.D.1912","ひる","かなた","2040634453715046539"
"2026-04-05","2号店 A.D.1912","ひる","つくし","2040634453715046539"
"2026-04-05","2号店 A.D.1912","ひる","のの","2040634453715046539"
"2026-04-05","2号店 A.D.1912","ひる","まこと","2040634453715046539"
"2026-04-05","2号店 A.D.1912","ひる","みりあ","2040634453715046539"
"2026-04-05","2号店 A.D.1912","ひる","ららこ","2040634453715046539"
"2026-04-05","2号店 A.D.1912","よる","あめる","2040725478680764465"
"2026-04-05","2号店 A.D.1912","よる","うる","2040725478680764465"
"2026-04-05","2号店 A.D.1912","よる","かなた","2040725478680764465"
"2026-04-05","2号店 A.D.1912","よる","すくい","2040725478680764465"
"2026-04-05","2号店 A.D.1912","よる","まひろ","2040725478680764465"
"2026-04-05","2号店 A.D.1912","よる","らて","2040725478680764465"
"2026-04-06","1号店 アキバ絶対領域","ひる","あいら","2040992514128404507"
"2026-04-06","1号店 アキバ絶対領域","ひる","うる","2040992514128404507"
"2026-04-06","1号店 アキバ絶対領域","ひる","える","2040992514128404507"
"2026-04-06","1号店 アキバ絶対領域","ひる","ちさと","2040992514128404507"
"2026-04-06","1号店 アキバ絶対領域","ひる","ちゆ","2040992514128404507"
"2026-04-06","1号店 アキバ絶対領域","ひる","はぴる","2040992514128404507"
"2026-04-06","1号店 アキバ絶対領域","ひる","もなか","2040992514128404507"
"2026-04-06","1号店 アキバ絶対領域","よる","あらた","2041084327564578833"
"2026-04-06","1号店 アキバ絶対領域","よる","えみ","2041084327564578833"
"2026-04-06","1号店 アキバ絶対領域","よる","ひなり","2041084327564578833"
"2026-04-06","1号店 アキバ絶対領域","よる","もなか","2041084327564578833"
"2026-04-06","1号店 アキバ絶対領域","よる","らて","2041084327564578833"
"2026-04-06","2号店 A.D.1912","ひる","あらた","2040992011231297659"
"2026-04-06","2号店 A.D.1912","ひる","けだま","2040992011231297659"
"2026-04-06","2号店 A.D.1912","ひる","こん","2040992011231297659"
"2026-04-06","2号店 A.D.1912","ひる","つくし","2040992011231297659"
"2026-04-06","2号店 A.D.1912","ひる","ひなり","2040992011231297659"
"2026-04-06","2号店 A.D.1912","ひる","みぞれ","2040992011231297659"
"2026-04-06","2号店 A.D.1912","ひる","ららこ","2040992011231297659"
"2026-04-06","4号店 A.D.2045","よる","あめる","2041084999697678522"
"2026-04-06","4号店 A.D.2045","よる","える","2041084999697678522"
"2026-04-06","4号店 A.D.2045","よる","える","2041083949229949405"
"2026-04-06","4号店 A.D.2045","よる","はぴる","2041083949229949405"
"2026-04-06","4号店 A.D.2045","よる","まこと","2041083949229949405"
"2026-04-06","4号店 A.D.2045","よる","まこと","2041084999697678522"
"2026-04-06","4号店 A.D.2045","よる","るるか","2041083949229949405"
"2026-04-06","4号店 A.D.2045","よる","るるか","2041084999697678522"
"2026-04-07","1号店 アキバ絶対領域","ひる","きらり","2041350392928419907"
"2026-04-07","1号店 アキバ絶対領域","ひる","こん","2041350392928419907"
"2026-04-07","1号店 アキバ絶対領域","ひる","ちさと","2041350392928419907"
"2026-04-07","1号店 アキバ絶対領域","ひる","まこと","2041350392928419907"
"2026-04-07","1号店 アキバ絶対領域","ひる","みりあ","2041350392928419907"
"2026-04-07","1号店 アキバ絶対領域","よる","あむ","2041427086427193454"
"2026-04-07","1号店 アキバ絶対領域","よる","あらた","2041427086427193454"
"2026-04-07","1号店 アキバ絶対領域","よる","ちゆ","2041427086427193454"
"2026-04-07","1号店 アキバ絶対領域","よる","ちょこ","2041427086427193454"
"2026-04-07","1号店 アキバ絶対領域","よる","もなか","2041427086427193454"
"2026-04-07","3号店 +e","ひる","あめる","2041352341614731627"
"2026-04-07","3号店 +e","ひる","あらた","2041352341614731627"
"2026-04-07","3号店 +e","ひる","かなた","2041352341614731627"
"2026-04-07","3号店 +e","ひる","こえび","2041352341614731627"
"2026-04-07","3号店 +e","ひる","ちま","2041352341614731627"
"2026-04-07","3号店 +e","ひる","もなか","2041352341614731627"
"2026-04-07","4号店 A.D.2045","よる","いろは","2041427804919873706"
"2026-04-07","4号店 A.D.2045","よる","すくい","2041427804919873706"
"2026-04-07","4号店 A.D.2045","よる","まこと","2041427804919873706"
"2026-04-07","4号店 A.D.2045","よる","みりあ","2041427804919873706"
"2026-04-08","1号店 アキバ絶対領域","ひる","える","2041714853409415391"
"2026-04-08","1号店 アキバ絶対領域","ひる","にっか","2041714853409415391"
"2026-04-08","1号店 アキバ絶対領域","ひる","ねむり","2041714853409415391"
"2026-04-08","1号店 アキバ絶対領域","ひる","ひなり","2041714853409415391"
"2026-04-08","1号店 アキバ絶対領域","ひる","みりあ","2041714853409415391"
"2026-04-08","1号店 アキバ絶対領域","ひる","みりん","2041714853409415391"
"2026-04-08","1号店 アキバ絶対領域","よる","あめる","2041804969234591920"
"2026-04-08","1号店 アキバ絶対領域","よる","うる","2041804969234591920"
"2026-04-08","1号店 アキバ絶対領域","よる","ちさと","2041804969234591920"
"2026-04-08","1号店 アキバ絶対領域","よる","ちゆ","2041804969234591920"
"2026-04-08","1号店 アキバ絶対領域","よる","まひろ","2041804969234591920"
"2026-04-08","1号店 アキバ絶対領域","よる","めろ","2041804969234591920"
"2026-04-08","2号店 A.D.1912","ひる","あめる","2041713264317620436"
"2026-04-08","2号店 A.D.1912","ひる","うな","2041713264317620436"
"2026-04-08","2号店 A.D.1912","ひる","うる","2041713264317620436"
"2026-04-08","2号店 A.D.1912","ひる","すくい","2041713264317620436"
"2026-04-08","2号店 A.D.1912","ひる","ぺろ","2041713264317620436"
"2026-04-08","4号店 A.D.2045","よる","すくい","2041805869315481965"
"2026-04-08","4号店 A.D.2045","よる","ねむり","2041805869315481965"
"2026-04-08","4号店 A.D.2045","よる","みりん","2041805869315481965"
"2026-04-08","4号店 A.D.2045","よる","らて","2041805869315481965"
"2026-04-09","1号店 アキバ絶対領域","ひる","えみ","2042075067094622230"
"2026-04-09","1号店 アキバ絶対領域","ひる","けだま","2042075067094622230"
"2026-04-09","1号店 アキバ絶対領域","ひる","つくし","2042075067094622230"
"2026-04-09","1号店 アキバ絶対領域","ひる","ひなり","2042075067094622230"
"2026-04-09","1号店 アキバ絶対領域","ひる","みりん","2042075067094622230"
"2026-04-09","1号店 アキバ絶対領域","ひる","もなか","2042075067094622230"
"2026-04-09","1号店 アキバ絶対領域","よる","ちゆ","2042171806514376986"
"2026-04-09","1号店 アキバ絶対領域","よる","ちょこ","2042171806514376986"
"2026-04-09","1号店 アキバ絶対領域","よる","つぼみ","2042171806514376986"
"2026-04-09","1号店 アキバ絶対領域","よる","まこと","2042171806514376986"
"2026-04-09","1号店 アキバ絶対領域","よる","みりあ","2042171806514376986"
"2026-04-09","3号店 +e","よる","あむ","2042168896007086303"
"2026-04-09","3号店 +e","よる","うる","2042168896007086303"
"2026-04-09","3号店 +e","よる","ぺろ","2042168896007086303"
"2026-04-09","3号店 +e","よる","みえる","2042168896007086303"
"2026-04-09","3号店 +e","よる","めろ","2042168896007086303"
"2026-04-09","3号店 +e","よる","もなか","2042168896007086303"
"2026-04-09","4号店 A.D.2045","ひる","うな","2042075415385403745"
"2026-04-09","4号店 A.D.2045","ひる","ちま","2042075415385403745"
"2026-04-09","4号店 A.D.2045","ひる","まこと","2042075415385403745"
"2026-04-09","4号店 A.D.2045","ひる","みりあ","2042075415385403745"
"2026-04-10","1号店 アキバ絶対領域","ひる","あむ","2042438158231691752"
"2026-04-10","1号店 アキバ絶対領域","ひる","こん","2042438158231691752"
"2026-04-10","1号店 アキバ絶対領域","ひる","るるか","2042438158231691752"
"2026-04-10","1号店 アキバ絶対領域","よる","あむ","2042530225226158459"
"2026-04-10","1号店 アキバ絶対領域","よる","いろは","2042530225226158459"
"2026-04-10","1号店 アキバ絶対領域","よる","きらり","2042530225226158459"
"2026-04-10","1号店 アキバ絶対領域","よる","ぺろ","2042530225226158459"
"2026-04-10","1号店 アキバ絶対領域","よる","みりん","2042530225226158459"
"2026-04-10","1号店 アキバ絶対領域","よる","もなか","2042530225226158459"
"2026-04-10","4号店 A.D.2045","ひる","しゃち","2042439262881398892"
"2026-04-10","4号店 A.D.2045","ひる","ちゆ","2042439262881398892"
"2026-04-10","4号店 A.D.2045","ひる","ねむり","2042439262881398892"
"2026-04-10","4号店 A.D.2045","ひる","みりん","2042439262881398892"
"2026-04-10","4号店 A.D.2045","よる","あめる","2042532774608015412"
"2026-04-10","4号店 A.D.2045","よる","こい","2042532774608015412"
"2026-04-10","4号店 A.D.2045","よる","まこと","2042532774608015412"
"2026-04-10","4号店 A.D.2045","よる","るるか","2042532774608015412"
"2026-04-11","1号店 アキバ絶対領域","ひる","うる","2042803148985897093"
"2026-04-11","1号店 アキバ絶対領域","ひる","うる","2042803756442743059"
"2026-04-11","1号店 アキバ絶対領域","ひる","えみ","2042803148985897093"
"2026-04-11","1号店 アキバ絶対領域","ひる","えみ","2042803756442743059"
"2026-04-11","1号店 アキバ絶対領域","ひる","ねむり","2042803148985897093"
"2026-04-11","1号店 アキバ絶対領域","ひる","ねむり","2042803756442743059"
"2026-04-11","1号店 アキバ絶対領域","ひる","みりあ","2042803148985897093"
"2026-04-11","1号店 アキバ絶対領域","ひる","みりあ","2042803756442743059"
"2026-04-11","1号店 アキバ絶対領域","ひる","もなか","2042803756442743059"
"2026-04-11","1号店 アキバ絶対領域","ひる","もなか","2042803148985897093"
"2026-04-11","1号店 アキバ絶対領域","ひる","ららこ","2042803756442743059"
"2026-04-11","1号店 アキバ絶対領域","ひる","ららこ","2042803148985897093"
"2026-04-11","1号店 アキバ絶対領域","よる","あめる","2042895605304037525"
"2026-04-11","1号店 アキバ絶対領域","よる","あらた","2042895605304037525"
"2026-04-11","1号店 アキバ絶対領域","よる","きらり","2042895605304037525"
"2026-04-11","1号店 アキバ絶対領域","よる","つぼみ","2042895605304037525"
"2026-04-11","1号店 アキバ絶対領域","よる","もなか","2042895605304037525"
"2026-04-11","1号店 アキバ絶対領域","よる","らて","2042895605304037525"
"2026-04-11","2号店 A.D.1912","ひる","あらた","2042801105416094162"
"2026-04-11","2号店 A.D.1912","ひる","かなた","2042801105416094162"
"2026-04-11","2号店 A.D.1912","ひる","こい","2042801105416094162"
"2026-04-11","2号店 A.D.1912","ひる","ちま","2042801105416094162"
"2026-04-11","2号店 A.D.1912","ひる","つぼみ","2042801105416094162"
"2026-04-11","2号店 A.D.1912","ひる","ひなり","2042801105416094162"
"2026-04-11","2号店 A.D.1912","ひる","みぞれ","2042801105416094162"
"2026-04-11","4号店 A.D.2045","よる","すくい","2042895903313531344"
"2026-04-11","4号店 A.D.2045","よる","ちゆ","2042895903313531344"
"2026-04-11","4号店 A.D.2045","よる","みりあ","2042895903313531344"
"2026-04-11","4号店 A.D.2045","よる","みりん","2042895903313531344"
"2026-04-11","4号店 A.D.2045","よる","るるか","2042895903313531344"
"2026-04-12","1号店 アキバ絶対領域","ひる","ありす","2043163042851229920"
"2026-04-12","1号店 アキバ絶対領域","ひる","ちま","2043163042851229920"
"2026-04-12","1号店 アキバ絶対領域","ひる","つぼみ","2043163042851229920"
"2026-04-12","1号店 アキバ絶対領域","ひる","ふぁん","2043163042851229920"
"2026-04-12","1号店 アキバ絶対領域","ひる","みりあ","2043163042851229920"
"2026-04-12","1号店 アキバ絶対領域","ひる","みりん","2043163042851229920"
"2026-04-12","1号店 アキバ絶対領域","ひる","めろ","2043163042851229920"
"2026-04-12","1号店 アキバ絶対領域","よる","うな","2043244975811665993"
"2026-04-12","1号店 アキバ絶対領域","よる","うる","2043244975811665993"
"2026-04-12","1号店 アキバ絶対領域","よる","きらり","2043244975811665993"
"2026-04-12","1号店 アキバ絶対領域","よる","しゃち","2043244975811665993"
"2026-04-12","1号店 アキバ絶対領域","よる","ひかり","2043244975811665993"
"2026-04-12","1号店 アキバ絶対領域","よる","らて","2043244975811665993"
"2026-04-12","3号店 +e","ひる","あいら","2043163418279153756"
"2026-04-12","3号店 +e","ひる","あめる","2043163418279153756"
"2026-04-12","3号店 +e","ひる","うる","2043163418279153756"
"2026-04-12","3号店 +e","ひる","かなた","2043163418279153756"
"2026-04-12","3号店 +e","ひる","こい","2043163418279153756"
"2026-04-12","3号店 +e","ひる","みぞれ","2043163418279153756"
"2026-04-12","3号店 +e","ひる","ららこ","2043163418279153756"
"2026-04-12","3号店 +e","よる","あむ","2043250490277073324"
"2026-04-12","3号店 +e","よる","こえび","2043250490277073324"
"2026-04-12","3号店 +e","よる","すくい","2043250490277073324"
"2026-04-12","3号店 +e","よる","ぺろ","2043250490277073324"
"2026-04-12","3号店 +e","よる","まこと","2043250490277073324"
"2026-04-12","3号店 +e","よる","まひろ","2043250490277073324"
"2026-04-12","3号店 +e","よる","るるか","2043250490277073324"
"2026-04-13","1号店 アキバ絶対領域","ひる","あむ","2043529322418577828"
"2026-04-13","1号店 アキバ絶対領域","ひる","える","2043529322418577828"
"2026-04-13","1号店 アキバ絶対領域","ひる","けだま","2043529322418577828"
"2026-04-13","1号店 アキバ絶対領域","ひる","ちさと","2043529322418577828"
"2026-04-13","1号店 アキバ絶対領域","ひる","ちょこ","2043529322418577828"
"2026-04-13","1号店 アキバ絶対領域","ひる","はぴる","2043529322418577828"
"2026-04-13","1号店 アキバ絶対領域","ひる","まこと","2043529322418577828"
"2026-04-13","1号店 アキバ絶対領域","ひる","もなか","2043529322418577828"
"2026-04-13","1号店 アキバ絶対領域","よる","あむ","2043627414979522658"
"2026-04-13","1号店 アキバ絶対領域","よる","あらた","2043627414979522658"
"2026-04-13","1号店 アキバ絶対領域","よる","うな","2043627414979522658"
"2026-04-13","1号店 アキバ絶対領域","よる","うる","2043627414979522658"
"2026-04-13","1号店 アキバ絶対領域","よる","こい","2043627414979522658"
"2026-04-13","1号店 アキバ絶対領域","よる","ちさと","2043627414979522658"
"2026-04-13","1号店 アキバ絶対領域","よる","つくし","2043627414979522658"
"2026-04-13","1号店 アキバ絶対領域","よる","ひなり","2043627414979522658"
"2026-04-13","2号店 A.D.1912","よる","あいら","2043619304801988892"
"2026-04-13","2号店 A.D.1912","よる","あめる","2043619304801988892"
"2026-04-13","2号店 A.D.1912","よる","こえび","2043619304801988892"
"2026-04-13","2号店 A.D.1912","よる","はぴる","2043619304801988892"
"2026-04-13","2号店 A.D.1912","よる","ぺろ","2043619304801988892"
"2026-04-13","2号店 A.D.1912","よる","まこと","2043619304801988892"
"2026-04-13","2号店 A.D.1912","よる","みえる","2043619304801988892"
"2026-04-13","2号店 A.D.1912","よる","もなか","2043619304801988892"
"2026-04-13","4号店 A.D.2045","ひる","あめる","2043530144820981912"
"2026-04-13","4号店 A.D.2045","ひる","あらた","2043530144820981912"
"2026-04-13","4号店 A.D.2045","ひる","えみ","2043530144820981912"
"2026-04-13","4号店 A.D.2045","ひる","ねむり","2043530144820981912"
"2026-04-14","1号店 アキバ絶対領域","ひる","えみ","2043887298421633415"
"2026-04-14","1号店 アキバ絶対領域","ひる","ちま","2043887298421633415"
"2026-04-14","1号店 アキバ絶対領域","ひる","ひかり","2043887298421633415"
"2026-04-14","1号店 アキバ絶対領域","ひる","まこと","2043887298421633415"
"2026-04-14","1号店 アキバ絶対領域","ひる","もなか","2043887298421633415"
"2026-04-14","1号店 アキバ絶対領域","よる","あいら","2043980713389887900"
"2026-04-14","1号店 アキバ絶対領域","よる","あむ","2043980713389887900"
"2026-04-14","1号店 アキバ絶対領域","よる","うる","2043980713389887900"
"2026-04-14","1号店 アキバ絶対領域","よる","かなた","2043980713389887900"
"2026-04-14","1号店 アキバ絶対領域","よる","ちょこ","2043980713389887900"
"2026-04-14","1号店 アキバ絶対領域","よる","みえる","2043980713389887900"
"2026-04-14","1号店 アキバ絶対領域","よる","もなか","2043980713389887900"
"2026-04-14","1号店 アキバ絶対領域","よる","ららこ","2043980713389887900"
"2026-04-14","3号店 +e","ひる","あめる","2043889542806315490"
"2026-04-14","3号店 +e","ひる","あらた","2043889542806315490"
"2026-04-14","3号店 +e","ひる","ちゆ","2043889542806315490"
"2026-04-14","3号店 +e","ひる","みりあ","2043889542806315490"
"2026-04-14","3号店 +e","ひる","るるか","2043889542806315490"
"2026-04-15","1号店 アキバ絶対領域","ひる","うな","2044249112305119307"
"2026-04-15","1号店 アキバ絶対領域","ひる","えみ","2044249112305119307"
"2026-04-15","1号店 アキバ絶対領域","ひる","ひなり","2044249112305119307"
"2026-04-15","1号店 アキバ絶対領域","ひる","まひろ","2044249112305119307"
"2026-04-15","1号店 アキバ絶対領域","ひる","もなか","2044249112305119307"
"2026-04-15","1号店 アキバ絶対領域","よる","うる","2044345634636140609"
"2026-04-15","1号店 アキバ絶対領域","よる","しゃち","2044345634636140609"
"2026-04-15","1号店 アキバ絶対領域","よる","ちさと","2044345634636140609"
"2026-04-15","1号店 アキバ絶対領域","よる","つぼみ","2044345634636140609"
"2026-04-15","1号店 アキバ絶対領域","よる","ぺろ","2044345634636140609"
"2026-04-15","1号店 アキバ絶対領域","よる","みりあ","2044345634636140609"
"2026-04-15","4号店 A.D.2045","ひる","ちゆ","2044249295738827177"
"2026-04-15","4号店 A.D.2045","ひる","ひかり","2044249295738827177"
"2026-04-15","4号店 A.D.2045","ひる","みりあ","2044249295738827177"
"2026-04-15","4号店 A.D.2045","ひる","るるか","2044249295738827177"
"2026-04-16","1号店 アキバ絶対領域","ひる","あむ","2044611640902262808"
"2026-04-16","1号店 アキバ絶対領域","ひる","ちま","2044611640902262808"
"2026-04-16","1号店 アキバ絶対領域","ひる","ひなり","2044611640902262808"
"2026-04-16","1号店 アキバ絶対領域","ひる","るるか","2044611640902262808"
"2026-04-16","1号店 アキバ絶対領域","よる","ひかり","2044704722788270244"
"2026-04-16","1号店 アキバ絶対領域","よる","ひなり","2044704722788270244"
"2026-04-16","1号店 アキバ絶対領域","よる","ふぁん","2044704722788270244"
"2026-04-16","1号店 アキバ絶対領域","よる","みえる","2044704722788270244"
"2026-04-16","1号店 アキバ絶対領域","よる","るるか","2044704722788270244"
"2026-04-16","2号店 A.D.1912","ひる","いろは","2044613495573078324"
"2026-04-16","2号店 A.D.1912","ひる","うる","2044613495573078324"
"2026-04-16","2号店 A.D.1912","ひる","すくい","2044613495573078324"
"2026-04-16","2号店 A.D.1912","ひる","ちゆ","2044613495573078324"
"2026-04-16","2号店 A.D.1912","ひる","つくし","2044613495573078324"
"2026-04-16","2号店 A.D.1912","ひる","みりあ","2044613495573078324"
"2026-04-17","1号店 アキバ絶対領域","ひる","すくい","2044975900534710633"
"2026-04-17","1号店 アキバ絶対領域","ひる","のの","2044975900534710633"
"2026-04-17","1号店 アキバ絶対領域","ひる","ぺろ","2044975900534710633"
"2026-04-17","1号店 アキバ絶対領域","ひる","みりあ","2044975900534710633"
"2026-04-17","1号店 アキバ絶対領域","よる","あめる","2045071286985253061"
"2026-04-17","1号店 アキバ絶対領域","よる","うな","2045071286985253061"
"2026-04-17","1号店 アキバ絶対領域","よる","ちゆ","2045071286985253061"
"2026-04-17","1号店 アキバ絶対領域","よる","つくし","2045071286985253061"
"2026-04-17","1号店 アキバ絶対領域","よる","のの","2045071286985253061"
"2026-04-17","1号店 アキバ絶対領域","よる","ひかり","2045071286985253061"
"2026-04-17","1号店 アキバ絶対領域","よる","まこと","2045071286985253061"
"2026-04-18","1号店 アキバ絶対領域","ひる","あめる","2045342794823463323"
"2026-04-18","1号店 アキバ絶対領域","ひる","うな","2045342794823463323"
"2026-04-18","1号店 アキバ絶対領域","ひる","ちさと","2045342794823463323"
"2026-04-18","1号店 アキバ絶対領域","ひる","ねむり","2045342794823463323"
"2026-04-18","1号店 アキバ絶対領域","ひる","のの","2045342794823463323"
"2026-04-18","1号店 アキバ絶対領域","ひる","まこと","2045342794823463323"
"2026-04-18","1号店 アキバ絶対領域","よる","あくび","2045429219493326869"
"2026-04-18","1号店 アキバ絶対領域","よる","こえび","2045429219493326869"
"2026-04-18","1号店 アキバ絶対領域","よる","ひかり","2045429219493326869"
"2026-04-18","1号店 アキバ絶対領域","よる","ゆめ","2045429219493326869"
"2026-04-18","3号店 +e","ひる","うる","2045343123182895402"
"2026-04-18","3号店 +e","ひる","こい","2045343123182895402"
"2026-04-18","3号店 +e","ひる","ひなり","2045343123182895402"
"2026-04-18","3号店 +e","ひる","ふぁん","2045343123182895402"
"2026-04-18","3号店 +e","ひる","みぞれ","2045343123182895402"
"2026-04-18","3号店 +e","ひる","みりん","2045343123182895402"
"2026-04-18","3号店 +e","ひる","ららこ","2045343123182895402"
"2026-04-18","3号店 +e","ひる","るるか","2045343123182895402"
"2026-04-18","3号店 +e","よる","あめる","2045451204973797887"
"2026-04-18","3号店 +e","よる","ありす","2045451204973797887"
"2026-04-18","3号店 +e","よる","まこと","2045451204973797887"
"2026-04-18","3号店 +e","よる","まひろ","2045451204973797887"
"2026-04-18","3号店 +e","よる","みえる","2045451204973797887"
"2026-04-18","3号店 +e","よる","らて","2045451204973797887"
"2026-04-19","1号店 アキバ絶対領域","ひる","うる","2045699603782328714"
"2026-04-19","1号店 アキバ絶対領域","ひる","こん","2045699603782328714"
"2026-04-19","1号店 アキバ絶対領域","ひる","つぼみ","2045699603782328714"
"2026-04-19","1号店 アキバ絶対領域","ひる","ねむり","2045699603782328714"
"2026-04-19","1号店 アキバ絶対領域","ひる","みぞれ","2045699603782328714"
"2026-04-19","1号店 アキバ絶対領域","ひる","みりあ","2045699603782328714"
"2026-04-19","1号店 アキバ絶対領域","ひる","るるか","2045699603782328714"
"2026-04-19","1号店 アキバ絶対領域","よる","あめる","2045784658663878772"
"2026-04-19","1号店 アキバ絶対領域","よる","まこと","2045784658663878772"
"2026-04-19","1号店 アキバ絶対領域","よる","みえる","2045784658663878772"
"2026-04-19","1号店 アキバ絶対領域","よる","もなか","2045784658663878772"
"2026-04-19","1号店 アキバ絶対領域","よる","らて","2045784658663878772"
"2026-04-19","2号店 A.D.1912","ひる","ありす","2045704095194116496"
"2026-04-19","2号店 A.D.1912","ひる","すくい","2045704095194116496"
"2026-04-19","2号店 A.D.1912","ひる","ちょこ","2045704095194116496"
"2026-04-19","2号店 A.D.1912","ひる","つくし","2045704095194116496"
"2026-04-19","2号店 A.D.1912","ひる","のの","2045704095194116496"
"2026-04-19","2号店 A.D.1912","ひる","ひなり","2045704095194116496"
"2026-04-19","2号店 A.D.1912","ひる","まこと","2045704095194116496"
"2026-04-19","4号店 A.D.2045","よる","うる","2045782771076088039"
"2026-04-19","4号店 A.D.2045","よる","こえび","2045782771076088039"
"2026-04-19","4号店 A.D.2045","よる","すくい","2045782771076088039"
"2026-04-19","4号店 A.D.2045","よる","みりあ","2045782771076088039"
"2026-04-20","1号店 アキバ絶対領域","ひる","あめる","2046062743997079738"
"2026-04-20","1号店 アキバ絶対領域","ひる","えみ","2046062743997079738"
"2026-04-20","1号店 アキバ絶対領域","ひる","こい","2046062743997079738"
"2026-04-20","1号店 アキバ絶対領域","ひる","しゃち","2046062743997079738"
"2026-04-20","1号店 アキバ絶対領域","ひる","ちま","2046062743997079738"
"2026-04-20","1号店 アキバ絶対領域","よる","あむ","2046153956083265834"
"2026-04-20","1号店 アキバ絶対領域","よる","うる","2046153956083265834"
"2026-04-20","1号店 アキバ絶対領域","よる","きらり","2046153956083265834"
"2026-04-20","1号店 アキバ絶対領域","よる","しゃち","2046153956083265834"
"2026-04-20","1号店 アキバ絶対領域","よる","ちゆ","2046153956083265834"
"2026-04-20","1号店 アキバ絶対領域","よる","めろ","2046153956083265834"
"2026-04-20","1号店 アキバ絶対領域","よる","もなか","2046153956083265834"
"2026-04-20","2号店 A.D.1912","よる","あくび","2046148103468892258"
"2026-04-20","2号店 A.D.1912","よる","あめる","2046148103468892258"
"2026-04-20","2号店 A.D.1912","よる","うな","2046148103468892258"
"2026-04-20","2号店 A.D.1912","よる","こえび","2046148103468892258"
"2026-04-20","2号店 A.D.1912","よる","つくし","2046148103468892258"
"2026-04-20","2号店 A.D.1912","よる","まこと","2046148103468892258"
"2026-04-20","4号店 A.D.2045","ひる","あらた","2046065747496214752"
"2026-04-20","4号店 A.D.2045","ひる","ぺろ","2046065747496214752"
"2026-04-20","4号店 A.D.2045","ひる","みりあ","2046065747496214752"
"2026-04-20","4号店 A.D.2045","ひる","るるか","2046065747496214752"
"2026-04-21","1号店 アキバ絶対領域","ひる","うる","2046426793247453506"
"2026-04-21","1号店 アキバ絶対領域","ひる","えみ","2046426793247453506"
"2026-04-21","1号店 アキバ絶対領域","ひる","える","2046426793247453506"
"2026-04-21","1号店 アキバ絶対領域","ひる","すくい","2046426793247453506"
"2026-04-21","1号店 アキバ絶対領域","ひる","はぴる","2046426793247453506"
"2026-04-21","1号店 アキバ絶対領域","ひる","ゆめ","2046426793247453506"
"2026-04-21","1号店 アキバ絶対領域","よる","あいら","2046519920767512708"
"2026-04-21","1号店 アキバ絶対領域","よる","あらた","2046519920767512708"
"2026-04-21","1号店 アキバ絶対領域","よる","かなた","2046519920767512708"
"2026-04-21","1号店 アキバ絶対領域","よる","きらり","2046519920767512708"
"2026-04-21","1号店 アキバ絶対領域","よる","ひなり","2046519920767512708"
"2026-04-21","1号店 アキバ絶対領域","よる","もなか","2046519920767512708"
"2026-04-21","1号店 アキバ絶対領域","よる","ららこ","2046519920767512708"
"2026-04-21","3号店 +e","ひる","あむ","2046427223629144505"
"2026-04-21","3号店 +e","ひる","あらた","2046427223629144505"
"2026-04-21","3号店 +e","ひる","ひなり","2046427223629144505"
"2026-04-21","3号店 +e","ひる","ぺろ","2046427223629144505"
"2026-04-21","3号店 +e","ひる","もなか","2046427223629144505"
"2026-04-22","1号店 アキバ絶対領域","ひる","うる","2046788162719277073"
"2026-04-22","1号店 アキバ絶対領域","ひる","すくい","2046788162719277073"
"2026-04-22","1号店 アキバ絶対領域","ひる","ひなり","2046788162719277073"
"2026-04-22","1号店 アキバ絶対領域","ひる","ぺろ","2046788162719277073"
"2026-04-22","1号店 アキバ絶対領域","ひる","みりあ","2046788162719277073"
"2026-04-22","1号店 アキバ絶対領域","ひる","みりん","2046788162719277073"
"2026-04-22","1号店 アキバ絶対領域","ひる","るるか","2046788162719277073"
"2026-04-22","1号店 アキバ絶対領域","よる","あくび","2046879881053765786"
"2026-04-22","1号店 アキバ絶対領域","よる","あくび","2046880302740762997"
"2026-04-22","1号店 アキバ絶対領域","よる","あめる","2046880302740762997"
"2026-04-22","1号店 アキバ絶対領域","よる","あめる","2046879881053765786"
"2026-04-22","1号店 アキバ絶対領域","よる","うな","2046879881053765786"
"2026-04-22","1号店 アキバ絶対領域","よる","うな","2046880302740762997"
"2026-04-22","1号店 アキバ絶対領域","よる","うる","2046879881053765786"
"2026-04-22","1号店 アキバ絶対領域","よる","かなた","2046880302740762997"
"2026-04-22","1号店 アキバ絶対領域","よる","かなた","2046879881053765786"
"2026-04-22","1号店 アキバ絶対領域","よる","こん","2046879881053765786"
"2026-04-22","1号店 アキバ絶対領域","よる","こん","2046880302740762997"
"2026-04-22","1号店 アキバ絶対領域","よる","まこと","2046880302740762997"
"2026-04-22","3号店 +e","ひる","あめる","2046787064470118590"
"2026-04-22","3号店 +e","ひる","えみ","2046787064470118590"
"2026-04-22","3号店 +e","ひる","ちま","2046787064470118590"
"2026-04-22","3号店 +e","ひる","はぴる","2046787064470118590"
"2026-04-22","3号店 +e","ひる","まこと","2046787064470118590"
"2026-04-22","4号店 A.D.2045","よる","ちさと","2046887436761129102"
"2026-04-22","4号店 A.D.2045","よる","みりあ","2046887436761129102"
"2026-04-22","4号店 A.D.2045","よる","みりん","2046887436761129102"
"2026-04-22","4号店 A.D.2045","よる","るるか","2046887436761129102"
"2026-04-23","1号店 アキバ絶対領域","ひる","あむ","2047162415641768092"
"2026-04-23","1号店 アキバ絶対領域","ひる","あらた","2047162415641768092"
"2026-04-23","1号店 アキバ絶対領域","ひる","いろは","2047162415641768092"
"2026-04-23","1号店 アキバ絶対領域","ひる","つくし","2047162415641768092"
"2026-04-23","1号店 アキバ絶対領域","ひる","もなか","2047162415641768092"
"2026-04-23","1号店 アキバ絶対領域","よる","いと","2047245951140860180"
"2026-04-23","1号店 アキバ絶対領域","よる","こん","2047245951140860180"
"2026-04-23","1号店 アキバ絶対領域","よる","ちょこ","2047245951140860180"
"2026-04-23","1号店 アキバ絶対領域","よる","みぞれ","2047245951140860180"
"2026-04-23","1号店 アキバ絶対領域","よる","みりん","2047245951140860180"
"2026-04-23","1号店 アキバ絶対領域","よる","もなか","2047245951140860180"
"2026-04-23","4号店 A.D.2045","よる","あめる","2047240181439422774"
"2026-04-23","4号店 A.D.2045","よる","あらた","2047240181439422774"
"2026-04-23","4号店 A.D.2045","よる","ふぁん","2047240181439422774"
"2026-04-23","4号店 A.D.2045","よる","ららこ","2047240181439422774"
"2026-04-23","4号店 A.D.2045","よる","るるか","2047240181439422774"
"2026-04-24","1号店 アキバ絶対領域","ひる","うる","2047513222379720872"
"2026-04-24","1号店 アキバ絶対領域","ひる","きらり","2047513222379720872"
"2026-04-24","1号店 アキバ絶対領域","ひる","こい","2047513222379720872"
"2026-04-24","1号店 アキバ絶対領域","ひる","ひなり","2047513222379720872"
"2026-04-24","1号店 アキバ絶対領域","ひる","みりあ","2047513222379720872"
"2026-04-24","1号店 アキバ絶対領域","ひる","もなか","2047513222379720872"
"2026-04-24","1号店 アキバ絶対領域","よる","あめる","2047603962757746915"
"2026-04-24","1号店 アキバ絶対領域","よる","うな","2047603962757746915"
"2026-04-24","1号店 アキバ絶対領域","よる","つぼみ","2047603962757746915"
"2026-04-24","1号店 アキバ絶対領域","よる","ふぁん","2047603962757746915"
"2026-04-24","1号店 アキバ絶対領域","よる","まこと","2047603962757746915"
"2026-04-24","2号店 A.D.1912","ひる","あめる","2047513349995565410"
"2026-04-24","2号店 A.D.1912","ひる","すくい","2047513349995565410"
"2026-04-24","2号店 A.D.1912","ひる","ちゆ","2047513349995565410"
"2026-04-24","2号店 A.D.1912","ひる","のの","2047513349995565410"
"2026-04-24","2号店 A.D.1912","ひる","まこと","2047513349995565410"
"2026-04-24","4号店 A.D.2045","よる","ひかり","2047588819730665736"
"2026-04-24","4号店 A.D.2045","よる","みりん","2047588819730665736"
"2026-04-24","4号店 A.D.2045","よる","るるか","2047588819730665736"
"2026-04-25","1号店 アキバ絶対領域","ひる","あらた","2047877522227089836"
"2026-04-25","1号店 アキバ絶対領域","ひる","うな","2047877522227089836"
"2026-04-25","1号店 アキバ絶対領域","ひる","ちさと","2047877522227089836"
"2026-04-25","1号店 アキバ絶対領域","ひる","ちょこ","2047877522227089836"
"2026-04-25","1号店 アキバ絶対領域","ひる","ふぁん","2047877522227089836"
"2026-04-25","1号店 アキバ絶対領域","ひる","みりあ","2047877522227089836"
"2026-04-25","1号店 アキバ絶対領域","ひる","みりん","2047877522227089836"
"2026-04-25","1号店 アキバ絶対領域","よる","あむ","2047985880837882035"
"2026-04-25","1号店 アキバ絶対領域","よる","うる","2047985880837882035"
"2026-04-25","1号店 アキバ絶対領域","よる","こえび","2047985880837882035"
"2026-04-25","1号店 アキバ絶対領域","よる","しゃち","2047985880837882035"
"2026-04-25","1号店 アキバ絶対領域","よる","ぺろ","2047985880837882035"
"2026-04-25","1号店 アキバ絶対領域","よる","まひろ","2047985880837882035"
"2026-04-25","1号店 アキバ絶対領域","よる","みりん","2047985880837882035"
"2026-04-25","3号店 +e","ひる","あいら","2047877904336654563"
"2026-04-25","3号店 +e","ひる","あむ","2047877904336654563"
"2026-04-25","3号店 +e","ひる","える","2047877904336654563"
"2026-04-25","3号店 +e","ひる","こい","2047877904336654563"
"2026-04-25","3号店 +e","ひる","すくい","2047877904336654563"
"2026-04-25","3号店 +e","ひる","ちま","2047877904336654563"
"2026-04-25","3号店 +e","ひる","つぼみ","2047877904336654563"
"2026-04-25","3号店 +e","ひる","まこと","2047877904336654563"
"2026-04-25","3号店 +e","よる","あくび","2047958646710317085"
"2026-04-25","3号店 +e","よる","あめる","2047958646710317085"
"2026-04-25","3号店 +e","よる","あらた","2047958646710317085"
"2026-04-25","3号店 +e","よる","ありす","2047958646710317085"
"2026-04-25","3号店 +e","よる","かなた","2047958646710317085"
"2026-04-25","3号店 +e","よる","ちゆ","2047958646710317085"
"2026-04-26","1号店 アキバ絶対領域","ひる","うる","2048236169939595429"
"2026-04-26","1号店 アキバ絶対領域","ひる","えみ","2048236169939595429"
"2026-04-26","1号店 アキバ絶対領域","ひる","こい","2048236169939595429"
"2026-04-26","1号店 アキバ絶対領域","ひる","ねむり","2048236169939595429"
"2026-04-26","1号店 アキバ絶対領域","ひる","ひなり","2048236169939595429"
"2026-04-26","1号店 アキバ絶対領域","ひる","みぞれ","2048236169939595429"
"2026-04-26","1号店 アキバ絶対領域","ひる","みりあ","2048236169939595429"
"2026-04-26","1号店 アキバ絶対領域","よる","あめる","2048332173607161935"
"2026-04-26","1号店 アキバ絶対領域","よる","かなた","2048332173607161935"
"2026-04-26","1号店 アキバ絶対領域","よる","ひなり","2048332173607161935"
"2026-04-26","1号店 アキバ絶対領域","よる","まこと","2048332173607161935"
"2026-04-26","1号店 アキバ絶対領域","よる","めろ","2048332173607161935"
"2026-04-26","1号店 アキバ絶対領域","よる","ららこ","2048332173607161935"
"2026-04-26","2号店 A.D.1912","ひる","あめる","2048237124248612881"
"2026-04-26","2号店 A.D.1912","ひる","ありす","2048237124248612881"
"2026-04-26","2号店 A.D.1912","ひる","すくい","2048237124248612881"
"2026-04-26","2号店 A.D.1912","ひる","ちま","2048237124248612881"
"2026-04-26","2号店 A.D.1912","ひる","のの","2048237124248612881"
"2026-04-26","2号店 A.D.1912","ひる","まこと","2048237124248612881"
"2026-04-26","4号店 A.D.2045","よる","うる","2048363562784141595"
"2026-04-26","4号店 A.D.2045","よる","こえび","2048363562784141595"
"2026-04-26","4号店 A.D.2045","よる","すくい","2048363562784141595"
"2026-04-26","4号店 A.D.2045","よる","みりあ","2048363562784141595"
"2026-04-27","1号店 アキバ絶対領域","ひる","あいら","2048598727154434098"
"2026-04-27","1号店 アキバ絶対領域","ひる","あらた","2048598727154434098"
"2026-04-27","1号店 アキバ絶対領域","ひる","いと","2048598727154434098"
"2026-04-27","1号店 アキバ絶対領域","ひる","えみ","2048598727154434098"
"2026-04-27","1号店 アキバ絶対領域","ひる","こい","2048598727154434098"
"2026-04-27","1号店 アキバ絶対領域","ひる","ちゆ","2048598727154434098"
"2026-04-27","1号店 アキバ絶対領域","ひる","ひかり","2048598727154434098"
"2026-04-27","1号店 アキバ絶対領域","ひる","もなか","2048598727154434098"
"2026-04-27","1号店 アキバ絶対領域","よる","こえび","2048703075247161606"
"2026-04-27","1号店 アキバ絶対領域","よる","ちさと","2048703075247161606"
"2026-04-27","1号店 アキバ絶対領域","よる","みりん","2048703075247161606"
"2026-04-27","1号店 アキバ絶対領域","よる","もなか","2048703075247161606"
"2026-04-27","1号店 アキバ絶対領域","よる","るるか","2048703075247161606"
"2026-04-27","3号店 +e","よる","あむ","2048689879023063129"
"2026-04-27","3号店 +e","よる","うな","2048689879023063129"
"2026-04-27","3号店 +e","よる","うる","2048689879023063129"
"2026-04-27","3号店 +e","よる","つくし","2048689879023063129"
"2026-04-27","3号店 +e","よる","ぺろ","2048689879023063129"
"2026-04-27","3号店 +e","よる","みぞれ","2048689879023063129"
"2026-04-28","1号店 アキバ絶対領域","ひる","しゃち","2048963258967814482"
"2026-04-28","1号店 アキバ絶対領域","ひる","すくい","2048963258967814482"
"2026-04-28","1号店 アキバ絶対領域","ひる","はぴる","2048963258967814482"
"2026-04-28","1号店 アキバ絶対領域","ひる","ふぁん","2048963258967814482"
"2026-04-28","1号店 アキバ絶対領域","ひる","まこと","2048963258967814482"
"2026-04-28","1号店 アキバ絶対領域","ひる","みりあ","2048963258967814482"
"2026-04-28","1号店 アキバ絶対領域","ひる","みりん","2048963258967814482"
"2026-04-28","1号店 アキバ絶対領域","ひる","もなか","2048963258967814482"
"2026-04-28","1号店 アキバ絶対領域","よる","あむ","2049055244760547437"
"2026-04-28","1号店 アキバ絶対領域","よる","あめる","2049055244760547437"
"2026-04-28","1号店 アキバ絶対領域","よる","あらた","2049055244760547437"
"2026-04-28","1号店 アキバ絶対領域","よる","うな","2049055244760547437"
"2026-04-28","1号店 アキバ絶対領域","よる","つくし","2049055244760547437"
"2026-04-28","1号店 アキバ絶対領域","よる","ひなり","2049055244760547437"
"2026-04-28","1号店 アキバ絶対領域","よる","ふぁん","2049055244760547437"
"2026-04-28","1号店 アキバ絶対領域","よる","みりん","2049055244760547437"
"2026-04-28","3号店 +e","ひる","あめる","2048962492748202071"
"2026-04-28","3号店 +e","ひる","あらた","2048962492748202071"
"2026-04-28","3号店 +e","ひる","かなた","2048962492748202071"
"2026-04-28","3号店 +e","ひる","けだま","2048962492748202071"
"2026-04-28","3号店 +e","ひる","ちぇる","2048962492748202071"
"2026-04-28","3号店 +e","ひる","ねむり","2048962492748202071"
"2026-04-28","3号店 +e","ひる","ひなり","2048962492748202071"
"2026-04-28","4号店 A.D.2045","よる","ぺろ","2049051907273179538"
"2026-04-28","4号店 A.D.2045","よる","まこと","2049051907273179538"
"2026-04-28","4号店 A.D.2045","よる","みりあ","2049051907273179538"
"2026-04-28","4号店 A.D.2045","よる","るるか","2049051907273179538"
"2026-04-29","1号店 アキバ絶対領域","ひる","あいら","2049327667829477418"
"2026-04-29","1号店 アキバ絶対領域","ひる","えみ","2049327667829477418"
"2026-04-29","1号店 アキバ絶対領域","ひる","しゃち","2049327667829477418"
"2026-04-29","1号店 アキバ絶対領域","ひる","ひかり","2049327667829477418"
"2026-04-29","1号店 アキバ絶対領域","ひる","まこと","2049327667829477418"
"2026-04-29","1号店 アキバ絶対領域","ひる","もなか","2049327667829477418"
"2026-04-29","1号店 アキバ絶対領域","ひる","ららこ","2049327667829477418"
"2026-04-29","1号店 アキバ絶対領域","よる","あむ","2049426831187775489"
"2026-04-29","1号店 アキバ絶対領域","よる","うな","2049426831187775489"
"2026-04-29","1号店 アキバ絶対領域","よる","うる","2049426831187775489"
"2026-04-29","1号店 アキバ絶対領域","よる","つぼみ","2049426831187775489"
"2026-04-29","1号店 アキバ絶対領域","よる","みえる","2049426831187775489"
"2026-04-29","1号店 アキバ絶対領域","よる","もなか","2049426831187775489"
"2026-04-29","1号店 アキバ絶対領域","よる","らて","2049426831187775489"
"2026-04-29","2号店 A.D.1912","よる","あくび","2049426098828750914"
"2026-04-29","2号店 A.D.1912","よる","ありす","2049426098828750914"
"2026-04-29","2号店 A.D.1912","よる","かなた","2049426098828750914"
"2026-04-29","2号店 A.D.1912","よる","こん","2049426098828750914"
"2026-04-29","2号店 A.D.1912","よる","ひかり","2049426098828750914"
"2026-04-29","2号店 A.D.1912","よる","まこと","2049426098828750914"
"2026-04-29","2号店 A.D.1912","よる","るるか","2049426098828750914"
"2026-04-30","1号店 アキバ絶対領域","ひる","いと","2049686622116237634"
"2026-04-30","1号店 アキバ絶対領域","ひる","いろは","2049686622116237634"
"2026-04-30","1号店 アキバ絶対領域","ひる","えみ","2049686622116237634"
"2026-04-30","1号店 アキバ絶対領域","ひる","みりあ","2049686622116237634"
"2026-04-30","1号店 アキバ絶対領域","ひる","みりん","2049686622116237634"
"2026-04-30","1号店 アキバ絶対領域","ひる","もなか","2049686622116237634"
"2026-04-30","1号店 アキバ絶対領域","よる","あいら","2049778607824961950"
"2026-04-30","1号店 アキバ絶対領域","よる","あめる","2049778607824961950"
"2026-04-30","1号店 アキバ絶対領域","よる","こん","2049778607824961950"
"2026-04-30","1号店 アキバ絶対領域","よる","ちさと","2049778607824961950"
"2026-04-30","1号店 アキバ絶対領域","よる","ひかり","2049778607824961950"
"2026-04-30","1号店 アキバ絶対領域","よる","ぺろ","2049778607824961950"
"2026-04-30","1号店 アキバ絶対領域","よる","まこと","2049778607824961950"
"2026-04-30","2号店 A.D.1912","ひる","あめる","2049687185344078263"
"2026-04-30","2号店 A.D.1912","ひる","あらた","2049687185344078263"
"2026-04-30","2号店 A.D.1912","ひる","ちゆ","2049687185344078263"
"2026-04-30","2号店 A.D.1912","ひる","つくし","2049687185344078263"
"2026-04-30","2号店 A.D.1912","ひる","のの","2049687185344078263"
"2026-04-30","2号店 A.D.1912","ひる","ゆめ","2049687185344078263"
"2026-04-30","4号店 A.D.2045","よる","うる","2049765770838888751"
"2026-04-30","4号店 A.D.2045","よる","みえる","2049765770838888751"
"2026-04-30","4号店 A.D.2045","よる","みりあ","2049765770838888751"
"2026-04-30","4号店 A.D.2045","よる","るるか","2049765770838888751"
"2026-05-01","1号店 アキバ絶対領域","ひる","うる","2050055249751363972"
"2026-05-01","1号店 アキバ絶対領域","ひる","しゃち","2050055249751363972"
"2026-05-01","1号店 アキバ絶対領域","ひる","もなか","2050055249751363972"
"2026-05-01","1号店 アキバ絶対領域","ひる","ゆめ","2050055249751363972"
"2026-05-01","1号店 アキバ絶対領域","よる","あくび","2050153265418129885"
"2026-05-01","1号店 アキバ絶対領域","よる","うな","2050153265418129885"
"2026-05-01","1号店 アキバ絶対領域","よる","けだま","2050153265418129885"
"2026-05-01","1号店 アキバ絶対領域","よる","ちぇる","2050153265418129885"
"2026-05-01","1号店 アキバ絶対領域","よる","ちゆ","2050153265418129885"
"2026-05-01","1号店 アキバ絶対領域","よる","ひなり","2050153265418129885"
"2026-05-01","1号店 アキバ絶対領域","よる","みりん","2050153265418129885"
"2026-05-01","3号店 +e","ひる","あむ","2050068592323162299"
"2026-05-01","3号店 +e","ひる","あらた","2050068592323162299"
"2026-05-01","3号店 +e","ひる","える","2050068592323162299"
"2026-05-01","3号店 +e","ひる","きなこ","2050068592323162299"
"2026-05-01","3号店 +e","ひる","こい","2050068592323162299"
"2026-05-01","3号店 +e","ひる","ねむり","2050068592323162299"
"2026-05-01","3号店 +e","ひる","はぴる","2050068592323162299"
"2026-05-01","3号店 +e","ひる","ひなり","2050068592323162299"
"2026-05-01","3号店 +e","ひる","まこと","2050068592323162299"
"2026-05-02","1号店 アキバ絶対領域","ひる","いと","2050410518813565228"
"2026-05-02","1号店 アキバ絶対領域","ひる","うる","2050410518813565228"
"2026-05-02","1号店 アキバ絶対領域","ひる","つくし","2050410518813565228"
"2026-05-02","1号店 アキバ絶対領域","ひる","のの","2050410518813565228"
"2026-05-02","1号店 アキバ絶対領域","ひる","ひなり","2050410518813565228"
"2026-05-02","1号店 アキバ絶対領域","ひる","るるか","2050410518813565228"
"2026-05-02","1号店 アキバ絶対領域","よる","かなた","2050516642132893764"
"2026-05-02","1号店 アキバ絶対領域","よる","こん","2050516642132893764"
"2026-05-02","1号店 アキバ絶対領域","よる","みりあ","2050516642132893764"
"2026-05-02","1号店 アキバ絶対領域","よる","みりん","2050516642132893764"
"2026-05-02","1号店 アキバ絶対領域","よる","ゆめ","2050516642132893764"
"2026-05-02","3号店 +e","よる","あむ","2050507554510524907"
"2026-05-02","3号店 +e","よる","うる","2050507554510524907"
"2026-05-02","3号店 +e","よる","こえび","2050507554510524907"
"2026-05-02","3号店 +e","よる","のの","2050507554510524907"
"2026-05-02","3号店 +e","よる","ひかり","2050507554510524907"
"2026-05-02","3号店 +e","よる","らて","2050507554510524907"
"2026-05-02","3号店 +e","よる","るるか","2050507554510524907"
"2026-05-02","4号店 A.D.2045","ひる","あめる","2050410895315173843"
"2026-05-02","4号店 A.D.2045","ひる","ぺろ","2050410895315173843"
"2026-05-02","4号店 A.D.2045","ひる","みぞれ","2050410895315173843"
"2026-05-02","4号店 A.D.2045","ひる","みりん","2050410895315173843"
"2026-05-03","1号店 アキバ絶対領域","ひる","うな","2050778075651277038"
"2026-05-03","1号店 アキバ絶対領域","ひる","こい","2050778075651277038"
"2026-05-03","1号店 アキバ絶対領域","ひる","ちま","2050778075651277038"
"2026-05-03","1号店 アキバ絶対領域","ひる","ぺろ","2050778075651277038"
"2026-05-03","1号店 アキバ絶対領域","ひる","みりあ","2050778075651277038"
"2026-05-03","1号店 アキバ絶対領域","ひる","もなか","2050778075651277038"
"2026-05-03","1号店 アキバ絶対領域","よる","うな","2050881158330884121"
"2026-05-03","1号店 アキバ絶対領域","よる","しゃち","2050881158330884121"
"2026-05-03","1号店 アキバ絶対領域","よる","ひかり","2050881158330884121"
"2026-05-03","1号店 アキバ絶対領域","よる","みりん","2050881158330884121"
"2026-05-03","1号店 アキバ絶対領域","よる","ららこ","2050881158330884121"
"2026-05-03","1号店 アキバ絶対領域","よる","るるか","2050881158330884121"
"2026-05-03","2号店 A.D.1912","ひる","いと","2050778213304213568"
"2026-05-03","2号店 A.D.1912","ひる","こん","2050778213304213568"
"2026-05-03","2号店 A.D.1912","ひる","すくい","2050778213304213568"
"2026-05-03","2号店 A.D.1912","ひる","ちぇる","2050778213304213568"
"2026-05-03","2号店 A.D.1912","ひる","つくし","2050778213304213568"
"2026-05-03","2号店 A.D.1912","ひる","のの","2050778213304213568"
"2026-05-03","2号店 A.D.1912","ひる","ひかり","2050778213304213568"
"2026-05-03","2号店 A.D.1912","ひる","まこと","2050778213304213568"
"2026-05-03","2号店 A.D.1912","よる","うる","2050867123065704878"
"2026-05-03","2号店 A.D.1912","よる","かなた","2050867123065704878"
"2026-05-03","2号店 A.D.1912","よる","ひなり","2050867123065704878"
"2026-05-03","2号店 A.D.1912","よる","もなか","2050867123065704878"
"2026-05-03","2号店 A.D.1912","よる","らて","2050867123065704878"
"2026-05-04","1号店 アキバ絶対領域","ひる","こい","2051134652753338766"
"2026-05-04","1号店 アキバ絶対領域","ひる","こん","2051134652753338766"
"2026-05-04","1号店 アキバ絶対領域","ひる","ひかり","2051134652753338766"
"2026-05-04","1号店 アキバ絶対領域","ひる","めろ","2051134652753338766"
"2026-05-04","1号店 アキバ絶対領域","ひる","もなか","2051134652753338766"
"2026-05-04","1号店 アキバ絶対領域","ひる","ゆめ","2051134652753338766"
"2026-05-04","1号店 アキバ絶対領域","よる","しゃち","2051224788241465536"
"2026-05-04","1号店 アキバ絶対領域","よる","ちぇる","2051224788241465536"
"2026-05-04","1号店 アキバ絶対領域","よる","ひなり","2051224788241465536"
"2026-05-04","1号店 アキバ絶対領域","よる","まこと","2051224788241465536"
"2026-05-04","1号店 アキバ絶対領域","よる","るるか","2051224788241465536"
"2026-05-04","2号店 A.D.1912","ひる","あいら","2051136560113082546"
"2026-05-04","2号店 A.D.1912","ひる","うな","2051136560113082546"
"2026-05-04","2号店 A.D.1912","ひる","えみ","2051136560113082546"
"2026-05-04","2号店 A.D.1912","ひる","すくい","2051136560113082546"
"2026-05-04","2号店 A.D.1912","ひる","つぼみ","2051136560113082546"
"2026-05-04","2号店 A.D.1912","ひる","のの","2051136560113082546"
"2026-05-04","2号店 A.D.1912","ひる","まこと","2051136560113082546"
"2026-05-04","2号店 A.D.1912","ひる","ららこ","2051136560113082546"
"2026-05-05","1号店 アキバ絶対領域","ひる","うな","2051497176480780532"
"2026-05-05","1号店 アキバ絶対領域","ひる","きらり","2051497176480780532"
"2026-05-05","1号店 アキバ絶対領域","ひる","ちま","2051497176480780532"
"2026-05-05","1号店 アキバ絶対領域","ひる","ねむり","2051497176480780532"
"2026-05-05","1号店 アキバ絶対領域","ひる","まこと","2051497176480780532"
"2026-05-05","1号店 アキバ絶対領域","ひる","みぞれ","2051497176480780532"
"2026-05-05","1号店 アキバ絶対領域","よる","あむら","2051611255602032743"
"2026-05-05","1号店 アキバ絶対領域","よる","かなた","2051611255602032743"
"2026-05-05","1号店 アキバ絶対領域","よる","しゃち","2051611255602032743"
"2026-05-05","1号店 アキバ絶対領域","よる","ちゆ","2051611255602032743"
"2026-05-05","1号店 アキバ絶対領域","よる","もなか","2051611255602032743"
"2026-05-05","3号店 +e","ひる","あむ","2051501560933535759"
"2026-05-05","3号店 +e","ひる","かなた","2051501560933535759"
"2026-05-05","3号店 +e","ひる","こい","2051501560933535759"
"2026-05-05","3号店 +e","ひる","つぼみ","2051501560933535759"
"2026-05-05","3号店 +e","ひる","ぺろ","2051501560933535759"
"2026-05-05","3号店 +e","ひる","みりん","2051501560933535759"
"2026-05-05","4号店 A.D.2045","よる","まこと","2051577590448804121"
"2026-05-05","4号店 A.D.2045","よる","みりあ","2051577590448804121"
"2026-05-05","4号店 A.D.2045","よる","らて","2051577590448804121"
"2026-05-05","4号店 A.D.2045","よる","るるか","2051577590448804121"
"2026-05-06","1号店 アキバ絶対領域","ひる","あむ","2051860665107939609"
"2026-05-06","1号店 アキバ絶対領域","ひる","うる","2051860665107939609"
"2026-05-06","1号店 アキバ絶対領域","ひる","けだま","2051860665107939609"
"2026-05-06","1号店 アキバ絶対領域","ひる","ちゆ","2051860665107939609"
"2026-05-06","1号店 アキバ絶対領域","ひる","つぼみ","2051860665107939609"
"2026-05-06","1号店 アキバ絶対領域","ひる","ねむり","2051860665107939609"
"2026-05-06","1号店 アキバ絶対領域","ひる","もなか","2051860665107939609"
"2026-05-06","1号店 アキバ絶対領域","よる","あめる","2051991035027534281"
"2026-05-06","1号店 アキバ絶対領域","よる","あらた","2051991035027534281"
"2026-05-06","1号店 アキバ絶対領域","よる","ちぇる","2051991035027534281"
"2026-05-06","1号店 アキバ絶対領域","よる","ひなり","2051991035027534281"
"2026-05-06","1号店 アキバ絶対領域","よる","もなか","2051991035027534281"
"2026-05-06","1号店 アキバ絶対領域","よる","らて","2051991035027534281"
"2026-05-06","2号店 A.D.1912","ひる","あくび","2051861808244482296"
"2026-05-06","2号店 A.D.1912","ひる","あらた","2051861808244482296"
"2026-05-06","2号店 A.D.1912","ひる","いと","2051861808244482296"
"2026-05-06","2号店 A.D.1912","ひる","ちょこ","2051861808244482296"
"2026-05-06","2号店 A.D.1912","ひる","のの","2051861808244482296"
"2026-05-06","2号店 A.D.1912","ひる","みりあ","2051861808244482296"
"2026-05-07","1号店 アキバ絶対領域","ひる","あめる","2052226475487867277"
"2026-05-07","1号店 アキバ絶対領域","ひる","うる","2052226475487867277"
"2026-05-07","1号店 アキバ絶対領域","ひる","きらり","2052226475487867277"
"2026-05-07","1号店 アキバ絶対領域","ひる","ゆめ","2052226475487867277"
"2026-05-07","1号店 アキバ絶対領域","ひる","るるか","2052226475487867277"
"2026-05-07","1号店 アキバ絶対領域","よる","あむ","2052313746480275910"
"2026-05-07","1号店 アキバ絶対領域","よる","かなた","2052313746480275910"
"2026-05-07","1号店 アキバ絶対領域","よる","つくし","2052313746480275910"
"2026-05-07","1号店 アキバ絶対領域","よる","はぴる","2052313746480275910"
"2026-05-07","1号店 アキバ絶対領域","よる","まこと","2052313746480275910"
"2026-05-07","1号店 アキバ絶対領域","よる","みりん","2052313746480275910"
"2026-05-07","1号店 アキバ絶対領域","よる","めろ","2052313746480275910"
"2026-05-07","3号店 +e","よる","あめる","2052316064034570651"
"2026-05-07","3号店 +e","よる","いと","2052316064034570651"
"2026-05-07","3号店 +e","よる","うる","2052316064034570651"
"2026-05-07","3号店 +e","よる","ちょこ","2052316064034570651"
"2026-05-07","3号店 +e","よる","みえる","2052316064034570651"
"2026-05-07","3号店 +e","よる","るるか","2052316064034570651"
"2026-05-08","1号店 アキバ絶対領域","ひる","えみ","2052585205568037300"
"2026-05-08","1号店 アキバ絶対領域","ひる","ちゆ","2052585205568037300"
"2026-05-08","1号店 アキバ絶対領域","ひる","のの","2052585205568037300"
"2026-05-08","1号店 アキバ絶対領域","ひる","みりあ","2052585205568037300"
"2026-05-08","1号店 アキバ絶対領域","ひる","みりん","2052585205568037300"
"2026-05-08","1号店 アキバ絶対領域","ひる","もなか","2052585205568037300"
"2026-05-08","1号店 アキバ絶対領域","よる","あくび","2052676622734778425"
"2026-05-08","1号店 アキバ絶対領域","よる","あむ","2052676622734778425"
"2026-05-08","1号店 アキバ絶対領域","よる","あらた","2052676622734778425"
"2026-05-08","1号店 アキバ絶対領域","よる","しゃち","2052676622734778425"
"2026-05-08","1号店 アキバ絶対領域","よる","つくし","2052676622734778425"
"2026-05-08","4号店 A.D.2045","ひる","あむ","2052590675292753967"
"2026-05-08","4号店 A.D.2045","ひる","あらた","2052590675292753967"
"2026-05-08","4号店 A.D.2045","ひる","しゃち","2052590675292753967"
"2026-05-08","4号店 A.D.2045","ひる","すくい","2052590675292753967"
"2026-05-08","4号店 A.D.2045","ひる","ゆめ","2052590675292753967"
"2026-05-08","4号店 A.D.2045","よる","みえる","2052663045386805678"
"2026-05-08","4号店 A.D.2045","よる","みりあ","2052663045386805678"
"2026-05-08","4号店 A.D.2045","よる","みりん","2052663045386805678"
"2026-05-08","4号店 A.D.2045","よる","るるか","2052663045386805678"
"2026-05-09","1号店 アキバ絶対領域","ひる","あめる","2052947663839170615"
"2026-05-09","1号店 アキバ絶対領域","ひる","あらた","2052947663839170615"
"2026-05-09","1号店 アキバ絶対領域","ひる","えみ","2052947663839170615"
"2026-05-09","1号店 アキバ絶対領域","ひる","かなた","2052947663839170615"
"2026-05-09","1号店 アキバ絶対領域","ひる","けだま","2052947663839170615"
"2026-05-09","1号店 アキバ絶対領域","ひる","ちさと","2052947663839170615"
"2026-05-09","1号店 アキバ絶対領域","ひる","つぼみ","2052947663839170615"
"2026-05-09","1号店 アキバ絶対領域","よる","うる","2053039447944679862"
"2026-05-09","1号店 アキバ絶対領域","よる","える","2053039447944679862"
"2026-05-09","1号店 アキバ絶対領域","よる","ひなり","2053039447944679862"
"2026-05-09","1号店 アキバ絶対領域","よる","もなか","2053039447944679862"
"2026-05-09","1号店 アキバ絶対領域","よる","るるか","2053039447944679862"
"2026-05-09","2号店 A.D.1912","ひる","ちゆ","2052948579116044764"
"2026-05-09","2号店 A.D.1912","ひる","のの","2052948579116044764"
"2026-05-09","2号店 A.D.1912","ひる","まこと","2052948579116044764"
"2026-05-09","2号店 A.D.1912","ひる","みりあ","2052948579116044764"
"2026-05-09","2号店 A.D.1912","ひる","めろ","2052948579116044764"
"2026-05-09","2号店 A.D.1912","ひる","もなか","2052948579116044764"
"2026-05-09","2号店 A.D.1912","よる","あいら","2053043484341534952"
"2026-05-09","2号店 A.D.1912","よる","あめる","2053043484341534952"
"2026-05-09","2号店 A.D.1912","よる","あらた","2053043484341534952"
"2026-05-09","2号店 A.D.1912","よる","ちま","2053043484341534952"
"2026-05-09","2号店 A.D.1912","よる","みえる","2053043484341534952"
"2026-05-09","2号店 A.D.1912","よる","みぞれ","2053043484341534952"
"2026-05-09","4号店 A.D.2045","ひる","うる","2052959426412429817"
"2026-05-09","4号店 A.D.2045","ひる","すくい","2052959426412429817"
"2026-05-09","4号店 A.D.2045","ひる","ねむり","2052959426412429817"
"2026-05-09","4号店 A.D.2045","ひる","ひなり","2052959426412429817"
"2026-05-09","4号店 A.D.2045","ひる","らて","2052959426412429817"
"2026-05-10","1号店 アキバ絶対領域","ひる","あむ","2053309391013835109"
"2026-05-10","1号店 アキバ絶対領域","ひる","うな","2053309391013835109"
"2026-05-10","1号店 アキバ絶対領域","ひる","けだま","2053309391013835109"
"2026-05-10","1号店 アキバ絶対領域","ひる","ちょこ","2053309391013835109"
"2026-05-10","1号店 アキバ絶対領域","ひる","つぼみ","2053309391013835109"
"2026-05-10","1号店 アキバ絶対領域","ひる","のの","2053309391013835109"
"2026-05-10","1号店 アキバ絶対領域","ひる","みりん","2053309391013835109"
"2026-05-10","1号店 アキバ絶対領域","ひる","めろ","2053309391013835109"
"2026-05-10","1号店 アキバ絶対領域","よる","いと","2053422970404737091"
"2026-05-10","1号店 アキバ絶対領域","よる","うる","2053422970404737091"
"2026-05-10","1号店 アキバ絶対領域","よる","まひろ","2053422970404737091"
"2026-05-10","1号店 アキバ絶対領域","よる","みりあ","2053422970404737091"
"2026-05-10","1号店 アキバ絶対領域","よる","もなか","2053422970404737091"
"2026-05-10","1号店 アキバ絶対領域","よる","ららこ","2053422970404737091"
"2026-05-10","3号店 +e","ひる","あいら","2053310775943692429"
"2026-05-10","3号店 +e","ひる","あめる","2053310775943692429"
"2026-05-10","3号店 +e","ひる","あや","2053310775943692429"
"2026-05-10","3号店 +e","ひる","きらり","2053310775943692429"
"2026-05-10","3号店 +e","ひる","まこと","2053310775943692429"
"2026-05-10","3号店 +e","ひる","みぞれ","2053310775943692429"
"2026-05-10","3号店 +e","ひる","らて","2053310775943692429"
"2026-05-10","4号店 A.D.2045","ひる","うる","2053315355611947036"
"2026-05-10","4号店 A.D.2045","ひる","える","2053315355611947036"
"2026-05-10","4号店 A.D.2045","ひる","こえび","2053315355611947036"
"2026-05-10","4号店 A.D.2045","ひる","ちゆ","2053315355611947036"
"2026-05-10","4号店 A.D.2045","ひる","みりあ","2053315355611947036"
"2026-05-11","1号店 アキバ絶対領域","ひる","あめる","2053674878319178114"
"2026-05-11","1号店 アキバ絶対領域","ひる","けだま","2053674878319178114"
"2026-05-11","1号店 アキバ絶対領域","ひる","こい","2053674878319178114"
"2026-05-11","1号店 アキバ絶対領域","ひる","ちぇる","2053674878319178114"
"2026-05-11","1号店 アキバ絶対領域","ひる","ひかり","2053674878319178114"
"2026-05-11","1号店 アキバ絶対領域","ひる","ひなり","2053674878319178114"
"2026-05-11","1号店 アキバ絶対領域","ひる","まこと","2053674878319178114"
"2026-05-11","1号店 アキバ絶対領域","よる","あめる","2053764264327098777"
"2026-05-11","1号店 アキバ絶対領域","よる","いと","2053764264327098777"
"2026-05-11","1号店 アキバ絶対領域","よる","こえび","2053764264327098777"
"2026-05-11","1号店 アキバ絶対領域","よる","ちさと","2053764264327098777"
"2026-05-11","1号店 アキバ絶対領域","よる","まこと","2053764264327098777"
"2026-05-11","1号店 アキバ絶対領域","よる","るるか","2053764264327098777"
"2026-05-11","4号店 A.D.2045","ひる","あむ","2053682841637314608"
"2026-05-11","4号店 A.D.2045","ひる","ねむり","2053682841637314608"
"2026-05-11","4号店 A.D.2045","ひる","まこと","2053682841637314608"
"2026-05-11","4号店 A.D.2045","ひる","ゆめ","2053682841637314608"
"2026-05-11","4号店 A.D.2045","ひる","るるか","2053682841637314608"
"2026-05-12","1号店 アキバ絶対領域","ひる","あいら","2054037430882488546"
"2026-05-12","1号店 アキバ絶対領域","ひる","あむ","2054037430882488546"
"2026-05-12","1号店 アキバ絶対領域","ひる","える","2054037430882488546"
"2026-05-12","1号店 アキバ絶対領域","ひる","しゃち","2054037430882488546"
"2026-05-12","1号店 アキバ絶対領域","ひる","まこと","2054037430882488546"
"2026-05-12","1号店 アキバ絶対領域","ひる","みりあ","2054037430882488546"
"2026-05-12","1号店 アキバ絶対領域","ひる","ゆめ","2054037430882488546"
"2026-05-12","1号店 アキバ絶対領域","よる","あめる","2054111187403669687"
"2026-05-12","1号店 アキバ絶対領域","よる","しゃち","2054111187403669687"
"2026-05-12","1号店 アキバ絶対領域","よる","みと","2054111187403669687"
"2026-05-12","1号店 アキバ絶対領域","よる","るるか","2054111187403669687"
"2026-05-12","2号店 A.D.1912","よる","あむ","2054115281740681529"
"2026-05-12","2号店 A.D.1912","よる","かなた","2054115281740681529"
"2026-05-12","2号店 A.D.1912","よる","ねむり","2054115281740681529"
"2026-05-12","2号店 A.D.1912","よる","のの","2054115281740681529"
"2026-05-12","2号店 A.D.1912","よる","まこと","2054115281740681529"
"2026-05-12","2号店 A.D.1912","よる","もなか","2054115281740681529"
"2026-05-13","1号店 アキバ絶対領域","ひる","いと","2054397683088163046"
"2026-05-13","1号店 アキバ絶対領域","ひる","すくい","2054397683088163046"
"2026-05-13","1号店 アキバ絶対領域","ひる","みりあ","2054397683088163046"
"2026-05-13","1号店 アキバ絶対領域","ひる","みりん","2054397683088163046"
"2026-05-13","1号店 アキバ絶対領域","ひる","もなか","2054397683088163046"
"2026-05-13","1号店 アキバ絶対領域","よる","うな","2054480641690141072"
"2026-05-13","1号店 アキバ絶対領域","よる","こん","2054480641690141072"
"2026-05-13","1号店 アキバ絶対領域","よる","ちさと","2054480641690141072"
"2026-05-13","1号店 アキバ絶対領域","よる","まこと","2054480641690141072"
"2026-05-13","1号店 アキバ絶対領域","よる","ゆめ","2054480641690141072"
"2026-05-13","1号店 アキバ絶対領域","よる","るるか","2054480641690141072"
"2026-05-13","3号店 +e","ひる","ちょこ","2054402582244905115"
"2026-05-13","3号店 +e","ひる","ひなり","2054402582244905115"
"2026-05-13","3号店 +e","ひる","まこと","2054402582244905115"
"2026-05-13","3号店 +e","ひる","みぞれ","2054402582244905115"
"2026-05-13","3号店 +e","よる","あむ","2054486890557153396"
"2026-05-13","3号店 +e","よる","かなた","2054486890557153396"
"2026-05-13","3号店 +e","よる","けだま","2054486890557153396"
"2026-05-13","3号店 +e","よる","ちゆ","2054486890557153396"
"2026-05-13","3号店 +e","よる","みりん","2054486890557153396"
"2026-05-13","3号店 +e","よる","もなか","2054486890557153396"
"2026-05-13","3号店 +e","よる","らて","2054486890557153396"
"2026-05-14","1号店 アキバ絶対領域","ひる","あめる","2054761007529292090"
"2026-05-14","1号店 アキバ絶対領域","ひる","あらた","2054761007529292090"
"2026-05-14","1号店 アキバ絶対領域","ひる","いと","2054761007529292090"
"2026-05-14","1号店 アキバ絶対領域","ひる","いろは","2054761007529292090"
"2026-05-14","1号店 アキバ絶対領域","ひる","うる","2054761007529292090"
"2026-05-14","1号店 アキバ絶対領域","ひる","つくし","2054761007529292090"
"2026-05-14","1号店 アキバ絶対領域","よる","あくび","2054847670800531583"
"2026-05-14","1号店 アキバ絶対領域","よる","あらた","2054847670800531583"
"2026-05-14","1号店 アキバ絶対領域","よる","ちぇる","2054847670800531583"
"2026-05-14","1号店 アキバ絶対領域","よる","ちさと","2054847670800531583"
"2026-05-14","1号店 アキバ絶対領域","よる","にゃな","2054847670800531583"
"2026-05-14","1号店 アキバ絶対領域","よる","ひかり","2054847670800531583"
"2026-05-14","4号店 A.D.2045","よる","あめる","2054837144204796410"
"2026-05-14","4号店 A.D.2045","よる","ちま","2054837144204796410"
"2026-05-14","4号店 A.D.2045","よる","まこと","2054837144204796410"
"2026-05-14","4号店 A.D.2045","よる","もなか","2054837144204796410"
"2026-05-15","1号店 アキバ絶対領域","ひる","あいら","2055122044845695300"
"2026-05-15","1号店 アキバ絶対領域","ひる","あめる","2055122044845695300"
"2026-05-15","1号店 アキバ絶対領域","ひる","うる","2055122044845695300"
"2026-05-15","1号店 アキバ絶対領域","ひる","えみ","2055122044845695300"
"2026-05-15","1号店 アキバ絶対領域","ひる","こい","2055122044845695300"
"2026-05-15","1号店 アキバ絶対領域","ひる","ひかり","2055122044845695300"
"2026-05-15","1号店 アキバ絶対領域","よる","うな","2055214752549454261"
"2026-05-15","1号店 アキバ絶対領域","よる","ちさと","2055214752549454261"
"2026-05-15","1号店 アキバ絶対領域","よる","にゃな","2055214752549454261"
"2026-05-15","1号店 アキバ絶対領域","よる","みえる","2055214752549454261"
"2026-05-15","1号店 アキバ絶対領域","よる","みりあ","2055214752549454261"
"2026-05-15","1号店 アキバ絶対領域","よる","みりん","2055214752549454261"
"2026-05-15","2号店 A.D.1912","よる","いろは","2055206735653286182"
"2026-05-15","2号店 A.D.1912","よる","うる","2055206735653286182"
"2026-05-15","2号店 A.D.1912","よる","ちょこ","2055206735653286182"
"2026-05-15","2号店 A.D.1912","よる","ひなり","2055206735653286182"
"2026-05-15","2号店 A.D.1912","よる","ららこ","2055206735653286182"
"2026-05-15","4号店 A.D.2045","ひる","あらた","2055123628078031171"
"2026-05-15","4号店 A.D.2045","ひる","ちゆ","2055123628078031171"
"2026-05-15","4号店 A.D.2045","ひる","のの","2055123628078031171"
"2026-05-15","4号店 A.D.2045","ひる","みりあ","2055123628078031171"
"2026-05-16","1号店 アキバ絶対領域","ひる","うな","2055487173982556196"
"2026-05-16","1号店 アキバ絶対領域","ひる","のの","2055487173982556196"
"2026-05-16","1号店 アキバ絶対領域","ひる","まこと","2055487173982556196"
"2026-05-16","1号店 アキバ絶対領域","ひる","みりあ","2055487173982556196"
"2026-05-16","1号店 アキバ絶対領域","ひる","みりん","2055487173982556196"
"2026-05-16","1号店 アキバ絶対領域","ひる","もなか","2055487173982556196"
"2026-05-16","1号店 アキバ絶対領域","ひる","ららこ","2055487173982556196"
"2026-05-16","1号店 アキバ絶対領域","よる","いと","2055589463129198736"
"2026-05-16","1号店 アキバ絶対領域","よる","かなた","2055589463129198736"
"2026-05-16","1号店 アキバ絶対領域","よる","まこと","2055589463129198736"
"2026-05-16","1号店 アキバ絶対領域","よる","めろ","2055589463129198736"
"2026-05-16","1号店 アキバ絶対領域","よる","もなか","2055589463129198736"
"2026-05-16","3号店 +e","ひる","うる","2055487439565980099"
"2026-05-16","3号店 +e","ひる","こい","2055487439565980099"
"2026-05-16","3号店 +e","ひる","こん","2055487439565980099"
"2026-05-16","3号店 +e","ひる","つぼみ","2055487439565980099"
"2026-05-16","3号店 +e","ひる","みぞれ","2055487439565980099"
"2026-05-16","4号店 A.D.2045","よる","こえび","2055561308595273925"
"2026-05-16","4号店 A.D.2045","よる","ちま","2055561308595273925"
"2026-05-16","4号店 A.D.2045","よる","ひかり","2055561308595273925"
"2026-05-16","4号店 A.D.2045","よる","みりん","2055561308595273925"
"2026-05-17","1号店 アキバ絶対領域","ひる","うる","2055847019466690591"
"2026-05-17","1号店 アキバ絶対領域","ひる","ちぇる","2055847019466690591"
"2026-05-17","1号店 アキバ絶対領域","ひる","ちさと","2055847019466690591"
"2026-05-17","1号店 アキバ絶対領域","ひる","みぞれ","2055847019466690591"
"2026-05-17","1号店 アキバ絶対領域","ひる","みと","2055847019466690591"
"2026-05-17","1号店 アキバ絶対領域","ひる","みりあ","2055847019466690591"
"2026-05-17","1号店 アキバ絶対領域","ひる","もなか","2055847019466690591"
"2026-05-17","1号店 アキバ絶対領域","よる","あむ","2055938762568528355"
"2026-05-17","1号店 アキバ絶対領域","よる","いろは","2055938762568528355"
"2026-05-17","1号店 アキバ絶対領域","よる","けだま","2055938762568528355"
"2026-05-17","1号店 アキバ絶対領域","よる","しゃち","2055938762568528355"
"2026-05-17","1号店 アキバ絶対領域","よる","まひろ","2055938762568528355"
"2026-05-17","1号店 アキバ絶対領域","よる","みりん","2055938762568528355"
"2026-05-17","2号店 A.D.1912","ひる","あくび","2055847256704860345"
"2026-05-17","2号店 A.D.1912","ひる","こえび","2055847256704860345"
"2026-05-17","2号店 A.D.1912","ひる","すくい","2055847256704860345"
"2026-05-17","2号店 A.D.1912","ひる","ひなり","2055847256704860345"
"2026-05-17","2号店 A.D.1912","ひる","まこと","2055847256704860345"
"2026-05-17","2号店 A.D.1912","ひる","ららこ","2055847256704860345"
"2026-05-17","4号店 A.D.2045","よる","いと","2055929361052963120"
"2026-05-17","4号店 A.D.2045","よる","うる","2055929361052963120"
"2026-05-17","4号店 A.D.2045","よる","かなた","2055929361052963120"
"2026-05-17","4号店 A.D.2045","よる","みりあ","2055929361052963120"
"2026-05-18","1号店 アキバ絶対領域","ひる","けだま","2056209827182026793"
"2026-05-18","1号店 アキバ絶対領域","ひる","しゃち","2056209827182026793"
"2026-05-18","1号店 アキバ絶対領域","ひる","ちゆ","2056209827182026793"
"2026-05-18","1号店 アキバ絶対領域","ひる","みりあ","2056209827182026793"
"2026-05-18","1号店 アキバ絶対領域","ひる","もなか","2056209827182026793"
"2026-05-18","1号店 アキバ絶対領域","よる","うる","2056292721661473095"
"2026-05-18","1号店 アキバ絶対領域","よる","こえび","2056292721661473095"
"2026-05-18","1号店 アキバ絶対領域","よる","ちさと","2056292721661473095"
"2026-05-18","1号店 アキバ絶対領域","よる","にゃな","2056292721661473095"
"2026-05-18","1号店 アキバ絶対領域","よる","ひかり","2056292721661473095"
"2026-05-18","3号店 +e","ひる","あむ","2056208750948794864"
"2026-05-18","3号店 +e","ひる","あらた","2056208750948794864"
"2026-05-18","3号店 +e","ひる","うな","2056208750948794864"
"2026-05-18","3号店 +e","ひる","こい","2056208750948794864"
"2026-05-18","3号店 +e","ひる","ちま","2056208750948794864"
"2026-05-18","3号店 +e","ひる","ねむり","2056208750948794864"
"2026-05-18","4号店 A.D.2045","よる","まこと","2056338709172408334"
"2026-05-18","4号店 A.D.2045","よる","みと","2056338709172408334"
"2026-05-18","4号店 A.D.2045","よる","みりあ","2056338709172408334"
"2026-05-18","4号店 A.D.2045","よる","るるか","2056338709172408334"
"2026-05-19","1号店 アキバ絶対領域","ひる","あむ","2056571877980807358"
"2026-05-19","1号店 アキバ絶対領域","ひる","あらた","2056571877980807358"
"2026-05-19","1号店 アキバ絶対領域","ひる","えみ","2056571877980807358"
"2026-05-19","1号店 アキバ絶対領域","ひる","ちゆ","2056571877980807358"
"2026-05-19","1号店 アキバ絶対領域","ひる","もなか","2056571877980807358"
"2026-05-19","1号店 アキバ絶対領域","よる","ちょこ","2056661550925299904"
"2026-05-19","1号店 アキバ絶対領域","よる","のの","2056661550925299904"
"2026-05-19","1号店 アキバ絶対領域","よる","まこと","2056661550925299904"
"2026-05-19","1号店 アキバ絶対領域","よる","もなか","2056661550925299904"
"2026-05-19","4号店 A.D.2045","ひる","かなた","2056571746086789414"
"2026-05-19","4号店 A.D.2045","ひる","ひなり","2056571746086789414"
"2026-05-19","4号店 A.D.2045","ひる","まこと","2056571746086789414"
"2026-05-19","4号店 A.D.2045","ひる","ゆめ","2056571746086789414"
"2026-05-19","4号店 A.D.2045","よる","あむ","2056670303800234123"
"2026-05-19","4号店 A.D.2045","よる","あらた","2056670303800234123"
"2026-05-19","4号店 A.D.2045","よる","るるか","2056670303800234123"
"2026-05-20","1号店 アキバ絶対領域","ひる","あめる","2056933349080633366"
"2026-05-20","1号店 アキバ絶対領域","ひる","うな","2056933349080633366"
"2026-05-20","1号店 アキバ絶対領域","ひる","うる","2056933349080633366"
"2026-05-20","1号店 アキバ絶対領域","ひる","ちゆ","2056933349080633366"
"2026-05-20","1号店 アキバ絶対領域","ひる","つぼみ","2056933349080633366"
"2026-05-20","1号店 アキバ絶対領域","ひる","ひなり","2056933349080633366"
"2026-05-20","1号店 アキバ絶対領域","よる","うな","2057029967431819556"
"2026-05-20","1号店 アキバ絶対領域","よる","こん","2057029967431819556"
"2026-05-20","1号店 アキバ絶対領域","よる","みりあ","2057029967431819556"
"2026-05-20","1号店 アキバ絶対領域","よる","ゆめ","2057029967431819556"
"2026-05-20","2号店 A.D.1912","よる","うる","2057022679287537759"
"2026-05-20","2号店 A.D.1912","よる","かなた","2057022679287537759"
"2026-05-20","2号店 A.D.1912","よる","ちま","2057022679287537759"
"2026-05-20","2号店 A.D.1912","よる","ちょこ","2057022679287537759"
"2026-05-20","2号店 A.D.1912","よる","みぞれ","2057022679287537759"
"2026-05-20","4号店 A.D.2045","ひる","いと","2056935541950853491"
"2026-05-20","4号店 A.D.2045","ひる","すくい","2056935541950853491"
"2026-05-20","4号店 A.D.2045","ひる","みりあ","2056935541950853491"
"2026-05-20","4号店 A.D.2045","ひる","みりん","2056935541950853491"
"2026-05-21","1号店 アキバ絶対領域","ひる","いろは","2057296510048710884"
"2026-05-21","1号店 アキバ絶対領域","ひる","けだま","2057296510048710884"
"2026-05-21","1号店 アキバ絶対領域","ひる","ちさと","2057296510048710884"
"2026-05-21","1号店 アキバ絶対領域","ひる","ひなり","2057296510048710884"
"2026-05-21","1号店 アキバ絶対領域","ひる","まこと","2057296510048710884"
"2026-05-21","1号店 アキバ絶対領域","ひる","るるか","2057296510048710884"
"2026-05-21","1号店 アキバ絶対領域","よる","あくび","2057390728867897407"
"2026-05-21","1号店 アキバ絶対領域","よる","あむ","2057390728867897407"
"2026-05-21","1号店 アキバ絶対領域","よる","こん","2057390728867897407"
"2026-05-21","1号店 アキバ絶対領域","よる","みりん","2057390728867897407"
"2026-05-21","1号店 アキバ絶対領域","よる","もなか","2057390728867897407"
"2026-05-21","3号店 +e","よる","えみ","2057387114199933119"
"2026-05-21","3号店 +e","よる","にゃな","2057387114199933119"
"2026-05-21","3号店 +e","よる","ひなり","2057387114199933119"
"2026-05-21","3号店 +e","よる","まこと","2057387114199933119"
"2026-05-21","3号店 +e","よる","るるか","2057387114199933119"
"2026-05-21","4号店 A.D.2045","ひる","いと","2057295288134767034"
"2026-05-21","4号店 A.D.2045","ひる","みりあ","2057295288134767034"
"2026-05-21","4号店 A.D.2045","ひる","みりん","2057295288134767034"
"2026-05-21","4号店 A.D.2045","ひる","もなか","2057295288134767034"
"2026-05-22","1号店 アキバ絶対領域","ひる","あらた","2057658576571879623"
"2026-05-22","1号店 アキバ絶対領域","ひる","しゃち","2057658576571879623"
"2026-05-22","1号店 アキバ絶対領域","ひる","ちさと","2057658576571879623"
"2026-05-22","1号店 アキバ絶対領域","ひる","ちゆ","2057658576571879623"
"2026-05-22","1号店 アキバ絶対領域","ひる","みりあ","2057658576571879623"
"2026-05-22","1号店 アキバ絶対領域","ひる","もなか","2057658576571879623"
"2026-05-22","1号店 アキバ絶対領域","よる","あむ","2057761581623382035"
"2026-05-22","1号店 アキバ絶対領域","よる","うな","2057761581623382035"
"2026-05-22","1号店 アキバ絶対領域","よる","かなた","2057761581623382035"
"2026-05-22","1号店 アキバ絶対領域","よる","しゃち","2057761581623382035"
"2026-05-22","1号店 アキバ絶対領域","よる","みりん","2057761581623382035"
"2026-05-22","1号店 アキバ絶対領域","よる","るるか","2057761581623382035"
"2026-05-22","2号店 A.D.1912","ひる","うる","2057658783120449793"
"2026-05-22","2号店 A.D.1912","ひる","こい","2057658783120449793"
"2026-05-22","2号店 A.D.1912","ひる","すくい","2057658783120449793"
"2026-05-22","2号店 A.D.1912","ひる","まひろ","2057658783120449793"
"2026-05-22","2号店 A.D.1912","ひる","ゆめ","2057658783120449793"
"2026-05-22","2号店 A.D.1912","よる","あらた","2057743777503363100"
"2026-05-22","2号店 A.D.1912","よる","みえる","2057743777503363100"
"2026-05-22","2号店 A.D.1912","よる","みぞれ","2057743777503363100"
"2026-05-22","2号店 A.D.1912","よる","みりあ","2057743777503363100"
"2026-05-22","2号店 A.D.1912","よる","ららこ","2057743777503363100"
"2026-05-23","1号店 アキバ絶対領域","ひる","うな","2058026654921118125"
"2026-05-23","1号店 アキバ絶対領域","ひる","うる","2058026654921118125"
"2026-05-23","1号店 アキバ絶対領域","ひる","える","2058026654921118125"
"2026-05-23","1号店 アキバ絶対領域","ひる","こい","2058026654921118125"
"2026-05-23","1号店 アキバ絶対領域","ひる","ちゆ","2058026654921118125"
"2026-05-23","1号店 アキバ絶対領域","ひる","ひなり","2058026654921118125"
"2026-05-23","1号店 アキバ絶対領域","ひる","めろ","2058026654921118125"
"2026-05-23","1号店 アキバ絶対領域","よる","あむ","2058142765859684821"
"2026-05-23","1号店 アキバ絶対領域","よる","いと","2058142765859684821"
"2026-05-23","1号店 アキバ絶対領域","よる","ちゆ","2058142765859684821"
"2026-05-23","1号店 アキバ絶対領域","よる","みぞれ","2058142765859684821"
"2026-05-23","1号店 アキバ絶対領域","よる","みりん","2058142765859684821"
"2026-05-23","1号店 アキバ絶対領域","よる","るるか","2058142765859684821"
"2026-05-23","2号店 A.D.1912","ひる","あむ","2058020809156055286"
"2026-05-23","2号店 A.D.1912","ひる","のの","2058020809156055286"
"2026-05-23","2号店 A.D.1912","ひる","まこと","2058020809156055286"
"2026-05-23","2号店 A.D.1912","ひる","みぞれ","2058020809156055286"
"2026-05-23","2号店 A.D.1912","ひる","らて","2058020809156055286"
"2026-05-23","4号店 A.D.2045","よる","うる","2058100778896871530"
"2026-05-23","4号店 A.D.2045","よる","こえび","2058100778896871530"
"2026-05-23","4号店 A.D.2045","よる","ときり","2058100778896871530"
"2026-05-23","4号店 A.D.2045","よる","ひなり","2058100778896871530"
"2026-05-24","1号店 アキバ絶対領域","ひる","こん","2058382432982941954"
"2026-05-24","1号店 アキバ絶対領域","ひる","ちさと","2058382432982941954"
"2026-05-24","1号店 アキバ絶対領域","ひる","ちゆ","2058382432982941954"
"2026-05-24","1号店 アキバ絶対領域","ひる","のの","2058382432982941954"
"2026-05-24","1号店 アキバ絶対領域","ひる","ららこ","2058382432982941954"
"2026-05-24","1号店 アキバ絶対領域","よる","えみ","2058495686530998589"
"2026-05-24","1号店 アキバ絶対領域","よる","ちま","2058495686530998589"
"2026-05-24","1号店 アキバ絶対領域","よる","みりあ","2058495686530998589"
"2026-05-24","1号店 アキバ絶対領域","よる","めろ","2058495686530998589"
"2026-05-24","1号店 アキバ絶対領域","よる","もなか","2058495686530998589"
"2026-05-24","3号店 +e","ひる","いと","2058461460263837834"
"2026-05-24","3号店 +e","ひる","いろは","2058387041055052034"
"2026-05-24","3号店 +e","ひる","かなた","2058461460263837834"
"2026-05-24","3号店 +e","ひる","すくい","2058387041055052034"
"2026-05-24","3号店 +e","ひる","ちぇる","2058387041055052034"
"2026-05-24","3号店 +e","ひる","つくし","2058461460263837834"
"2026-05-24","3号店 +e","ひる","つぼみ","2058387041055052034"
"2026-05-24","3号店 +e","ひる","ひなり","2058461460263837834"
"2026-05-24","3号店 +e","ひる","みりあ","2058387041055052034"
"2026-05-24","3号店 +e","ひる","みりん","2058461460263837834"
"2026-05-24","3号店 +e","ひる","みりん","2058387041055052034"
"2026-05-25","1号店 アキバ絶対領域","ひる","うな","2058745913859088586"
"2026-05-25","1号店 アキバ絶対領域","ひる","しゃち","2058745913859088586"
"2026-05-25","1号店 アキバ絶対領域","ひる","ちぇる","2058745913859088586"
"2026-05-25","1号店 アキバ絶対領域","ひる","もなか","2058745913859088586"
"2026-05-25","1号店 アキバ絶対領域","よる","きらり","2058843852526747898"
"2026-05-25","1号店 アキバ絶対領域","よる","ちさと","2058843852526747898"
"2026-05-25","1号店 アキバ絶対領域","よる","ちゆ","2058843852526747898"
"2026-05-25","1号店 アキバ絶対領域","よる","まこと","2058843852526747898"
"2026-05-25","2号店 A.D.1912","ひる","える","2058745014969405742"
"2026-05-25","2号店 A.D.1912","ひる","ちさと","2058745014969405742"
"2026-05-25","2号店 A.D.1912","ひる","まこと","2058745014969405742"
"2026-05-25","2号店 A.D.1912","ひる","らて","2058745014969405742"
"2026-05-25","2号店 A.D.1912","ひる","るるか","2058745014969405742"
"2026-05-25","2号店 A.D.1912","よる","あらた","2058840338538914240"
"2026-05-25","2号店 A.D.1912","よる","こえび","2058840338538914240"
"2026-05-25","2号店 A.D.1912","よる","しゃち","2058840338538914240"
"2026-05-25","2号店 A.D.1912","よる","にゃな","2058840338538914240"
"2026-05-25","2号店 A.D.1912","よる","もなか","2058840338538914240"
"2026-05-26","1号店 アキバ絶対領域","ひる","えみ","2059107651481649550"
"2026-05-26","1号店 アキバ絶対領域","ひる","しゃち","2059107651481649550"
"2026-05-26","1号店 アキバ絶対領域","ひる","ひなり","2059107651481649550"
"2026-05-26","1号店 アキバ絶対領域","ひる","るるか","2059107651481649550"
"2026-05-26","3号店 +e","ひる","あむ","2059107993887952923"
"2026-05-26","3号店 +e","ひる","あらた","2059107993887952923"
"2026-05-26","3号店 +e","ひる","かなた","2059107993887952923"
"2026-05-26","3号店 +e","ひる","もなか","2059107993887952923"
"2026-05-26","3号店 +e","ひる","ゆめ","2059107993887952923"
"2026-05-26","3号店 +e","ひる","らて","2059107993887952923"
"2026-05-26","3号店 +e","よる","かなた","2059202884869517660"
"2026-05-26","3号店 +e","よる","ひなり","2059202884869517660"
"2026-05-26","3号店 +e","よる","まこと","2059202884869517660"
"2026-05-26","3号店 +e","よる","ららこ","2059202884869517660"
"2026-05-26","3号店 +e","よる","るるか","2059202884869517660"
"2026-05-26","4号店 A.D.2045","ひる","うる","2059109288296280225"
"2026-05-26","4号店 A.D.2045","ひる","すくい","2059109288296280225"
"2026-05-26","4号店 A.D.2045","ひる","ちま","2059109288296280225"
"2026-05-26","4号店 A.D.2045","ひる","ねむり","2059109288296280225"
"2026-05-26","4号店 A.D.2045","ひる","みりあ","2059109288296280225"
"2026-05-27","1号店 アキバ絶対領域","ひる","あむ","2059489567317848443"
"2026-05-27","1号店 アキバ絶対領域","ひる","いと","2059489567317848443"
"2026-05-27","1号店 アキバ絶対領域","ひる","えみ","2059489567317848443"
"2026-05-27","1号店 アキバ絶対領域","ひる","ちゆ","2059489567317848443"
"2026-05-27","1号店 アキバ絶対領域","ひる","みぞれ","2059489567317848443"
"2026-05-27","1号店 アキバ絶対領域","ひる","みりん","2059489567317848443"
"2026-05-27","1号店 アキバ絶対領域","よる","こん","2059570981518336043"
"2026-05-27","1号店 アキバ絶対領域","よる","すくい","2059570981518336043"
"2026-05-27","1号店 アキバ絶対領域","よる","ちゆ","2059570981518336043"
"2026-05-27","1号店 アキバ絶対領域","よる","まこと","2059570981518336043"
"2026-05-27","1号店 アキバ絶対領域","よる","みずれ","2059570981518336043"
"2026-05-27","4号店 A.D.2045","よる","うる","2059549325580238887"
"2026-05-27","4号店 A.D.2045","よる","ちょこ","2059549325580238887"
"2026-05-27","4号店 A.D.2045","よる","ひかり","2059549325580238887"
"2026-05-28","1号店 アキバ絶対領域","ひる","うる","2059846385449791900"
"2026-05-28","1号店 アキバ絶対領域","ひる","きらり","2059846385449791900"
"2026-05-28","1号店 アキバ絶対領域","ひる","つくし","2059846385449791900"
"2026-05-28","1号店 アキバ絶対領域","ひる","はぴる","2059846385449791900"
"2026-05-28","1号店 アキバ絶対領域","ひる","ゆめ","2059846385449791900"
"2026-05-28","1号店 アキバ絶対領域","よる","こん","2059926063929794808"
"2026-05-28","1号店 アキバ絶対領域","よる","ちゆ","2059926063929794808"
"2026-05-28","1号店 アキバ絶対領域","よる","ときり","2059926063929794808"
"2026-05-28","1号店 アキバ絶対領域","よる","ひかり","2059926063929794808"
"2026-05-28","1号店 アキバ絶対領域","よる","みりん","2059926063929794808"
"2026-05-28","1号店 アキバ絶対領域","よる","るるか","2059926063929794808"
"2026-05-28","2号店 A.D.1912","よる","うる","2059913414118650353"
"2026-05-28","2号店 A.D.1912","よる","ちょこ","2059913414118650353"
"2026-05-28","2号店 A.D.1912","よる","つくし","2059913414118650353"
"2026-05-28","2号店 A.D.1912","よる","ひなり","2059913414118650353"
"2026-05-28","2号店 A.D.1912","よる","みと","2059913414118650353"
"2026-05-28","4号店 A.D.2045","ひる","ちゆ","2059832982257717354"
"2026-05-28","4号店 A.D.2045","ひる","みりあ","2059832982257717354"
"2026-05-28","4号店 A.D.2045","ひる","みりん","2059832982257717354"
"2026-05-28","4号店 A.D.2045","ひる","るるか","2059832982257717354"
"2026-05-29","1号店 アキバ絶対領域","ひる","あむ","2060198168336490550"
"2026-05-29","1号店 アキバ絶対領域","ひる","ちゆ","2060198168336490550"
"2026-05-29","1号店 アキバ絶対領域","ひる","のの","2060198168336490550"
"2026-05-29","1号店 アキバ絶対領域","ひる","まこと","2060198168336490550"
"2026-05-29","1号店 アキバ絶対領域","ひる","もなか","2060198168336490550"
"2026-05-29","1号店 アキバ絶対領域","よる","いろは","2060277234888552477"
"2026-05-29","1号店 アキバ絶対領域","よる","うな","2060277234888552477"
"2026-05-29","1号店 アキバ絶対領域","よる","にゃな","2060277234888552477"
"2026-05-29","1号店 アキバ絶対領域","よる","みりあ","2060277234888552477"
"2026-05-29","1号店 アキバ絶対領域","よる","みりん","2060277234888552477"
"2026-05-29","3号店 +e","ひる","あめる","2060198538223747369"
"2026-05-29","3号店 +e","ひる","あらた","2060198538223747369"
"2026-05-29","3号店 +e","ひる","こい","2060198538223747369"
"2026-05-29","3号店 +e","ひる","すくい","2060198538223747369"
"2026-05-29","3号店 +e","ひる","みりあ","2060198538223747369"
"2026-05-29","3号店 +e","ひる","ゆめ","2060198538223747369"
"2026-05-29","3号店 +e","よる","あくび","2060293264155283600"
"2026-05-29","3号店 +e","よる","あむ","2060293264155283600"
"2026-05-29","3号店 +e","よる","まこと","2060293264155283600"
"2026-05-29","3号店 +e","よる","もなか","2060293264155283600"
"2026-05-29","3号店 +e","よる","ららこ","2060293264155283600"
"2026-05-29","3号店 +e","よる","るるか","2060293264155283600"
"2026-05-30","1号店 アキバ絶対領域","ひる","あらた","2060653553434464415"
"2026-05-30","1号店 アキバ絶対領域","ひる","えみ","2060561496418185387"
"2026-05-30","1号店 アキバ絶対領域","ひる","こえび","2060653553434464415"
"2026-05-30","1号店 アキバ絶対領域","ひる","こん","2060561496418185387"
"2026-05-30","1号店 アキバ絶対領域","ひる","ちゆ","2060653553434464415"
"2026-05-30","1号店 アキバ絶対領域","ひる","つぼみ","2060561496418185387"
"2026-05-30","1号店 アキバ絶対領域","ひる","にゃな","2060653553434464415"
"2026-05-30","1号店 アキバ絶対領域","ひる","ひなり","2060653553434464415"
"2026-05-30","1号店 アキバ絶対領域","ひる","みぞれ","2060561496418185387"
"2026-05-30","1号店 アキバ絶対領域","ひる","みと","2060561496418185387"
"2026-05-30","1号店 アキバ絶対領域","ひる","みりあ","2060561496418185387"
"2026-05-30","1号店 アキバ絶対領域","ひる","みりん","2060561496418185387"
"2026-05-30","1号店 アキバ絶対領域","ひる","もなか","2060653553434464415"
"2026-05-30","3号店 +e","ひる","あらた","2060557705195229492"
"2026-05-30","3号店 +e","ひる","うな","2060557705195229492"
"2026-05-30","3号店 +e","ひる","こい","2060557705195229492"
"2026-05-30","3号店 +e","ひる","ちま","2060557705195229492"
"2026-05-30","3号店 +e","ひる","ねむり","2060557705195229492"
"2026-05-30","3号店 +e","ひる","ひなり","2060557705195229492"
"2026-05-30","3号店 +e","よる","ちぇる","2060652742864220645"
"2026-05-30","3号店 +e","よる","はぴる","2060652742864220645"
"2026-05-30","3号店 +e","よる","まこと","2060652742864220645"
"2026-05-30","3号店 +e","よる","みえる","2060652742864220645"
"2026-05-30","3号店 +e","よる","みぞれ","2060652742864220645"
"2026-05-30","3号店 +e","よる","ららこ","2060652742864220645"
"2026-05-31","1号店 アキバ絶対領域","ひる","あらた","2060921704835375216"
"2026-05-31","1号店 アキバ絶対領域","ひる","こい","2060921704835375216"
"2026-05-31","1号店 アキバ絶対領域","ひる","こん","2060921704835375216"
"2026-05-31","1号店 アキバ絶対領域","ひる","すくい","2060921704835375216"
"2026-05-31","1号店 アキバ絶対領域","ひる","ちさと","2060921704835375216"
"2026-05-31","1号店 アキバ絶対領域","ひる","つぼみ","2060921704835375216"
"2026-05-31","1号店 アキバ絶対領域","よる","ちょこ","2061012663191433565"
"2026-05-31","1号店 アキバ絶対領域","よる","つぼみ","2061012663191433565"
"2026-05-31","1号店 アキバ絶対領域","よる","まこと","2061012663191433565"
"2026-05-31","1号店 アキバ絶対領域","よる","みぞれ","2061012663191433565"
"2026-05-31","1号店 アキバ絶対領域","よる","みりあ","2061012663191433565"
"2026-05-31","1号店 アキバ絶対領域","よる","もなか","2061012663191433565"
"2026-05-31","1号店 アキバ絶対領域","よる","ららこ","2061012663191433565"
"2026-05-31","2号店 A.D.1912","ひる","あくび","2060922312426389944"
"2026-05-31","2号店 A.D.1912","ひる","いろは","2060922312426389944"
"2026-05-31","2号店 A.D.1912","ひる","つくし","2060922312426389944"
"2026-05-31","2号店 A.D.1912","ひる","のの","2060922312426389944"
"2026-05-31","2号店 A.D.1912","ひる","まこと","2060922312426389944"
"2026-05-31","2号店 A.D.1912","ひる","みりあ","2060922312426389944"
"2026-05-31","2号店 A.D.1912","ひる","ゆめ","2060922312426389944"
"2026-05-31","4号店 A.D.2045","よる","いと","2060996971704566228"
"2026-05-31","4号店 A.D.2045","よる","うる","2060996971704566228"
"2026-05-31","4号店 A.D.2045","よる","ひかり","2060996971704566228"
"2026-05-31","4号店 A.D.2045","よる","みえる","2060996971704566228"
"2026-06-01","1号店 アキバ絶対領域","ひる","あらた","2061282723164205437"
"2026-06-01","1号店 アキバ絶対領域","ひる","えみ","2061282723164205437"
"2026-06-01","1号店 アキバ絶対領域","ひる","ちょこ","2061282723164205437"
"2026-06-01","1号店 アキバ絶対領域","ひる","ひなり","2061282723164205437"
"2026-06-01","1号店 アキバ絶対領域","ひる","みりん","2061282723164205437"
"2026-06-01","1号店 アキバ絶対領域","ひる","るるか","2061282723164205437"
"2026-06-01","1号店 アキバ絶対領域","ひる","れもな","2061282723164205437"
"2026-06-01","1号店 アキバ絶対領域","よる","あくび","2061360858178150793"
"2026-06-01","1号店 アキバ絶対領域","よる","ちゆ","2061360858178150793"
"2026-06-01","1号店 アキバ絶対領域","よる","ひかり","2061360858178150793"
"2026-06-01","1号店 アキバ絶対領域","よる","みと","2061360858178150793"
"2026-06-01","1号店 アキバ絶対領域","よる","みりん","2061360858178150793"
"2026-06-01","3号店 +e","ひる","あめる","2061285900550820078"
"2026-06-01","3号店 +e","ひる","あめる","2061285749820129588"
"2026-06-01","3号店 +e","ひる","あめる","2061283036973748369"
"2026-06-01","3号店 +e","ひる","うな","2061285900550820078"
"2026-06-01","3号店 +e","ひる","うな","2061285749820129588"
"2026-06-01","3号店 +e","ひる","うな","2061283036973748369"
"2026-06-01","3号店 +e","ひる","うる","2061283036973748369"
"2026-06-01","3号店 +e","ひる","うる","2061285900550820078"
"2026-06-01","3号店 +e","ひる","うる","2061285749820129588"
"2026-06-01","3号店 +e","ひる","こん","2061285749820129588"
"2026-06-01","3号店 +e","ひる","こん","2061283036973748369"
"2026-06-01","3号店 +e","ひる","こん","2061285900550820078"
"2026-06-01","3号店 +e","ひる","ちぇる","2061285900550820078"
"2026-06-01","3号店 +e","ひる","ちぇる","2061285749820129588"
"2026-06-01","3号店 +e","ひる","ちぇる","2061283036973748369"
"2026-06-01","3号店 +e","ひる","はぴる","2061285749820129588"
"2026-06-01","3号店 +e","ひる","はぴる","2061283036973748369"
"2026-06-01","3号店 +e","ひる","はぴる","2061285900550820078"
"2026-06-01","3号店 +e","ひる","まこと","2061285749820129588"
"2026-06-01","3号店 +e","ひる","まこと","2061285900550820078"
"2026-06-01","3号店 +e","ひる","まこと","2061283036973748369"
"2026-06-01","3号店 +e","よる","あむ","2061373641665941866"
"2026-06-01","3号店 +e","よる","あむ","2061373188916068443"
"2026-06-01","3号店 +e","よる","あめる","2061373641665941866"
"2026-06-01","3号店 +e","よる","あめる","2061373188916068443"
"2026-06-01","3号店 +e","よる","あらた","2061373188916068443"
"2026-06-01","3号店 +e","よる","あらた","2061373641665941866"
"2026-06-01","3号店 +e","よる","うる","2061373641665941866"
"2026-06-01","3号店 +e","よる","うる","2061373188916068443"
"2026-06-01","3号店 +e","よる","つくし","2061373641665941866"
"2026-06-01","3号店 +e","よる","つくし","2061373188916068443"
"2026-06-01","3号店 +e","よる","はぴる","2061373188916068443"
"2026-06-01","3号店 +e","よる","はぴる","2061373641665941866"
"2026-06-01","3号店 +e","よる","ひなり","2061373188916068443"
"2026-06-01","3号店 +e","よる","ひなり","2061373641665941866"
"2026-06-02","1号店 アキバ絶対領域","ひる","かなた","2061651237221872042"
"2026-06-02","1号店 アキバ絶対領域","ひる","しゃち","2061651237221872042"
"2026-06-02","1号店 アキバ絶対領域","ひる","すくい","2061651237221872042"
"2026-06-02","1号店 アキバ絶対領域","ひる","ちゆ","2061651237221872042"
"2026-06-02","1号店 アキバ絶対領域","ひる","まこと","2061651237221872042"
"2026-06-02","1号店 アキバ絶対領域","ひる","みりあ","2061651237221872042"
"2026-06-02","1号店 アキバ絶対領域","よる","しゃち","2061744275134808352"
"2026-06-02","1号店 アキバ絶対領域","よる","ひかり","2061744275134808352"
"2026-06-02","1号店 アキバ絶対領域","よる","ひなり","2061744275134808352"
"2026-06-02","1号店 アキバ絶対領域","よる","ららこ","2061744275134808352"
"2026-06-02","2号店 A.D.1912","よる","かなた","2061737451639722138"
"2026-06-02","2号店 A.D.1912","よる","まこと","2061737451639722138"
"2026-06-02","2号店 A.D.1912","よる","みと","2061737451639722138"
"2026-06-02","2号店 A.D.1912","よる","みりあ","2061737451639722138"
"2026-06-02","2号店 A.D.1912","よる","もなか","2061737451639722138"
"2026-06-03","1号店 アキバ絶対領域","ひる","あむ","2062041621852733578"
"2026-06-03","1号店 アキバ絶対領域","ひる","あらた","2062041621852733578"
"2026-06-03","1号店 アキバ絶対領域","ひる","いと","2062041621852733578"
"2026-06-03","1号店 アキバ絶対領域","ひる","うな","2062041621852733578"
"2026-06-03","1号店 アキバ絶対領域","ひる","ちま","2062041621852733578"
"2026-06-03","1号店 アキバ絶対領域","ひる","ひかり","2062041621852733578"
"2026-06-03","1号店 アキバ絶対領域","ひる","もなか","2062041621852733578"
"2026-06-03","1号店 アキバ絶対領域","よる","うる","2062087858970833028"
"2026-06-03","1号店 アキバ絶対領域","よる","ちゆ","2062087858970833028"
"2026-06-03","1号店 アキバ絶対領域","よる","はぴる","2062087858970833028"
"2026-06-03","1号店 アキバ絶対領域","よる","もなか","2062087858970833028"
"2026-06-03","1号店 アキバ絶対領域","よる","るるか","2062087858970833028"
"2026-06-03","3号店 +e","よる","あむ","2062087360758894754"
"2026-06-03","3号店 +e","よる","あらた","2062087360758894754"
"2026-06-03","3号店 +e","よる","こい","2062087360758894754"
"2026-06-03","3号店 +e","よる","こん","2062087360758894754"
"2026-06-03","3号店 +e","よる","ちさと","2062087360758894754"
"2026-06-03","3号店 +e","よる","つくし","2062087360758894754"
"2026-06-03","3号店 +e","よる","みぞれ","2062087360758894754"
"2026-06-03","3号店 +e","よる","みりん","2062087360758894754"
"2026-06-03","4号店 A.D.2045","ひる","うる","2062008284501131594"
"2026-06-03","4号店 A.D.2045","ひる","しゃち","2062008284501131594"
"2026-06-03","4号店 A.D.2045","ひる","みりあ","2062008284501131594"
"2026-06-03","4号店 A.D.2045","ひる","ゆめ","2062008284501131594"
"2026-06-04","1号店 アキバ絶対領域","ひる","えみ","2062370341192945940"
"2026-06-04","1号店 アキバ絶対領域","ひる","きらり","2062370341192945940"
"2026-06-04","1号店 アキバ絶対領域","ひる","すくい","2062370341192945940"
"2026-06-04","1号店 アキバ絶対領域","ひる","にゃな","2062370341192945940"
"2026-06-04","1号店 アキバ絶対領域","ひる","みりあ","2062370341192945940"
"2026-06-04","1号店 アキバ絶対領域","ひる","みりん","2062370341192945940"
"2026-06-04","1号店 アキバ絶対領域","よる","あくび","2062445889885774287"
"2026-06-04","1号店 アキバ絶対領域","よる","あめる","2062445889885774287"
"2026-06-04","1号店 アキバ絶対領域","よる","ひなり","2062445889885774287"
"2026-06-04","1号店 アキバ絶対領域","よる","まこと","2062445889885774287"
"2026-06-04","1号店 アキバ絶対領域","よる","ゆめ","2062445889885774287"
"2026-06-04","2号店 A.D.1912","ひる","あむ","2062368193843429806"
"2026-06-04","2号店 A.D.1912","ひる","あらた","2062368193843429806"
"2026-06-04","2号店 A.D.1912","ひる","いと","2062368193843429806"
"2026-06-04","2号店 A.D.1912","ひる","いろは","2062368193843429806"
"2026-06-04","2号店 A.D.1912","ひる","のの","2062368193843429806"
"2026-06-04","2号店 A.D.1912","ひる","もなか","2062368193843429806"
"2026-06-05","1号店 アキバ絶対領域","ひる","あめる","2062730235179831327"
"2026-06-05","1号店 アキバ絶対領域","ひる","あらた","2062730235179831327"
"2026-06-05","1号店 アキバ絶対領域","ひる","ちま","2062730235179831327"
"2026-06-05","1号店 アキバ絶対領域","ひる","ちゆ","2062730235179831327"
"2026-06-05","1号店 アキバ絶対領域","ひる","もなか","2062730235179831327"
"2026-06-05","1号店 アキバ絶対領域","よる","あめる","2062825006296650035"
"2026-06-05","1号店 アキバ絶対領域","よる","いろは","2062825006296650035"
"2026-06-05","1号店 アキバ絶対領域","よる","うな","2062825006296650035"
"2026-06-05","1号店 アキバ絶対領域","よる","つぼみ","2062825006296650035"
"2026-06-05","1号店 アキバ絶対領域","よる","ときり","2062825006296650035"
"2026-06-05","1号店 アキバ絶対領域","よる","まこと","2062825006296650035"
"2026-06-05","4号店 A.D.2045","よる","あむ","2062811662625939477"
"2026-06-05","4号店 A.D.2045","よる","うる","2062811662625939477"
"2026-06-05","4号店 A.D.2045","よる","ちぇる","2062811662625939477"
"2026-06-05","4号店 A.D.2045","よる","つくし","2062811662625939477"
"2026-06-06","1号店 アキバ絶対領域","ひる","あらた","2063093683654909967"
"2026-06-06","1号店 アキバ絶対領域","ひる","あらた","2063197584605557177"
"2026-06-06","1号店 アキバ絶対領域","ひる","いと","2063093683654909967"
"2026-06-06","1号店 アキバ絶対領域","ひる","えみ","2063093683654909967"
"2026-06-06","1号店 アキバ絶対領域","ひる","かなた","2063197584605557177"
"2026-06-06","1号店 アキバ絶対領域","ひる","こえび","2063197584605557177"
"2026-06-06","1号店 アキバ絶対領域","ひる","こん","2063093683654909967"
"2026-06-06","1号店 アキバ絶対領域","ひる","つぼみ","2063093683654909967"
"2026-06-06","1号店 アキバ絶対領域","ひる","ときり","2063197584605557177"
"2026-06-06","1号店 アキバ絶対領域","ひる","ひなり","2063093683654909967"
"2026-06-06","1号店 アキバ絶対領域","ひる","みりあ","2063197584605557177"
"2026-06-06","1号店 アキバ絶対領域","ひる","みりん","2063093683654909967"
"2026-06-06","1号店 アキバ絶対領域","ひる","ららこ","2063197584605557177"
"2026-06-06","1号店 アキバ絶対領域","ひる","るるか","2063093683654909967"
"2026-06-06","1号店 アキバ絶対領域","よる","あらた","2063197618843615490"
"2026-06-06","1号店 アキバ絶対領域","よる","かなた","2063197618843615490"
"2026-06-06","1号店 アキバ絶対領域","よる","こえび","2063197618843615490"
"2026-06-06","1号店 アキバ絶対領域","よる","ときり","2063197618843615490"
"2026-06-06","1号店 アキバ絶対領域","よる","みりあ","2063197618843615490"
"2026-06-06","1号店 アキバ絶対領域","よる","ららこ","2063197618843615490"
"2026-06-06","3号店 +e","ひる","うる","2063094093572706583"
"2026-06-06","3号店 +e","ひる","こい","2063094093572706583"
"2026-06-06","3号店 +e","ひる","ちさと","2063094093572706583"
"2026-06-06","3号店 +e","ひる","はぴる","2063094093572706583"
"2026-06-06","3号店 +e","ひる","まこと","2063094093572706583"
"2026-06-06","3号店 +e","ひる","みりあ","2063094093572706583"
"2026-06-06","3号店 +e","よる","うる","2063192445719089221"
"2026-06-06","3号店 +e","よる","しゃち","2063192445719089221"
"2026-06-06","3号店 +e","よる","すくい","2063192445719089221"
"2026-06-06","3号店 +e","よる","ちさと","2063192445719089221"
"2026-06-06","3号店 +e","よる","ひなり","2063192445719089221"
"2026-06-06","3号店 +e","よる","まこと","2063192445719089221"
"2026-06-06","3号店 +e","よる","るるか","2063192445719089221"
"2026-06-07","1号店 アキバ絶対領域","ひる","いと","2063457106297266487"
"2026-06-07","1号店 アキバ絶対領域","ひる","うな","2063457106297266487"
"2026-06-07","1号店 アキバ絶対領域","ひる","えみ","2063457106297266487"
"2026-06-07","1号店 アキバ絶対領域","ひる","こい","2063457106297266487"
"2026-06-07","1号店 アキバ絶対領域","ひる","こん","2063457106297266487"
"2026-06-07","1号店 アキバ絶対領域","ひる","ひかり","2063457106297266487"
"2026-06-07","1号店 アキバ絶対領域","よる","あむ","2063550604216267028"
"2026-06-07","1号店 アキバ絶対領域","よる","ちま","2063550604216267028"
"2026-06-07","1号店 アキバ絶対領域","よる","ちゆ","2063550604216267028"
"2026-06-07","1号店 アキバ絶対領域","よる","まこと","2063550604216267028"
"2026-06-07","1号店 アキバ絶対領域","よる","もなか","2063550604216267028"
"2026-06-07","2号店 A.D.1912","ひる","あくび","2063456188810096844"
"2026-06-07","2号店 A.D.1912","ひる","あむ","2063456188810096844"
"2026-06-07","2号店 A.D.1912","ひる","ちぇる","2063456188810096844"
"2026-06-07","2号店 A.D.1912","ひる","ちょこ","2063456188810096844"
"2026-06-07","2号店 A.D.1912","ひる","のの","2063456188810096844"
"2026-06-07","2号店 A.D.1912","ひる","まこと","2063456188810096844"
"2026-06-07","2号店 A.D.1912","ひる","みぞれ","2063456188810096844"
"2026-06-07","2号店 A.D.1912","よる","こい","2063550860169556296"
"2026-06-07","2号店 A.D.1912","よる","こえび","2063550860169556296"
"2026-06-07","2号店 A.D.1912","よる","ひなり","2063550860169556296"
"2026-06-07","2号店 A.D.1912","よる","みりん","2063550860169556296"
"2026-06-07","4号店 A.D.2045","ひる","すくい","2063458811122536817"
"2026-06-07","4号店 A.D.2045","ひる","みりあ","2063458811122536817"
"2026-06-07","4号店 A.D.2045","ひる","みりん","2063458811122536817"
"2026-06-07","4号店 A.D.2045","ひる","ゆめ","2063458811122536817"
"2026-06-07","4号店 A.D.2045","よる","うる","2063551134669955559"
"2026-06-07","4号店 A.D.2045","よる","すくい","2063551134669955559"
"2026-06-07","4号店 A.D.2045","よる","にゃな","2063551134669955559"
"2026-06-07","4号店 A.D.2045","よる","るるか","2063551134669955559"
"2026-06-08","1号店 アキバ絶対領域","ひる","うる","2063824155926257973"
"2026-06-08","1号店 アキバ絶対領域","ひる","ちゆ","2063824155926257973"
"2026-06-08","1号店 アキバ絶対領域","ひる","にゃな","2063824155926257973"
"2026-06-08","1号店 アキバ絶対領域","ひる","みりあ","2063824155926257973"
"2026-06-08","1号店 アキバ絶対領域","ひる","もなか","2063824155926257973"
"2026-06-08","1号店 アキバ絶対領域","よる","ちぇる","2063899368772776038"
"2026-06-08","1号店 アキバ絶対領域","よる","ひなり","2063899368772776038"
"2026-06-08","1号店 アキバ絶対領域","よる","みりん","2063899368772776038"
"2026-06-08","1号店 アキバ絶対領域","よる","もなか","2063899368772776038"
"2026-06-08","1号店 アキバ絶対領域","よる","るるか","2063899368772776038"
"2026-06-08","3号店 +e","ひる","あむ","2063820713333772342"
"2026-06-08","3号店 +e","ひる","こん","2063820713333772342"
"2026-06-08","3号店 +e","ひる","はぴる","2063820713333772342"
"2026-06-08","3号店 +e","ひる","みりん","2063820713333772342"
"2026-06-08","4号店 A.D.2045","よる","うな","2063905767279980868"
"2026-06-08","4号店 A.D.2045","よる","うる","2063905767279980868"
"2026-06-08","4号店 A.D.2045","よる","こえび","2063905767279980868"
"2026-06-08","4号店 A.D.2045","よる","すくい","2063905767279980868"
"2026-06-08","4号店 A.D.2045","よる","みりあ","2063905767279980868"
"2026-06-09","1号店 アキバ絶対領域","ひる","えみ","2064182974992842807"
"2026-06-09","1号店 アキバ絶対領域","ひる","にゃな","2064182974992842807"
"2026-06-09","1号店 アキバ絶対領域","ひる","ひかり","2064182974992842807"
"2026-06-09","1号店 アキバ絶対領域","ひる","まこと","2064182974992842807"
"2026-06-09","1号店 アキバ絶対領域","ひる","もなか","2064182974992842807"
"2026-06-09","1号店 アキバ絶対領域","ひる","ゆむね","2064182974992842807"
"2026-06-09","1号店 アキバ絶対領域","よる","あめる","2064273922514927893"
"2026-06-09","1号店 アキバ絶対領域","よる","かなた","2064273922514927893"
"2026-06-09","1号店 アキバ絶対領域","よる","きらり","2064273922514927893"
"2026-06-09","1号店 アキバ絶対領域","よる","しゃち","2064273922514927893"
"2026-06-09","2号店 A.D.1912","ひる","あめる","2064183335321297215"
"2026-06-09","2号店 A.D.1912","ひる","あらた","2064183335321297215"
"2026-06-09","2号店 A.D.1912","ひる","かなた","2064183335321297215"
"2026-06-09","2号店 A.D.1912","ひる","しゃち","2064183335321297215"
"2026-06-09","2号店 A.D.1912","ひる","ちま","2064183335321297215"
"2026-06-09","2号店 A.D.1912","ひる","まひろ","2064183335321297215"
"2026-06-09","4号店 A.D.2045","よる","はぴる","2064259954593386973"
"2026-06-09","4号店 A.D.2045","よる","まこと","2064259954593386973"
"2026-06-09","4号店 A.D.2045","よる","みえる","2064259954593386973"
"2026-06-10","1号店 アキバ絶対領域","ひる","あむ","2064542810389487665"
"2026-06-10","1号店 アキバ絶対領域","ひる","うる","2064542810389487665"
"2026-06-10","1号店 アキバ絶対領域","ひる","えみ","2064542810389487665"
"2026-06-10","1号店 アキバ絶対領域","ひる","ひなり","2064542810389487665"
"2026-06-10","1号店 アキバ絶対領域","ひる","ゆめ","2064542810389487665"
"2026-06-10","1号店 アキバ絶対領域","よる","あむ","2064638546129158632"
"2026-06-10","1号店 アキバ絶対領域","よる","うな","2064638546129158632"
"2026-06-10","1号店 アキバ絶対領域","よる","こい","2064638546129158632"
"2026-06-10","1号店 アキバ絶対領域","よる","こえび","2064638546129158632"
"2026-06-10","1号店 アキバ絶対領域","よる","ちさと","2064638546129158632"
"2026-06-10","1号店 アキバ絶対領域","よる","つくし","2064638546129158632"
"2026-06-10","1号店 アキバ絶対領域","よる","まこと","2064638546129158632"
"2026-06-10","1号店 アキバ絶対領域","よる","みりん","2064638546129158632"
"2026-06-10","2号店 A.D.1912","よる","あくび","2064637368595030165"
"2026-06-10","2号店 A.D.1912","よる","いと","2064637368595030165"
"2026-06-10","2号店 A.D.1912","よる","うる","2064637368595030165"
"2026-06-10","2号店 A.D.1912","よる","かなた","2064637368595030165"
"2026-06-10","2号店 A.D.1912","よる","ちょこ","2064637368595030165"
"2026-06-10","2号店 A.D.1912","よる","みぞれ","2064637368595030165"
"2026-06-10","2号店 A.D.1912","よる","みりあ","2064637368595030165"
"2026-06-10","4号店 A.D.2045","ひる","える","2064546653684863439"
"2026-06-10","4号店 A.D.2045","ひる","みりあ","2064546653684863439"
"2026-06-10","4号店 A.D.2045","ひる","みりん","2064546653684863439"
"2026-06-11","1号店 アキバ絶対領域","ひる","あめる","2064907283147194492"
"2026-06-11","1号店 アキバ絶対領域","ひる","いと","2064907283147194492"
"2026-06-11","1号店 アキバ絶対領域","ひる","えみ","2064907283147194492"
"2026-06-11","1号店 アキバ絶対領域","ひる","きらり","2064907283147194492"
"2026-06-11","1号店 アキバ絶対領域","ひる","みりあ","2064907283147194492"
"2026-06-11","1号店 アキバ絶対領域","ひる","みりん","2064907283147194492"
"2026-06-11","1号店 アキバ絶対領域","よる","あめる","2065024377402597560"
"2026-06-11","1号店 アキバ絶対領域","よる","うる","2065024377402597560"
"2026-06-11","1号店 アキバ絶対領域","よる","ちょこ","2065024377402597560"
"2026-06-11","1号店 アキバ絶対領域","よる","のの","2065024377402597560"
"2026-06-11","1号店 アキバ絶対領域","よる","もち","2065024377402597560"
"2026-06-11","1号店 アキバ絶対領域","よる","るるか","2065024377402597560"
"2026-06-11","3号店 +e","ひる","いろは","2064906409310056650"
"2026-06-11","3号店 +e","ひる","うる","2064906409310056650"
"2026-06-11","3号店 +e","ひる","すくい","2064906409310056650"
"2026-06-11","3号店 +e","ひる","ひなり","2064906409310056650"
"2026-06-11","3号店 +e","ひる","みぞれ","2064906409310056650"
"2026-06-11","3号店 +e","よる","あくび","2064983932777734533"
"2026-06-11","3号店 +e","よる","ちま","2064983932777734533"
"2026-06-11","3号店 +e","よる","にゃな","2064983932777734533"
"2026-06-11","3号店 +e","よる","はぴる","2064983932777734533"
"2026-06-11","3号店 +e","よる","まこと","2064983932777734533"
"2026-06-11","3号店 +e","よる","もなか","2064983932777734533"
"2026-06-12","1号店 アキバ絶対領域","ひる","あらた","2065268370786951354"
"2026-06-12","1号店 アキバ絶対領域","ひる","きらり","2065268370786951354"
"2026-06-12","1号店 アキバ絶対領域","ひる","ちゆ","2065268370786951354"
"2026-06-12","1号店 アキバ絶対領域","ひる","ひかり","2065268370786951354"
"2026-06-12","1号店 アキバ絶対領域","ひる","もなか","2065268370786951354"
"2026-06-12","1号店 アキバ絶対領域","よる","うな","2065362041741996172"
"2026-06-12","1号店 アキバ絶対領域","よる","つぼみ","2065362041741996172"
"2026-06-12","1号店 アキバ絶対領域","よる","にゃな","2065362041741996172"
"2026-06-12","1号店 アキバ絶対領域","よる","みりあ","2065362041741996172"
"2026-06-12","2号店 A.D.1912","よる","いろは","2065362017914077284"
"2026-06-12","2号店 A.D.1912","よる","えみる","2065362017914077284"
"2026-06-12","2号店 A.D.1912","よる","しゃち","2065362017914077284"
"2026-06-12","2号店 A.D.1912","よる","つくし","2065362017914077284"
"2026-06-12","2号店 A.D.1912","よる","ときり","2065362017914077284"
"2026-06-12","2号店 A.D.1912","よる","みりん","2065362017914077284"
"2026-06-12","2号店 A.D.1912","よる","もなか","2065362017914077284"
"2026-06-12","4号店 A.D.2045","ひる","こい","2065271085986439313"
"2026-06-12","4号店 A.D.2045","ひる","みえる","2065271085986439313"
"2026-06-12","4号店 A.D.2045","ひる","みりあ","2065271085986439313"
"2026-06-12","4号店 A.D.2045","ひる","みりん","2065271085986439313"
"2026-06-13","1号店 アキバ絶対領域","ひる","あらた","2065630795063251308"
"2026-06-13","1号店 アキバ絶対領域","ひる","うな","2065630795063251308"
"2026-06-13","1号店 アキバ絶対領域","ひる","こん","2065630795063251308"
"2026-06-13","1号店 アキバ絶対領域","ひる","ちさと","2065630795063251308"
"2026-06-13","1号店 アキバ絶対領域","ひる","つくし","2065630795063251308"
"2026-06-13","1号店 アキバ絶対領域","ひる","つぼみ","2065630795063251308"
"2026-06-13","1号店 アキバ絶対領域","ひる","はぴる","2065630795063251308"
"2026-06-13","1号店 アキバ絶対領域","よる","あくび","2065714862563766320"
"2026-06-13","1号店 アキバ絶対領域","よる","こえび","2065714862563766320"
"2026-06-13","1号店 アキバ絶対領域","よる","ときり","2065714862563766320"
"2026-06-13","1号店 アキバ絶対領域","よる","ひかり","2065714862563766320"
"2026-06-13","1号店 アキバ絶対領域","よる","みりん","2065714862563766320"
"2026-06-13","1号店 アキバ絶対領域","よる","ららこ","2065714862563766320"
"2026-06-13","3号店 +e","ひる","うる","2065630583854948591"
"2026-06-13","3号店 +e","ひる","きらり","2065630583854948591"
"2026-06-13","3号店 +e","ひる","こい","2065630583854948591"
"2026-06-13","3号店 +e","ひる","ちま","2065630583854948591"
"2026-06-13","3号店 +e","ひる","のの","2065630583854948591"
"2026-06-13","3号店 +e","ひる","ひなり","2065630583854948591"
"2026-06-13","3号店 +e","よる","あむ","2065735425411695065"
"2026-06-13","3号店 +e","よる","いと","2065735425411695065"
"2026-06-13","3号店 +e","よる","まこと","2065735425411695065"
"2026-06-13","3号店 +e","よる","まひろ","2065735425411695065"
"2026-06-13","3号店 +e","よる","みえる","2065735425411695065"
"2026-06-13","4号店 A.D.2045","ひる","ちぇる","2065635402166464696"
"2026-06-13","4号店 A.D.2045","ひる","まこと","2065635402166464696"
"2026-06-13","4号店 A.D.2045","ひる","みりあ","2065635402166464696"
"2026-06-13","4号店 A.D.2045","ひる","るるか","2065635402166464696"
"2026-06-14","1号店 アキバ絶対領域","ひる","あめる","2065998614720393335"
"2026-06-14","1号店 アキバ絶対領域","ひる","こん","2065998614720393335"
"2026-06-14","1号店 アキバ絶対領域","ひる","しゃち","2065998614720393335"
"2026-06-14","1号店 アキバ絶対領域","ひる","すくい","2065998614720393335"
"2026-06-14","1号店 アキバ絶対領域","ひる","みりん","2065998614720393335"
"2026-06-14","1号店 アキバ絶対領域","ひる","るるか","2065998614720393335"
"2026-06-14","1号店 アキバ絶対領域","よる","うる","2066104091768656186"
"2026-06-14","1号店 アキバ絶対領域","よる","える","2066104091768656186"
"2026-06-14","1号店 アキバ絶対領域","よる","しゃち","2066104091768656186"
"2026-06-14","1号店 アキバ絶対領域","よる","ちま","2066104091768656186"
"2026-06-14","1号店 アキバ絶対領域","よる","ひなり","2066104091768656186"
"2026-06-14","1号店 アキバ絶対領域","よる","みえる","2066104091768656186"
"2026-06-14","2号店 A.D.1912","ひる","うる","2065997394907627991"
"2026-06-14","2号店 A.D.1912","ひる","つくし","2065997394907627991"
"2026-06-14","2号店 A.D.1912","ひる","にゃな","2065997394907627991"
"2026-06-14","2号店 A.D.1912","ひる","まひろ","2065997394907627991"
"2026-06-14","2号店 A.D.1912","ひる","みりあ","2065997394907627991"
"2026-06-14","2号店 A.D.1912","ひる","ららこ","2065997394907627991"
"2026-06-14","2号店 A.D.1912","よる","あめる","2066104662475038824"
"2026-06-14","2号店 A.D.1912","よる","いと","2066104662475038824"
"2026-06-14","2号店 A.D.1912","よる","いろは","2066104662475038824"
"2026-06-14","2号店 A.D.1912","よる","かなた","2066104662475038824"
"2026-06-14","2号店 A.D.1912","よる","ぴあの","2066104662475038824"
"2026-06-14","2号店 A.D.1912","よる","みりん","2066104662475038824"
"2026-06-14","2号店 A.D.1912","よる","もなか","2066104662475038824"
"2026-06-15","1号店 アキバ絶対領域","ひる","うな","2066355303852192179"
"2026-06-15","1号店 アキバ絶対領域","ひる","えみ","2066355303852192179"
"2026-06-15","1号店 アキバ絶対領域","ひる","はぴる","2066355303852192179"
"2026-06-15","1号店 アキバ絶対領域","ひる","まこと","2066355303852192179"
"2026-06-15","1号店 アキバ絶対領域","ひる","もなか","2066355303852192179"
"2026-06-15","1号店 アキバ絶対領域","ひる","ゆめ","2066355303852192179"
"2026-06-15","1号店 アキバ絶対領域","よる","あむ","2066456356761260225"
"2026-06-15","1号店 アキバ絶対領域","よる","こえび","2066456356761260225"
"2026-06-15","1号店 アキバ絶対領域","よる","ちゆ","2066456356761260225"
"2026-06-15","1号店 アキバ絶対領域","よる","ときり","2066456356761260225"
"2026-06-15","1号店 アキバ絶対領域","よる","にゃな","2066456356761260225"
"2026-06-15","1号店 アキバ絶対領域","よる","ぴあの","2066456356761260225"
"2026-06-15","1号店 アキバ絶対領域","よる","まこと","2066456356761260225"
"2026-06-15","1号店 アキバ絶対領域","よる","もなか","2066456356761260225"
"2026-06-15","4号店 A.D.2045","ひる","あらた","2066355829473935556"
"2026-06-15","4号店 A.D.2045","ひる","ひかり","2066355829473935556"
"2026-06-15","4号店 A.D.2045","ひる","るるか","2066355829473935556"
"2026-06-16","1号店 アキバ絶対領域","ひる","かなた","2066718405609292064"
"2026-06-16","1号店 アキバ絶対領域","ひる","ちま","2066718405609292064"
"2026-06-16","1号店 アキバ絶対領域","ひる","ひかり","2066718405609292064"
"2026-06-16","1号店 アキバ絶対領域","ひる","もなか","2066718405609292064"
"2026-06-16","1号店 アキバ絶対領域","よる","ちゆ","2066832067439341643"
"2026-06-16","1号店 アキバ絶対領域","よる","まこと","2066832067439341643"
"2026-06-16","1号店 アキバ絶対領域","よる","みえる","2066832067439341643"
"2026-06-16","1号店 アキバ絶対領域","よる","みりあ","2066832067439341643"
"2026-06-16","1号店 アキバ絶対領域","よる","もなか","2066832067439341643"
"2026-06-16","3号店 +e","ひる","すくい","2066725384360775924"
"2026-06-16","3号店 +e","ひる","ひなり","2066725384360775924"
"2026-06-16","3号店 +e","ひる","まこと","2066725384360775924"
"2026-06-16","3号店 +e","ひる","みりあ","2066725384360775924"
"2026-06-16","3号店 +e","ひる","ゆめ","2066725384360775924"
"2026-06-17","1号店 アキバ絶対領域","ひる","すくい","2067081143850254531"
"2026-06-17","1号店 アキバ絶対領域","ひる","ちゆ","2067081143850254531"
"2026-06-17","1号店 アキバ絶対領域","ひる","ひなり","2067081143850254531"
"2026-06-17","1号店 アキバ絶対領域","ひる","まひろ","2067081143850254531"
"2026-06-17","1号店 アキバ絶対領域","ひる","みりん","2067081143850254531"
"2026-06-17","1号店 アキバ絶対領域","よる","あむ","2067169597401501696"
"2026-06-17","1号店 アキバ絶対領域","よる","うる","2067169597401501696"
"2026-06-17","1号店 アキバ絶対領域","よる","かなた","2067169597401501696"
"2026-06-17","1号店 アキバ絶対領域","よる","こん","2067169597401501696"
"2026-06-17","1号店 アキバ絶対領域","よる","ちょこ","2067169597401501696"
"2026-06-17","1号店 アキバ絶対領域","よる","みえる","2067169597401501696"
"2026-06-17","4号店 A.D.2045","ひる","うる","2067080655272620394"
"2026-06-17","4号店 A.D.2045","ひる","みりあ","2067080655272620394"
"2026-06-17","4号店 A.D.2045","ひる","るるか","2067080655272620394"
"2026-06-18","1号店 アキバ絶対領域","ひる","いと","2067442866218221641"
"2026-06-18","1号店 アキバ絶対領域","ひる","うな","2067442866218221641"
"2026-06-18","1号店 アキバ絶対領域","ひる","うる","2067442866218221641"
"2026-06-18","1号店 アキバ絶対領域","ひる","みりあ","2067442866218221641"
"2026-06-18","1号店 アキバ絶対領域","ひる","もなか","2067442866218221641"
"2026-06-18","1号店 アキバ絶対領域","ひる","るるか","2067442866218221641"
"2026-06-18","1号店 アキバ絶対領域","よる","こん","2067538299192004957"
"2026-06-18","1号店 アキバ絶対領域","よる","ちま","2067538299192004957"
"2026-06-18","1号店 アキバ絶対領域","よる","みりあ","2067538299192004957"
"2026-06-18","1号店 アキバ絶対領域","よる","もち","2067538299192004957"
"2026-06-18","2号店 A.D.1912","ひる","える","2067443567287800136"
"2026-06-18","2号店 A.D.1912","ひる","しゃち","2067443567287800136"
"2026-06-18","2号店 A.D.1912","ひる","すくい","2067443567287800136"
"2026-06-18","2号店 A.D.1912","ひる","まこと","2067443567287800136"
"2026-06-18","2号店 A.D.1912","ひる","ゆめ","2067443567287800136"
"2026-06-18","2号店 A.D.1912","よる","しゃち","2067541055072014489"
"2026-06-18","2号店 A.D.1912","よる","ちぇる","2067541055072014489"
"2026-06-18","2号店 A.D.1912","よる","ちょこ","2067541055072014489"
"2026-06-18","2号店 A.D.1912","よる","はぴる","2067541055072014489"
"2026-06-18","2号店 A.D.1912","よる","みりん","2067541055072014489"
"2026-06-19","1号店 アキバ絶対領域","ひる","あむ","2067899486513643945"
"2026-06-19","1号店 アキバ絶対領域","ひる","うな","2067899486513643945"
"2026-06-19","1号店 アキバ絶対領域","ひる","うる","2067804464309014661"
"2026-06-19","1号店 アキバ絶対領域","ひる","こい","2067804464309014661"
"2026-06-19","1号店 アキバ絶対領域","ひる","しゃち","2067804464309014661"
"2026-06-19","1号店 アキバ絶対領域","ひる","にゃな","2067899486513643945"
"2026-06-19","1号店 アキバ絶対領域","ひる","ひなり","2067804464309014661"
"2026-06-19","1号店 アキバ絶対領域","ひる","まこと","2067899486513643945"
"2026-06-19","1号店 アキバ絶対領域","ひる","みぞれ","2067899486513643945"
"2026-06-19","1号店 アキバ絶対領域","ひる","るるか","2067899486513643945"
"2026-06-19","1号店 アキバ絶対領域","ひる","るるか","2067804464309014661"
"2026-06-19","4号店 A.D.2045","ひる","すくい","2067811171055603932"
"2026-06-19","4号店 A.D.2045","ひる","まこと","2067811171055603932"
"2026-06-19","4号店 A.D.2045","ひる","もなか","2067811171055603932"
"2026-06-20","1号店 アキバ絶対領域","ひる","えみ","2068167254097961082"
"2026-06-20","1号店 アキバ絶対領域","ひる","ちさと","2068167254097961082"
"2026-06-20","1号店 アキバ絶対領域","ひる","つぼみ","2068167254097961082"
"2026-06-20","1号店 アキバ絶対領域","ひる","にゃな","2068167254097961082"
"2026-06-20","1号店 アキバ絶対領域","ひる","みりあ","2068167254097961082"
"2026-06-20","1号店 アキバ絶対領域","よる","こえび","2068258422596993048"
"2026-06-20","1号店 アキバ絶対領域","よる","ちょこ","2068258422596993048"
"2026-06-20","1号店 アキバ絶対領域","よる","のの","2068258422596993048"
"2026-06-20","1号店 アキバ絶対領域","よる","ひかり","2068258422596993048"
"2026-06-20","1号店 アキバ絶対領域","よる","まこと","2068258422596993048"
"2026-06-20","1号店 アキバ絶対領域","よる","もち","2068258422596993048"
"2026-06-20","3号店 +e","ひる","あむ","2068167788154532239"
"2026-06-20","3号店 +e","ひる","いと","2068167788154532239"
"2026-06-20","3号店 +e","ひる","うな","2068167788154532239"
"2026-06-20","3号店 +e","ひる","こん","2068167788154532239"
"2026-06-20","3号店 +e","ひる","つくし","2068167788154532239"
"2026-06-20","3号店 +e","ひる","ときり","2068167788154532239"
"2026-06-20","3号店 +e","ひる","まこと","2068167788154532239"
"2026-06-20","3号店 +e","よる","あくび","2068256777515524182"
"2026-06-20","3号店 +e","よる","あむ","2068256777515524182"
"2026-06-20","3号店 +e","よる","ひなり","2068256777515524182"
"2026-06-20","3号店 +e","よる","みりん","2068256777515524182"
"2026-06-20","3号店 +e","よる","ゆめ","2068256777515524182"
"2026-06-21","1号店 アキバ絶対領域","ひる","いと","2068531469241504145"
"2026-06-21","1号店 アキバ絶対領域","ひる","うる","2068531469241504145"
"2026-06-21","1号店 アキバ絶対領域","ひる","こい","2068531469241504145"
"2026-06-21","1号店 アキバ絶対領域","ひる","すくい","2068531469241504145"
"2026-06-21","1号店 アキバ絶対領域","ひる","つぼみ","2068531469241504145"
"2026-06-21","1号店 アキバ絶対領域","ひる","みぞれ","2068531469241504145"
"2026-06-21","1号店 アキバ絶対領域","ひる","みりあ","2068531469241504145"
"2026-06-21","1号店 アキバ絶対領域","よる","しゃち","2068609794894921841"
"2026-06-21","1号店 アキバ絶対領域","よる","すくい","2068609794894921841"
"2026-06-21","1号店 アキバ絶対領域","よる","ちま","2068609794894921841"
"2026-06-21","1号店 アキバ絶対領域","よる","ちゆ","2068609794894921841"
"2026-06-21","1号店 アキバ絶対領域","よる","ぴあの","2068609794894921841"
"2026-06-21","1号店 アキバ絶対領域","よる","みりん","2068609794894921841"
"2026-06-21","2号店 A.D.1912","ひる","あむ","2068533507845140867"
"2026-06-21","2号店 A.D.1912","ひる","かなた","2068533507845140867"
"2026-06-21","2号店 A.D.1912","ひる","ちぇる","2068533507845140867"
"2026-06-21","2号店 A.D.1912","ひる","のの","2068533507845140867"
"2026-06-21","2号店 A.D.1912","ひる","まひろ","2068533507845140867"
"2026-06-21","2号店 A.D.1912","ひる","みりん","2068533507845140867"
"2026-06-22","1号店 アキバ絶対領域","ひる","いと","2068894937060634834"
"2026-06-22","1号店 アキバ絶対領域","ひる","うる","2068894937060634834"
"2026-06-22","1号店 アキバ絶対領域","ひる","えみ","2068894937060634834"
"2026-06-22","1号店 アキバ絶対領域","ひる","のの","2068894937060634834"
"2026-06-22","1号店 アキバ絶対領域","ひる","みりあ","2068894937060634834"
"2026-06-22","1号店 アキバ絶対領域","ひる","もなか","2068894937060634834"
"2026-06-22","1号店 アキバ絶対領域","よる","あくび","2069000821271093709"
"2026-06-22","1号店 アキバ絶対領域","よる","あむ","2069000821271093709"
"2026-06-22","1号店 アキバ絶対領域","よる","しゃち","2069000821271093709"
"2026-06-22","1号店 アキバ絶対領域","よる","ゆむね","2069000821271093709"
"2026-06-22","1号店 アキバ絶対領域","よる","ららこ","2069000821271093709"
"2026-06-22","3号店 +e","ひる","あむ","2068892705179185658"
"2026-06-22","3号店 +e","ひる","うな","2068892705179185658"
"2026-06-22","3号店 +e","ひる","こい","2068892705179185658"
"2026-06-22","3号店 +e","ひる","しゃち","2068892705179185658"
"2026-06-22","3号店 +e","ひる","ちぇる","2068892705179185658"
"2026-06-22","3号店 +e","ひる","ひなり","2068892705179185658"
"2026-06-22","3号店 +e","ひる","まこと","2068892705179185658"
"2026-06-22","3号店 +e","ひる","みひん","2068892705179185658"
"2026-06-22","3号店 +e","よる","うる","2068986556283764811"
"2026-06-22","3号店 +e","よる","える","2068986556283764811"
"2026-06-22","3号店 +e","よる","きらり","2068986556283764811"
"2026-06-22","3号店 +e","よる","つくし","2068986556283764811"
"2026-06-22","3号店 +e","よる","ひかり","2068986556283764811"
"2026-06-22","3号店 +e","よる","ひなり","2068986556283764811"
"2026-06-22","3号店 +e","よる","まこと","2068986556283764811"
"2026-06-22","4号店 A.D.2045","よる","ちさと","2068977396888510731"
"2026-06-22","4号店 A.D.2045","よる","にゃな","2068977396888510731"
"2026-06-22","4号店 A.D.2045","よる","みりん","2068977396888510731"
"2026-06-22","4号店 A.D.2045","よる","るるか","2068977396888510731"
"2026-06-23","1号店 アキバ絶対領域","ひる","かなた","2069256523927441452"
"2026-06-23","1号店 アキバ絶対領域","ひる","すくい","2069256523927441452"
"2026-06-23","1号店 アキバ絶対領域","ひる","ちょこ","2069256523927441452"
"2026-06-23","1号店 アキバ絶対領域","ひる","のの","2069256523927441452"
"2026-06-23","1号店 アキバ絶対領域","ひる","まこと","2069256523927441452"
"2026-06-23","1号店 アキバ絶対領域","よる","かなた","2069346088717517227"
"2026-06-23","1号店 アキバ絶対領域","よる","しゃち","2069346088717517227"
"2026-06-23","1号店 アキバ絶対領域","よる","ちゆ","2069346088717517227"
"2026-06-23","1号店 アキバ絶対領域","よる","のの","2069346088717517227"
"2026-06-23","1号店 アキバ絶対領域","よる","はぴる","2069346088717517227"
"2026-06-23","1号店 アキバ絶対領域","よる","まこと","2069346088717517227"
"2026-06-23","1号店 アキバ絶対領域","よる","みえる","2069346088717517227"
"2026-06-23","1号店 アキバ絶対領域","よる","ららこ","2069346088717517227"
"2026-06-24","1号店 アキバ絶対領域","ひる","うな","2069618506157748583"
"2026-06-24","1号店 アキバ絶対領域","ひる","えみ","2069618506157748583"
"2026-06-24","1号店 アキバ絶対領域","ひる","ちょこ","2069618506157748583"
"2026-06-24","1号店 アキバ絶対領域","ひる","ひかり","2069618506157748583"
"2026-06-24","1号店 アキバ絶対領域","ひる","ひなり","2069618506157748583"
"2026-06-24","1号店 アキバ絶対領域","ひる","ゆめ","2069618506157748583"
"2026-06-24","1号店 アキバ絶対領域","よる","こん","2069724401638191167"
"2026-06-24","1号店 アキバ絶対領域","よる","みえる","2069724401638191167"
"2026-06-24","1号店 アキバ絶対領域","よる","みりあ","2069724401638191167"
"2026-06-24","1号店 アキバ絶対領域","よる","みりん","2069724401638191167"
"2026-06-24","1号店 アキバ絶対領域","よる","もなか","2069724401638191167"
"2026-06-24","1号店 アキバ絶対領域","よる","るるか","2069724401638191167"
"2026-06-24","2号店 A.D.1912","よる","あくび","2069709713202450496"
"2026-06-24","2号店 A.D.1912","よる","うな","2069709713202450496"
"2026-06-24","2号店 A.D.1912","よる","ちま","2069709713202450496"
"2026-06-24","2号店 A.D.1912","よる","はぴる","2069709713202450496"
"2026-06-24","2号店 A.D.1912","よる","ぴあの","2069709713202450496"
"2026-06-24","2号店 A.D.1912","よる","まこと","2069709713202450496"
"2026-06-24","2号店 A.D.1912","よる","みぞれ","2069709713202450496"
"2026-06-24","4号店 A.D.2045","ひる","みぞれ","2069619896712118316"
"2026-06-24","4号店 A.D.2045","ひる","みりあ","2069619896712118316"
"2026-06-24","4号店 A.D.2045","ひる","みりん","2069619896712118316"
"2026-06-24","4号店 A.D.2045","ひる","るるか","2069619896712118316"
"2026-06-25","1号店 アキバ絶対領域","ひる","あめる","2069981382626201984"
"2026-06-25","1号店 アキバ絶対領域","ひる","いろは","2069981382626201984"
"2026-06-25","1号店 アキバ絶対領域","ひる","すくい","2069981382626201984"
"2026-06-25","1号店 アキバ絶対領域","ひる","のの","2069981382626201984"
"2026-06-25","1号店 アキバ絶対領域","ひる","ひかり","2069981382626201984"
"2026-06-25","1号店 アキバ絶対領域","ひる","みりあ","2069981382626201984"
"2026-06-25","1号店 アキバ絶対領域","よる","あむ","2070071187439530323"
"2026-06-25","1号店 アキバ絶対領域","よる","こん","2070071187439530323"
"2026-06-25","1号店 アキバ絶対領域","よる","みりん","2070071187439530323"
"2026-06-25","1号店 アキバ絶対領域","よる","もち","2070071187439530323"
"2026-06-25","1号店 アキバ絶対領域","よる","もなか","2070071187439530323"
"2026-06-25","1号店 アキバ絶対領域","よる","わたげ","2070071187439530323"
"2026-06-25","3号店 +e","ひる","あむ","2069979926154108983"
"2026-06-25","3号店 +e","ひる","ちゆ","2069979926154108983"
"2026-06-25","3号店 +e","ひる","ちょこ","2069979926154108983"
"2026-06-25","3号店 +e","ひる","ひなり","2069979926154108983"
"2026-06-25","3号店 +e","ひる","みりん","2069979926154108983"
"2026-06-25","3号店 +e","ひる","もなか","2069979926154108983"
"2026-06-26","1号店 アキバ絶対領域","ひる","ちさと","2070342916556689546"
"2026-06-26","1号店 アキバ絶対領域","ひる","のの","2070342916556689546"
"2026-06-26","1号店 アキバ絶対領域","ひる","ひなり","2070342916556689546"
"2026-06-26","1号店 アキバ絶対領域","ひる","まこと","2070342916556689546"
"2026-06-26","1号店 アキバ絶対領域","ひる","もなか","2070342916556689546"
"2026-06-26","1号店 アキバ絶対領域","ひる","ゆめ","2070342916556689546"
"2026-06-26","1号店 アキバ絶対領域","よる","うる","2070433896572051554"
"2026-06-26","1号店 アキバ絶対領域","よる","すくい","2070433896572051554"
"2026-06-26","1号店 アキバ絶対領域","よる","ちま","2070433896572051554"
"2026-06-26","1号店 アキバ絶対領域","よる","つぼみ","2070433896572051554"
"2026-06-26","1号店 アキバ絶対領域","よる","ひなり","2070433896572051554"
"2026-06-26","1号店 アキバ絶対領域","よる","みりあ","2070433896572051554"
"2026-06-26","3号店 +e","よる","うな","2070422758941671901"
"2026-06-26","3号店 +e","よる","しゃち","2070422758941671901"
"2026-06-26","3号店 +e","よる","つくし","2070422758941671901"
"2026-06-26","3号店 +e","よる","ひかり","2070422758941671901"
"2026-06-26","3号店 +e","よる","まこと","2070422758941671901"
"2026-06-26","3号店 +e","よる","みぞれ","2070422758941671901"
"2026-06-26","3号店 +e","よる","るるか","2070422758941671901"
"2026-06-26","4号店 A.D.2045","ひる","うる","2070343106977992965"
"2026-06-26","4号店 A.D.2045","ひる","すくい","2070343106977992965"
"2026-06-26","4号店 A.D.2045","ひる","みりあ","2070343106977992965"
"2026-06-27","1号店 アキバ絶対領域","ひる","うな","2070704209184645243"
"2026-06-27","1号店 アキバ絶対領域","ひる","うる","2070704209184645243"
"2026-06-27","1号店 アキバ絶対領域","ひる","えみ","2070704209184645243"
"2026-06-27","1号店 アキバ絶対領域","ひる","こん","2070704209184645243"
"2026-06-27","1号店 アキバ絶対領域","ひる","すくい","2070704209184645243"
"2026-06-27","1号店 アキバ絶対領域","ひる","ひかり","2070704209184645243"
"2026-06-27","1号店 アキバ絶対領域","よる","あめる","2070816659791921395"
"2026-06-27","1号店 アキバ絶対領域","よる","かなた","2070816659791921395"
"2026-06-27","1号店 アキバ絶対領域","よる","ちゆ","2070816659791921395"
"2026-06-27","1号店 アキバ絶対領域","よる","ぴあの","2070816659791921395"
"2026-06-27","1号店 アキバ絶対領域","よる","ひかり","2070816659791921395"
"2026-06-27","1号店 アキバ絶対領域","よる","みりん","2070816659791921395"
"2026-06-27","2号店 A.D.1912","ひる","かなた","2070704980038946998"
"2026-06-27","2号店 A.D.1912","ひる","こい","2070704980038946998"
"2026-06-27","2号店 A.D.1912","ひる","こえび","2070704980038946998"
"2026-06-27","2号店 A.D.1912","ひる","ちさと","2070704980038946998"
"2026-06-27","2号店 A.D.1912","ひる","ちょこ","2070704980038946998"
"2026-06-27","2号店 A.D.1912","ひる","にゃな","2070704980038946998"
"2026-06-27","2号店 A.D.1912","ひる","みりん","2070704980038946998"
"2026-06-28","1号店 アキバ絶対領域","ひる","こい","2071067287545864537"
"2026-06-28","1号店 アキバ絶対領域","ひる","こん","2071067287545864537"
"2026-06-28","1号店 アキバ絶対領域","ひる","のの","2071067287545864537"
"2026-06-28","1号店 アキバ絶対領域","ひる","ひかり","2071067287545864537"
"2026-06-28","1号店 アキバ絶対領域","ひる","もち","2071067287545864537"
"2026-06-28","1号店 アキバ絶対領域","ひる","もなか","2071067287545864537"
"2026-06-28","1号店 アキバ絶対領域","よる","あむ","2071179620523954354"
"2026-06-28","1号店 アキバ絶対領域","よる","いと","2071179620523954354"
"2026-06-28","1号店 アキバ絶対領域","よる","ちゆ","2071179620523954354"
"2026-06-28","1号店 アキバ絶対領域","よる","ぴあの","2071179620523954354"
"2026-06-28","1号店 アキバ絶対領域","よる","ひなり","2071179620523954354"
"2026-06-28","1号店 アキバ絶対領域","よる","まこと","2071179620523954354"
"2026-06-28","1号店 アキバ絶対領域","よる","るるか","2071179620523954354"
"2026-06-28","4号店 A.D.2045","ひる","かなた","2071068071968817326"
"2026-06-28","4号店 A.D.2045","ひる","ちぇる","2071068071968817326"
"2026-06-28","4号店 A.D.2045","ひる","ひなり","2071068071968817326"
"2026-06-28","4号店 A.D.2045","ひる","まこと","2071068071968817326"
"2026-06-28","4号店 A.D.2045","ひる","るるか","2071068071968817326"
"2026-06-29","1号店 アキバ絶対領域","ひる","うな","2071429210628055434"
"2026-06-29","1号店 アキバ絶対領域","ひる","こい","2071429210628055434"
"2026-06-29","1号店 アキバ絶対領域","ひる","はぴる","2071429210628055434"
"2026-06-29","1号店 アキバ絶対領域","ひる","みりあ","2071429210628055434"
"2026-06-29","1号店 アキバ絶対領域","ひる","みりん","2071429210628055434"
"2026-06-29","1号店 アキバ絶対領域","ひる","もなか","2071429210628055434"
"2026-06-29","1号店 アキバ絶対領域","よる","ちゆ","2071517340727234645"
"2026-06-29","1号店 アキバ絶対領域","よる","ときり","2071517340727234645"
"2026-06-29","1号店 アキバ絶対領域","よる","ひなり","2071517340727234645"
"2026-06-29","1号店 アキバ絶対領域","よる","みりあ","2071517340727234645"
"2026-06-29","1号店 アキバ絶対領域","よる","わたげ","2071517340727234645"
"2026-06-29","3号店 +e","よる","こえび","2071516330126352770"
"2026-06-29","3号店 +e","よる","はぴる","2071516330126352770"
"2026-06-29","3号店 +e","よる","ぴあの","2071516330126352770"
"2026-06-29","3号店 +e","よる","みりん","2071516330126352770"
"2026-06-29","3号店 +e","よる","もなか","2071516330126352770"
"2026-06-29","3号店 +e","よる","るるか","2071516330126352770"
"2026-06-30","1号店 アキバ絶対領域","ひる","うる","2071791106875150710"
"2026-06-30","1号店 アキバ絶対領域","ひる","えみ","2071791106875150710"
"2026-06-30","1号店 アキバ絶対領域","ひる","すくい","2071791106875150710"
"2026-06-30","1号店 アキバ絶対領域","ひる","ちさと","2071791106875150710"
"2026-06-30","1号店 アキバ絶対領域","ひる","ちま","2071791106875150710"
"2026-06-30","1号店 アキバ絶対領域","ひる","ひかり","2071791106875150710"
"2026-06-30","1号店 アキバ絶対領域","よる","あめる","2071889675565039716"
"2026-06-30","1号店 アキバ絶対領域","よる","ちゆ","2071889675565039716"
"2026-06-30","1号店 アキバ絶対領域","よる","ひなり","2071889675565039716"
"2026-06-30","1号店 アキバ絶対領域","よる","まこと","2071889675565039716"
"2026-06-30","1号店 アキバ絶対領域","よる","もなか","2071889675565039716"
"2026-06-30","2号店 A.D.1912","ひる","あめる","2071793061399761225"
"2026-06-30","2号店 A.D.1912","ひる","える","2071793061399761225"
"2026-06-30","2号店 A.D.1912","ひる","ちゆ","2071793061399761225"
"2026-06-30","2号店 A.D.1912","ひる","まこと","2071793061399761225"
"2026-06-30","2号店 A.D.1912","ひる","みりあ","2071793061399761225"
"2026-06-30","2号店 A.D.1912","よる","あむ","2071872333250449623"
"2026-06-30","2号店 A.D.1912","よる","かなた","2071872333250449623"
"2026-06-30","2号店 A.D.1912","よる","のの","2071872333250449623"
"2026-06-30","2号店 A.D.1912","よる","みりん","2071872333250449623"
"2026-06-30","2号店 A.D.1912","よる","るるか","2071872333250449623"
"2026-06-30","4号店 A.D.2045","よる","うる","2071870756888469524"
"2026-06-30","4号店 A.D.2045","よる","すくい","2071870756888469524"
"2026-06-30","4号店 A.D.2045","よる","ひかり","2071870756888469524"
"2026-06-30","4号店 A.D.2045","よる","みえる","2071870756888469524"
"2026-07-01","1号店 アキバ絶対領域","ひる","あらた","2072153332651876477"
"2026-07-01","1号店 アキバ絶対領域","ひる","しゃち","2072153332651876477"
"2026-07-01","1号店 アキバ絶対領域","ひる","ちゆ","2072153332651876477"
"2026-07-01","1号店 アキバ絶対領域","ひる","みりあ","2072153332651876477"
"2026-07-01","1号店 アキバ絶対領域","ひる","もなか","2072153332651876477"
"2026-07-01","1号店 アキバ絶対領域","よる","うな","2072238370013728797"
"2026-07-01","1号店 アキバ絶対領域","よる","かなた","2072238370013728797"
"2026-07-01","1号店 アキバ絶対領域","よる","ちさと","2072238370013728797"
"2026-07-01","1号店 アキバ絶対領域","よる","ちょこ","2072238370013728797"
"2026-07-01","4号店 A.D.2045","ひる","きらり","2072155513538900265"
"2026-07-01","4号店 A.D.2045","ひる","すくい","2072155513538900265"
"2026-07-01","4号店 A.D.2045","ひる","ちま","2072155513538900265"
"2026-07-01","4号店 A.D.2045","ひる","みりん","2072155513538900265"
"2026-07-01","4号店 A.D.2045","よる","ひかり","2072248164187599135"
"2026-07-01","4号店 A.D.2045","よる","みえる","2072248164187599135"
"2026-07-01","4号店 A.D.2045","よる","みりあ","2072248164187599135"
"2026-07-01","4号店 A.D.2045","よる","ゆめ","2072248164187599135"
"2026-07-02","1号店 アキバ絶対領域","ひる","える","2072520280585707713"
"2026-07-02","1号店 アキバ絶対領域","ひる","しゃち","2072520280585707713"
"2026-07-02","1号店 アキバ絶対領域","ひる","まこと","2072520280585707713"
"2026-07-02","1号店 アキバ絶対領域","ひる","もなか","2072520280585707713"
"2026-07-02","1号店 アキバ絶対領域","よる","にゃな","2072615359434440887"
"2026-07-02","1号店 アキバ絶対領域","よる","ひかり","2072615359434440887"
"2026-07-02","1号店 アキバ絶対領域","よる","もち","2072615359434440887"
"2026-07-02","1号店 アキバ絶対領域","よる","もなか","2072615359434440887"
"2026-07-02","1号店 アキバ絶対領域","よる","るるか","2072615359434440887"
"2026-07-02","3号店 +e","よる","あくび","2072596350093689257"
"2026-07-02","3号店 +e","よる","あむ","2072596350093689257"
"2026-07-02","3号店 +e","よる","いと","2072596350093689257"
"2026-07-02","3号店 +e","よる","ちょこ","2072596350093689257"
"2026-07-02","3号店 +e","よる","まこと","2072596350093689257"
"2026-07-03","1号店 アキバ絶対領域","ひる","あむ","2072879670941667701"
"2026-07-03","1号店 アキバ絶対領域","ひる","あらた","2072879670941667701"
"2026-07-03","1号店 アキバ絶対領域","ひる","うる","2072879670941667701"
"2026-07-03","1号店 アキバ絶対領域","ひる","すくい","2072879670941667701"
"2026-07-03","1号店 アキバ絶対領域","ひる","ちま","2072879670941667701"
"2026-07-03","1号店 アキバ絶対領域","ひる","ゆめ","2072879670941667701"
"2026-07-03","1号店 アキバ絶対領域","よる","うる","2072960610997076097"
"2026-07-03","1号店 アキバ絶対領域","よる","ちゆ","2072960610997076097"
"2026-07-03","1号店 アキバ絶対領域","よる","ひなり","2072960610997076097"
"2026-07-03","1号店 アキバ絶対領域","よる","もち","2072960610997076097"
"2026-07-03","1号店 アキバ絶対領域","よる","るるか","2072960610997076097"
"2026-07-03","2号店 A.D.1912","よる","あむ","2072985193254945248"
"2026-07-03","2号店 A.D.1912","よる","うな","2072985193254945248"
"2026-07-03","2号店 A.D.1912","よる","こい","2072985193254945248"
"2026-07-03","2号店 A.D.1912","よる","すくい","2072985193254945248"
"2026-07-03","2号店 A.D.1912","よる","つくし","2072985193254945248"
"2026-07-03","2号店 A.D.1912","よる","のの","2072985193254945248"
"2026-07-03","2号店 A.D.1912","よる","まこと","2072985193254945248"
"2026-07-03","2号店 A.D.1912","よる","みりん","2072985193254945248"
"2026-07-03","4号店 A.D.2045","ひる","ねむり","2072879850034192470"
"2026-07-03","4号店 A.D.2045","ひる","ひなり","2072879850034192470"
"2026-07-03","4号店 A.D.2045","ひる","みりあ","2072879850034192470"
"2026-07-03","4号店 A.D.2045","ひる","みりん","2072879850034192470"
"2026-07-04","1号店 アキバ絶対領域","ひる","あらた","2073242910708088958"
"2026-07-04","1号店 アキバ絶対領域","ひる","こん","2073242910708088958"
"2026-07-04","1号店 アキバ絶対領域","ひる","すくい","2073242910708088958"
"2026-07-04","1号店 アキバ絶対領域","ひる","ちぇる","2073242910708088958"
"2026-07-04","1号店 アキバ絶対領域","ひる","みえる","2073242910708088958"
"2026-07-04","1号店 アキバ絶対領域","ひる","みりあ","2073242910708088958"
"2026-07-04","1号店 アキバ絶対領域","ひる","みりん","2073242910708088958"
"2026-07-04","1号店 アキバ絶対領域","よる","けだま","2073338754547454289"
"2026-07-04","1号店 アキバ絶対領域","よる","ちゆ","2073338754547454289"
"2026-07-04","1号店 アキバ絶対領域","よる","ぴあの","2073338754547454289"
"2026-07-04","1号店 アキバ絶対領域","よる","ひなり","2073338754547454289"
"2026-07-04","1号店 アキバ絶対領域","よる","まこと","2073338754547454289"
"2026-07-04","1号店 アキバ絶対領域","よる","みえる","2073338754547454289"
"2026-07-04","1号店 アキバ絶対領域","よる","ららこ","2073338754547454289"
"2026-07-04","2号店 A.D.1912","ひる","いと","2073243198244409723"
"2026-07-04","2号店 A.D.1912","ひる","ちま","2073243198244409723"
"2026-07-04","2号店 A.D.1912","ひる","ひかり","2073243198244409723"
"2026-07-04","2号店 A.D.1912","ひる","まこと","2073243198244409723"
"2026-07-04","2号店 A.D.1912","ひる","まひろ","2073243198244409723"
"2026-07-04","2号店 A.D.1912","ひる","ららこ","2073243198244409723"
"2026-07-04","4号店 A.D.2045","よる","こえび","2073320135629439303"
"2026-07-04","4号店 A.D.2045","よる","ときり","2073320135629439303"
"2026-07-04","4号店 A.D.2045","よる","みりあ","2073320135629439303"
"2026-07-04","4号店 A.D.2045","よる","みりん","2073320135629439303"
"2026-07-05","1号店 アキバ絶対領域","ひる","うな","2073604196012810320"
"2026-07-05","1号店 アキバ絶対領域","ひる","えみ","2073604196012810320"
"2026-07-05","1号店 アキバ絶対領域","ひる","こん","2073604196012810320"
"2026-07-05","1号店 アキバ絶対領域","ひる","ちょこ","2073604196012810320"
"2026-07-05","1号店 アキバ絶対領域","ひる","みりあ","2073604196012810320"
"2026-07-05","1号店 アキバ絶対領域","ひる","わたげ","2073604196012810320"
"2026-07-05","1号店 アキバ絶対領域","よる","ちゆ","2073687625366651029"
"2026-07-05","1号店 アキバ絶対領域","よる","ちょこ","2073687625366651029"
"2026-07-05","1号店 アキバ絶対領域","よる","ぴあの","2073687625366651029"
"2026-07-05","1号店 アキバ絶対領域","よる","ひかり","2073687625366651029"
"2026-07-05","1号店 アキバ絶対領域","よる","まこと","2073687625366651029"
"2026-07-05","1号店 アキバ絶対領域","よる","もなか","2073687625366651029"
"2026-07-05","3号店 +e","ひる","あむ","2073606240350228835"
"2026-07-05","3号店 +e","ひる","のの","2073606240350228835"
"2026-07-05","3号店 +e","ひる","まこと","2073606240350228835"
"2026-07-05","3号店 +e","ひる","もなか","2073606240350228835"
"2026-07-05","3号店 +e","ひる","ゆめ","2073606240350228835"
"2026-07-05","3号店 +e","ひる","ららこ","2073606240350228835"
"2026-07-05","3号店 +e","よる","うる","2073707426969481471"
"2026-07-05","3号店 +e","よる","しゃち","2073707426969481471"
"2026-07-05","3号店 +e","よる","にゃな","2073707426969481471"
"2026-07-05","3号店 +e","よる","ひなり","2073707426969481471"
"2026-07-05","3号店 +e","よる","みえる","2073707426969481471"
"2026-07-05","3号店 +e","よる","るるか","2073707426969481471"
"2026-07-05","4号店 A.D.2045","ひる","しゃち","2073606031448666289"
"2026-07-05","4号店 A.D.2045","ひる","すくい","2073606031448666289"
"2026-07-05","4号店 A.D.2045","ひる","ちぇる","2073606031448666289"
"2026-07-05","4号店 A.D.2045","ひる","みりん","2073606031448666289"
"2026-07-06","1号店 アキバ絶対領域","ひる","あむ","2073965661253185602"
"2026-07-06","1号店 アキバ絶対領域","ひる","うる","2073965661253185602"
"2026-07-06","1号店 アキバ絶対領域","ひる","える","2073965661253185602"
"2026-07-06","1号店 アキバ絶対領域","ひる","こん","2073965661253185602"
"2026-07-06","1号店 アキバ絶対領域","ひる","はぴる","2073965661253185602"
"2026-07-06","1号店 アキバ絶対領域","ひる","みりん","2073965661253185602"
"2026-07-06","1号店 アキバ絶対領域","ひる","もなか","2073965661253185602"
"2026-07-06","1号店 アキバ絶対領域","ひる","わたげ","2073965661253185602"
"2026-07-06","1号店 アキバ絶対領域","よる","あくび","2074057693669855739"
"2026-07-06","1号店 アキバ絶対領域","よる","あむ","2074057693669855739"
"2026-07-06","1号店 アキバ絶対領域","よる","きらり","2074057693669855739"
"2026-07-06","1号店 アキバ絶対領域","よる","にゃな","2074057693669855739"
"2026-07-06","4号店 A.D.2045","よる","こえび","2074051084843405334"
"2026-07-06","4号店 A.D.2045","よる","こえび","2074052797130256682"
"2026-07-06","4号店 A.D.2045","よる","はぴる","2074052797130256682"
"2026-07-06","4号店 A.D.2045","よる","はぴる","2074051084843405334"
"2026-07-06","4号店 A.D.2045","よる","ぴあの","2074051084843405334"
"2026-07-06","4号店 A.D.2045","よる","ぴあの","2074052797130256682"
"2026-07-06","4号店 A.D.2045","よる","みりん","2074051084843405334"
"2026-07-06","4号店 A.D.2045","よる","みりん","2074052797130256682"
"2026-07-07","1号店 アキバ絶対領域","ひる","あめる","2074329467745665382"
"2026-07-07","1号店 アキバ絶対領域","ひる","えみ","2074329467745665382"
"2026-07-07","1号店 アキバ絶対領域","ひる","すくい","2074329467745665382"
"2026-07-07","1号店 アキバ絶対領域","ひる","ちさと","2074329467745665382"
"2026-07-07","1号店 アキバ絶対領域","ひる","もなか","2074329467745665382"
"2026-07-07","1号店 アキバ絶対領域","よる","きらり","2074406274184462472"
"2026-07-07","1号店 アキバ絶対領域","よる","しゃち","2074406274184462472"
"2026-07-07","1号店 アキバ絶対領域","よる","ちゆ","2074406274184462472"
"2026-07-07","1号店 アキバ絶対領域","よる","もなか","2074406274184462472"
"2026-07-07","2号店 A.D.1912","ひる","うる","2074328830349914444"
"2026-07-07","2号店 A.D.1912","ひる","しゃち","2074328830349914444"
"2026-07-07","2号店 A.D.1912","ひる","ねむり","2074328830349914444"
"2026-07-07","2号店 A.D.1912","ひる","ひなり","2074328830349914444"
"2026-07-07","2号店 A.D.1912","ひる","みりあ","2074328830349914444"
"2026-07-07","2号店 A.D.1912","よる","あめる","2074433166824325183"
"2026-07-07","2号店 A.D.1912","よる","かなた","2074433166824325183"
"2026-07-07","2号店 A.D.1912","よる","ちま","2074433166824325183"
"2026-07-07","2号店 A.D.1912","よる","まこと","2074433166824325183"
"2026-07-07","2号店 A.D.1912","よる","ららこ","2074433166824325183"
"2026-07-07","4号店 A.D.2045","よる","うる","2074408847054352554"
"2026-07-07","4号店 A.D.2045","よる","みりあ","2074408847054352554"
"2026-07-07","4号店 A.D.2045","よる","るるか","2074408847054352554"
"2026-07-08","1号店 アキバ絶対領域","ひる","うる","2074692346441261147"
"2026-07-08","1号店 アキバ絶対領域","ひる","ちゆ","2074692346441261147"
"2026-07-08","1号店 アキバ絶対領域","ひる","つぼみ","2074692346441261147"
"2026-07-08","1号店 アキバ絶対領域","ひる","はぴる","2074692346441261147"
"2026-07-08","1号店 アキバ絶対領域","ひる","ひかり","2074692346441261147"
"2026-07-08","1号店 アキバ絶対領域","よる","あむ","2074790455699734963"
"2026-07-08","1号店 アキバ絶対領域","よる","うな","2074790455699734963"
"2026-07-08","1号店 アキバ絶対領域","よる","かなた","2074790455699734963"
"2026-07-08","1号店 アキバ絶対領域","よる","けだま","2074790455699734963"
"2026-07-08","1号店 アキバ絶対領域","よる","みりん","2074790455699734963"
"2026-07-08","1号店 アキバ絶対領域","よる","るるか","2074790455699734963"
"2026-07-08","1号店 アキバ絶対領域","よる","わたげ","2074790455699734963"
"2026-07-08","3号店 +e","よる","あくび","2074777807671235037"
"2026-07-08","3号店 +e","よる","うる","2074777807671235037"
"2026-07-08","3号店 +e","よる","ちゆ","2074777807671235037"
"2026-07-08","3号店 +e","よる","はぴる","2074777807671235037"
"2026-07-08","3号店 +e","よる","ぴあの","2074777807671235037"
"2026-07-08","4号店 A.D.2045","ひる","ひなり","2074690069001326969"
"2026-07-08","4号店 A.D.2045","ひる","みりあ","2074690069001326969"
"2026-07-08","4号店 A.D.2045","ひる","みりん","2074690069001326969"
"2026-07-09","1号店 アキバ絶対領域","ひる","きらり","2075053804895301864"
"2026-07-09","1号店 アキバ絶対領域","ひる","ちゆ","2075053804895301864"
"2026-07-09","1号店 アキバ絶対領域","ひる","ひかり","2075053804895301864"
"2026-07-09","1号店 アキバ絶対領域","ひる","まこと","2075053804895301864"
"2026-07-09","1号店 アキバ絶対領域","ひる","ゆめ","2075053804895301864"
"2026-07-09","1号店 アキバ絶対領域","ひる","るるか","2075053804895301864"
"2026-07-09","1号店 アキバ絶対領域","よる","あむ","2075147236452061237"
"2026-07-09","1号店 アキバ絶対領域","よる","えみ","2075147236452061237"
"2026-07-09","1号店 アキバ絶対領域","よる","ちぇる","2075147236452061237"
"2026-07-09","1号店 アキバ絶対領域","よる","ちさと","2075147236452061237"
"2026-07-09","1号店 アキバ絶対領域","よる","みりん","2075147236452061237"
"2026-07-09","1号店 アキバ絶対領域","よる","もち","2075147236452061237"
"2026-07-09","2号店 A.D.1912","よる","いと","2075137777663090710"
"2026-07-09","2号店 A.D.1912","よる","いろは","2075137777663090710"
"2026-07-09","2号店 A.D.1912","よる","こん","2075137777663090710"
"2026-07-09","2号店 A.D.1912","よる","にゃな","2075137777663090710"
"2026-07-09","2号店 A.D.1912","よる","ひなり","2075137777663090710"
"2026-07-09","2号店 A.D.1912","よる","まこと","2075137777663090710"
"2026-07-09","4号店 A.D.2045","ひる","あむ","2075056583755919834"
"2026-07-09","4号店 A.D.2045","ひる","うる","2075056583755919834"
"2026-07-09","4号店 A.D.2045","ひる","こい","2075056583755919834"
"2026-07-09","4号店 A.D.2045","ひる","みりあ","2075056583755919834"
"2026-07-09","4号店 A.D.2045","ひる","もなか","2075056583755919834"
"2026-07-10","1号店 アキバ絶対領域","ひる","ねむり","2075418594561950194"
"2026-07-10","1号店 アキバ絶対領域","ひる","まこと","2075418594561950194"
"2026-07-10","1号店 アキバ絶対領域","ひる","まひろ","2075418594561950194"
"2026-07-10","1号店 アキバ絶対領域","ひる","もなか","2075418594561950194"
"2026-07-10","1号店 アキバ絶対領域","ひる","るるか","2075418594561950194"
"2026-07-10","1号店 アキバ絶対領域","よる","あむ","2075508129828421832"
"2026-07-10","1号店 アキバ絶対領域","よる","うな","2075508129828421832"
"2026-07-10","1号店 アキバ絶対領域","よる","ちゆ","2075508129828421832"
"2026-07-10","1号店 アキバ絶対領域","よる","つぼみ","2075508129828421832"
"2026-07-10","1号店 アキバ絶対領域","よる","ときり","2075508129828421832"
"2026-07-10","3号店 +e","ひる","あむ","2075417142808432729"
"2026-07-10","3号店 +e","ひる","あらた","2075417142808432729"
"2026-07-10","3号店 +e","ひる","こい","2075417142808432729"
"2026-07-10","3号店 +e","ひる","ちま","2075417142808432729"
"2026-07-10","3号店 +e","ひる","ゆめ","2075417142808432729"
"2026-07-10","4号店 A.D.2045","よる","ちさと","2075495136398901578"
"2026-07-10","4号店 A.D.2045","よる","にゃな","2075495136398901578"
"2026-07-10","4号店 A.D.2045","よる","まこと","2075495136398901578"
"2026-07-10","4号店 A.D.2045","よる","るるか","2075495136398901578"
"2026-07-11","1号店 アキバ絶対領域","ひる","あらた","2075778924634853579"
"2026-07-11","1号店 アキバ絶対領域","ひる","うな","2075778924634853579"
"2026-07-11","1号店 アキバ絶対領域","ひる","うる","2075778924634853579"
"2026-07-11","1号店 アキバ絶対領域","ひる","きらり","2075778924634853579"
"2026-07-11","1号店 アキバ絶対領域","ひる","こん","2075778924634853579"
"2026-07-11","1号店 アキバ絶対領域","ひる","ひかり","2075778924634853579"
"2026-07-11","1号店 アキバ絶対領域","ひる","もなか","2075778924634853579"
"2026-07-11","1号店 アキバ絶対領域","ひる","ゆめ","2075778924634853579"
"2026-07-11","1号店 アキバ絶対領域","よる","あめる","2075870818299728130"
"2026-07-11","1号店 アキバ絶対領域","よる","ちま","2075870818299728130"
"2026-07-11","1号店 アキバ絶対領域","よる","にゃな","2075870818299728130"
"2026-07-11","1号店 アキバ絶対領域","よる","みりん","2075870818299728130"
"2026-07-11","1号店 アキバ絶対領域","よる","もなか","2075870818299728130"
"2026-07-11","1号店 アキバ絶対領域","よる","ららこ","2075870818299728130"
"2026-07-11","2号店 A.D.1912","ひる","えみ","2075779139748171875"
"2026-07-11","2号店 A.D.1912","ひる","こえび","2075779139748171875"
"2026-07-11","2号店 A.D.1912","ひる","ひなり","2075779139748171875"
"2026-07-11","2号店 A.D.1912","ひる","みりん","2075779139748171875"
"2026-07-11","2号店 A.D.1912","ひる","もち","2075779139748171875"
"2026-07-11","2号店 A.D.1912","ひる","ららこ","2075779139748171875"
"2026-07-11","2号店 A.D.1912","よる","いろは","2075863358251958574"
"2026-07-11","2号店 A.D.1912","よる","うる","2075863358251958574"
"2026-07-11","2号店 A.D.1912","よる","かなた","2075863358251958574"
"2026-07-11","2号店 A.D.1912","よる","すくい","2075863358251958574"
"2026-07-11","2号店 A.D.1912","よる","ちょこ","2075863358251958574"
"2026-07-11","2号店 A.D.1912","よる","ときり","2075863358251958574"
"2026-07-12","1号店 アキバ絶対領域","ひる","こえび","2076142524234858531"
"2026-07-12","1号店 アキバ絶対領域","ひる","ちぇる","2076142524234858531"
"2026-07-12","1号店 アキバ絶対領域","ひる","ちさと","2076142524234858531"
"2026-07-12","1号店 アキバ絶対領域","ひる","つぼみ","2076142524234858531"
"2026-07-12","1号店 アキバ絶対領域","ひる","まこと","2076142524234858531"
"2026-07-12","1号店 アキバ絶対領域","ひる","みりあ","2076142524234858531"
"2026-07-12","1号店 アキバ絶対領域","よる","いと","2076234533389930805"
"2026-07-12","1号店 アキバ絶対領域","よる","うる","2076234533389930805"
"2026-07-12","1号店 アキバ絶対領域","よる","ちさと","2076234533389930805"
"2026-07-12","1号店 アキバ絶対領域","よる","ちゆ","2076234533389930805"
"2026-07-12","1号店 アキバ絶対領域","よる","みりあ","2076234533389930805"
"2026-07-12","1号店 アキバ絶対領域","よる","ららこ","2076234533389930805"
"2026-07-12","3号店 +e","ひる","あむ","2076141277696172434"
"2026-07-12","3号店 +e","ひる","いろは","2076141277696172434"
"2026-07-12","3号店 +e","ひる","うる","2076141277696172434"
"2026-07-12","3号店 +e","ひる","ねむり","2076141277696172434"
"2026-07-12","3号店 +e","ひる","ぴあの","2076141277696172434"
"2026-07-12","3号店 +e","ひる","ひなり","2076141277696172434"
"2026-07-12","3号店 +e","よる","あむ","2076236837484630488"
"2026-07-12","3号店 +e","よる","かなた","2076236837484630488"
"2026-07-12","3号店 +e","よる","ちょこ","2076236837484630488"
"2026-07-12","3号店 +e","よる","にゃな","2076236837484630488"
"2026-07-12","3号店 +e","よる","ひなり","2076236837484630488"
"2026-07-12","3号店 +e","よる","みりん","2076236837484630488"
"2026-07-13","1号店 アキバ絶対領域","ひる","あめる","2076509895407677631"
"2026-07-13","1号店 アキバ絶対領域","ひる","えみ","2076509895407677631"
"2026-07-13","1号店 アキバ絶対領域","ひる","けだま","2076509895407677631"
"2026-07-13","1号店 アキバ絶対領域","ひる","こい","2076509895407677631"
"2026-07-13","1号店 アキバ絶対領域","ひる","ちぇる","2076509895407677631"
"2026-07-13","1号店 アキバ絶対領域","ひる","はぴる","2076509895407677631"
"2026-07-13","1号店 アキバ絶対領域","よる","あくび","2076587252973793605"
"2026-07-13","1号店 アキバ絶対領域","よる","あめる","2076587252973793605"
"2026-07-13","1号店 アキバ絶対領域","よる","しゃち","2076587252973793605"
"2026-07-13","1号店 アキバ絶対領域","よる","ちま","2076587252973793605"
"2026-07-13","1号店 アキバ絶対領域","よる","ぴあの","2076587252973793605"
"2026-07-13","1号店 アキバ絶対領域","よる","まこと","2076587252973793605"
"2026-07-13","4号店 A.D.2045","ひる","あむ","2076502150268764531"
"2026-07-13","4号店 A.D.2045","ひる","まこと","2076502150268764531"
"2026-07-13","4号店 A.D.2045","ひる","もなか","2076502150268764531"
"2026-07-13","4号店 A.D.2045","ひる","わたげ","2076502150268764531"
"2026-07-13","4号店 A.D.2045","よる","ときり","2076594811524833533"
"2026-07-13","4号店 A.D.2045","よる","はぴる","2076594811524833533"
"2026-07-13","4号店 A.D.2045","よる","みりん","2076594811524833533"
"2026-07-13","4号店 A.D.2045","よる","るるか","2076594811524833533"
"2026-07-14","1号店 アキバ絶対領域","ひる","うる","2076957656326320457"
"2026-07-14","1号店 アキバ絶対領域","ひる","うる","2076958267671187962"
"2026-07-14","1号店 アキバ絶対領域","ひる","える","2076957730305355880"
"2026-07-14","1号店 アキバ絶対領域","ひる","える","2076958267671187962"
"2026-07-14","1号店 アキバ絶対領域","ひる","える","2076957656326320457"
"2026-07-14","1号店 アキバ絶対領域","ひる","けだま","2076869360959049824"
"2026-07-14","1号店 アキバ絶対領域","ひる","ちさと","2076869360959049824"
"2026-07-14","1号店 アキバ絶対領域","ひる","ちゆ","2076957730305355880"
"2026-07-14","1号店 アキバ絶対領域","ひる","ちゆ","2076957656326320457"
"2026-07-14","1号店 アキバ絶対領域","ひる","ちゆ","2076958267671187962"
"2026-07-14","1号店 アキバ絶対領域","ひる","ちゆ","2076869360959049824"
"2026-07-14","1号店 アキバ絶対領域","ひる","ひかり","2076869360959049824"
"2026-07-14","1号店 アキバ絶対領域","ひる","みらい","2076958267671187962"
"2026-07-14","1号店 アキバ絶対領域","ひる","みらい","2076957656326320457"
"2026-07-14","1号店 アキバ絶対領域","ひる","みらい","2076957730305355880"
"2026-07-14","1号店 アキバ絶対領域","ひる","みりあ","2076958267671187962"
"2026-07-14","1号店 アキバ絶対領域","ひる","みりあ","2076957730305355880"
"2026-07-14","1号店 アキバ絶対領域","ひる","みりあ","2076957656326320457"
"2026-07-14","1号店 アキバ絶対領域","ひる","るるか","2076958267671187962"
"2026-07-14","1号店 アキバ絶対領域","ひる","るるか","2076957730305355880"
"2026-07-14","1号店 アキバ絶対領域","ひる","るるか","2076957656326320457"
"2026-07-14","1号店 アキバ絶対領域","よる","うる","2076958323367366696"
"2026-07-14","1号店 アキバ絶対領域","よる","える","2076958323367366696"
"2026-07-14","1号店 アキバ絶対領域","よる","ちゆ","2076958323367366696"
"2026-07-14","1号店 アキバ絶対領域","よる","みらい","2076958323367366696"
"2026-07-14","1号店 アキバ絶対領域","よる","みりあ","2076958323367366696"
"2026-07-14","1号店 アキバ絶対領域","よる","るるか","2076958323367366696"
"2026-07-14","2号店 A.D.1912","ひる","いろは","2076869177869275550"
"2026-07-14","2号店 A.D.1912","ひる","うる","2076869177869275550"
"2026-07-14","2号店 A.D.1912","ひる","かなた","2076869177869275550"
"2026-07-14","2号店 A.D.1912","ひる","のの","2076869177869275550"
"2026-07-14","2号店 A.D.1912","ひる","みりあ","2076869177869275550"
"2026-07-14","2号店 A.D.1912","よる","あむ","2076949287234351437"
"2026-07-14","2号店 A.D.1912","よる","かなた","2076949287234351437"
"2026-07-14","2号店 A.D.1912","よる","ひなり","2076949287234351437"
"2026-07-14","2号店 A.D.1912","よる","まこと","2076949287234351437"
"2026-07-14","2号店 A.D.1912","よる","ゆめ","2076949287234351437"
"2026-07-14","2号店 A.D.1912","よる","ららこ","2076949287234351437"
"2026-07-15","1号店 アキバ絶対領域","ひる","あめる","2077228105769582993"
"2026-07-15","1号店 アキバ絶対領域","ひる","けだま","2077228105769582993"
"2026-07-15","1号店 アキバ絶対領域","ひる","すくい","2077228105769582993"
"2026-07-15","1号店 アキバ絶対領域","ひる","つぼみ","2077228105769582993"
"2026-07-15","1号店 アキバ絶対領域","ひる","みらい","2077228105769582993"
"2026-07-15","1号店 アキバ絶対領域","ひる","もなか","2077228105769582993"
"2026-07-15","1号店 アキバ絶対領域","よる","あむ","2077325306772566336"
"2026-07-15","1号店 アキバ絶対領域","よる","うな","2077325306772566336"
"2026-07-15","1号店 アキバ絶対領域","よる","しゃち","2077325306772566336"
"2026-07-15","1号店 アキバ絶対領域","よる","まひろ","2077325306772566336"
"2026-07-15","1号店 アキバ絶対領域","よる","みりん","2077325306772566336"
"2026-07-15","1号店 アキバ絶対領域","よる","わたげ","2077325306772566336"
"2026-07-15","3号店 +e","ひる","あらた","2077227328133075239"
"2026-07-15","3号店 +e","ひる","えみ","2077227328133075239"
"2026-07-15","3号店 +e","ひる","しゃち","2077227328133075239"
"2026-07-15","3号店 +e","ひる","ちま","2077227328133075239"
"2026-07-15","3号店 +e","ひる","はぴる","2077227328133075239"
"2026-07-15","3号店 +e","ひる","ゆめ","2077227328133075239"
"2026-07-15","4号店 A.D.2045","ひる","える","2077227741343355206"
"2026-07-15","4号店 A.D.2045","ひる","みえる","2077227741343355206"
"2026-07-15","4号店 A.D.2045","ひる","みりあ","2077227741343355206"
"2026-07-15","4号店 A.D.2045","ひる","みりん","2077227741343355206"
"2026-07-15","4号店 A.D.2045","よる","すくい","2077325108864287230"
"2026-07-15","4号店 A.D.2045","よる","はぴる","2077325108864287230"
"2026-07-15","4号店 A.D.2045","よる","ぴあの","2077325108864287230"
"2026-07-15","4号店 A.D.2045","よる","まこと","2077325108864287230"
"2026-07-16","1号店 アキバ絶対領域","ひる","あらた","2077589101960987076"
"2026-07-16","1号店 アキバ絶対領域","ひる","いと","2077589101960987076"
"2026-07-16","1号店 アキバ絶対領域","ひる","こい","2077589101960987076"
"2026-07-16","1号店 アキバ絶対領域","ひる","ちょこ","2077589101960987076"
"2026-07-16","1号店 アキバ絶対領域","ひる","みりあ","2077589101960987076"
"2026-07-16","1号店 アキバ絶対領域","ひる","もなか","2077589101960987076"
"2026-07-16","1号店 アキバ絶対領域","よる","あらた","2077685885097873493"
"2026-07-16","1号店 アキバ絶対領域","よる","ちぇる","2077685885097873493"
"2026-07-16","1号店 アキバ絶対領域","よる","ちさと","2077685885097873493"
"2026-07-16","1号店 アキバ絶対領域","よる","にゃな","2077685885097873493"
"2026-07-16","1号店 アキバ絶対領域","よる","みりあ","2077685885097873493"
"2026-07-16","1号店 アキバ絶対領域","よる","るるか","2077685885097873493"
"2026-07-16","1号店 アキバ絶対領域","よる","わたげ","2077685885097873493"
"2026-07-16","4号店 A.D.2045","よる","ひかり","2077665497085341734"
"2026-07-16","4号店 A.D.2045","よる","みえる","2077665497085341734"
"2026-07-16","4号店 A.D.2045","よる","みりん","2077665497085341734"
"2026-07-16","4号店 A.D.2045","よる","ゆめ","2077665497085341734"
"2026-07-17","1号店 アキバ絶対領域","ひる","こい","2077953886573437238"
"2026-07-17","1号店 アキバ絶対領域","ひる","すくい","2077953886573437238"
"2026-07-17","1号店 アキバ絶対領域","ひる","ちゆ","2077953886573437238"
"2026-07-17","1号店 アキバ絶対領域","ひる","のあ","2077953886573437238"
"2026-07-17","1号店 アキバ絶対領域","ひる","ひかり","2077953886573437238"
"2026-07-17","1号店 アキバ絶対領域","ひる","みりん","2077953886573437238"
"2026-07-17","1号店 アキバ絶対領域","よる","あむ","2078042178639823074"
"2026-07-17","1号店 アキバ絶対領域","よる","あめる","2078042178639823074"
"2026-07-17","1号店 アキバ絶対領域","よる","うな","2078042178639823074"
"2026-07-17","1号店 アキバ絶対領域","よる","うる","2078042178639823074"
"2026-07-17","1号店 アキバ絶対領域","よる","ときり","2078042178639823074"
"2026-07-17","1号店 アキバ絶対領域","よる","ららこ","2078042178639823074"
"2026-07-17","1号店 アキバ絶対領域","よる","ろぜった","2078042178639823074"
"2026-07-17","2号店 A.D.1912","よる","あくび","2078032149098426647"
"2026-07-17","2号店 A.D.1912","よる","ちょこ","2078032149098426647"
"2026-07-17","2号店 A.D.1912","よる","のの","2078032149098426647"
"2026-07-17","2号店 A.D.1912","よる","ひかり","2078032149098426647"
"2026-07-17","2号店 A.D.1912","よる","まこと","2078032149098426647"
"2026-07-17","2号店 A.D.1912","よる","もち","2078032149098426647"
"2026-07-17","4号店 A.D.2045","よる","すくい","2078033769911685208"
"2026-07-17","4号店 A.D.2045","よる","にゃな","2078033769911685208"
"2026-07-17","4号店 A.D.2045","よる","ねむり","2078033769911685208"
"2026-07-17","4号店 A.D.2045","よる","みりん","2078033769911685208"
"2026-07-18","1号店 アキバ絶対領域","ひる","あめる","2078317396746744302"
"2026-07-18","1号店 アキバ絶対領域","ひる","うな","2078317396746744302"
"2026-07-18","1号店 アキバ絶対領域","ひる","こい","2078317396746744302"
"2026-07-18","1号店 アキバ絶対領域","ひる","しゃち","2078317396746744302"
"2026-07-18","1号店 アキバ絶対領域","ひる","ちさと","2078317396746744302"
"2026-07-18","1号店 アキバ絶対領域","ひる","まこと","2078317396746744302"
"2026-07-18","1号店 アキバ絶対領域","ひる","わたげ","2078317396746744302"
"2026-07-18","1号店 アキバ絶対領域","よる","うる","2078421781975892320"
"2026-07-18","1号店 アキバ絶対領域","よる","ちま","2078421781975892320"
"2026-07-18","1号店 アキバ絶対領域","よる","ちゆ","2078421781975892320"
"2026-07-18","1号店 アキバ絶対領域","よる","はぴる","2078421781975892320"
"2026-07-18","1号店 アキバ絶対領域","よる","ひかり","2078421781975892320"
"2026-07-18","1号店 アキバ絶対領域","よる","ろぜった","2078421781975892320"
"2026-07-18","2号店 A.D.1912","ひる","うる","2078317875065229431"
"2026-07-18","2号店 A.D.1912","ひる","かなた","2078317875065229431"
"2026-07-18","2号店 A.D.1912","ひる","ときり","2078317875065229431"
"2026-07-18","2号店 A.D.1912","ひる","のの","2078317875065229431"
"2026-07-18","2号店 A.D.1912","ひる","みりあ","2078317875065229431"
"2026-07-18","2号店 A.D.1912","ひる","るるか","2078317875065229431"
"2026-07-18","2号店 A.D.1912","よる","あむ","2078411948220440944"
"2026-07-18","2号店 A.D.1912","よる","いと","2078411948220440944"
"2026-07-18","2号店 A.D.1912","よる","うる","2078317825253675319"
"2026-07-18","2号店 A.D.1912","よる","かなた","2078317825253675319"
"2026-07-18","2号店 A.D.1912","よる","しゃち","2078411948220440944"
"2026-07-18","2号店 A.D.1912","よる","ちさと","2078411948220440944"
"2026-07-18","2号店 A.D.1912","よる","ときり","2078317825253675319"
"2026-07-18","2号店 A.D.1912","よる","のの","2078317825253675319"
"2026-07-18","2号店 A.D.1912","よる","まこと","2078411948220440944"
"2026-07-18","2号店 A.D.1912","よる","まひろ","2078411948220440944"
"2026-07-18","2号店 A.D.1912","よる","みりあ","2078317825253675319"
"2026-07-18","2号店 A.D.1912","よる","るるか","2078411948220440944"
"2026-07-18","2号店 A.D.1912","よる","るるか","2078317825253675319"
"2026-07-18","3号店 +e","ひる","あむ","2078318040555680040"
"2026-07-18","3号店 +e","ひる","あらた","2078318040555680040"
"2026-07-18","3号店 +e","ひる","きらり","2078318040555680040"
"2026-07-18","3号店 +e","ひる","ちま","2078318040555680040"
"2026-07-18","3号店 +e","ひる","にゃな","2078318040555680040"
"2026-07-18","3号店 +e","ひる","はぴる","2078318040555680040"
"2026-07-19","1号店 アキバ絶対領域","ひる","あむ","2078702115426549764"
"2026-07-19","1号店 アキバ絶対領域","ひる","いと","2078702115426549764"
"2026-07-19","1号店 アキバ絶対領域","ひる","うる","2078770009451712656"
"2026-07-19","1号店 アキバ絶対領域","ひる","けだま","2078702115426549764"
"2026-07-19","1号店 アキバ絶対領域","ひる","しゃち","2078702115426549764"
"2026-07-19","1号店 アキバ絶対領域","ひる","ちさと","2078770009451712656"
"2026-07-19","1号店 アキバ絶対領域","ひる","ちま","2078702115426549764"
"2026-07-19","1号店 アキバ絶対領域","ひる","ちょこ","2078770009451712656"
"2026-07-19","1号店 アキバ絶対領域","ひる","のあ","2078770009451712656"
"2026-07-19","1号店 アキバ絶対領域","ひる","まこと","2078702115426549764"
"2026-07-19","1号店 アキバ絶対領域","ひる","みりあ","2078770009451712656"
"2026-07-19","1号店 アキバ絶対領域","ひる","もなか","2078702115426549764"
"2026-07-19","1号店 アキバ絶対領域","ひる","るるか","2078770009451712656"
"2026-07-19","1号店 アキバ絶対領域","よる","うる","2078770055492558943"
"2026-07-19","1号店 アキバ絶対領域","よる","ちさと","2078770055492558943"
"2026-07-19","1号店 アキバ絶対領域","よる","ちょこ","2078770055492558943"
"2026-07-19","1号店 アキバ絶対領域","よる","のあ","2078770055492558943"
"2026-07-19","1号店 アキバ絶対領域","よる","みりあ","2078770055492558943"
"2026-07-19","1号店 アキバ絶対領域","よる","るるか","2078770055492558943"
"2026-07-19","2号店 A.D.1912","よる","かなた","2078769705561792587"
"2026-07-19","2号店 A.D.1912","よる","はぴる","2078769705561792587"
"2026-07-19","2号店 A.D.1912","よる","ぴあの","2078769705561792587"
"2026-07-19","2号店 A.D.1912","よる","まこと","2078769705561792587"
"2026-07-19","2号店 A.D.1912","よる","まひろ","2078769705561792587"
"2026-07-19","2号店 A.D.1912","よる","もなか","2078769705561792587"
"2026-07-19","2号店 A.D.1912","よる","ららこ","2078769705561792587"
"2026-07-19","4号店 A.D.2045","ひる","うる","2078677759468187823"
"2026-07-19","4号店 A.D.2045","ひる","こえび","2078677759468187823"
"2026-07-19","4号店 A.D.2045","ひる","ねむり","2078677759468187823"
"2026-07-19","4号店 A.D.2045","ひる","みりあ","2078677759468187823"
"2026-07-19","4号店 A.D.2045","ひる","もち","2078677759468187823"
"2026-07-20","1号店 アキバ絶対領域","ひる","うる","2079038625367650600"
"2026-07-20","1号店 アキバ絶対領域","ひる","えみ","2079038625367650600"
"2026-07-20","1号店 アキバ絶対領域","ひる","つぼみ","2079038625367650600"
"2026-07-20","1号店 アキバ絶対領域","ひる","ひかり","2079038625367650600"
"2026-07-20","1号店 アキバ絶対領域","ひる","もなか","2079038625367650600"
"2026-07-20","1号店 アキバ絶対領域","ひる","ららこ","2079038625367650600"
"2026-07-20","1号店 アキバ絶対領域","ひる","ろぜった","2079038625367650600"
"2026-07-20","1号店 アキバ絶対領域","よる","あむ","2079139285383712902"
"2026-07-20","1号店 アキバ絶対領域","よる","ちゆ","2079139285383712902"
"2026-07-20","1号店 アキバ絶対領域","よる","ちょこ","2079139285383712902"
"2026-07-20","1号店 アキバ絶対領域","よる","にゃな","2079139285383712902"
"2026-07-20","1号店 アキバ絶対領域","よる","はぴる","2079139285383712902"
"2026-07-20","1号店 アキバ絶対領域","よる","みりん","2079139285383712902"
"2026-07-20","3号店 +e","ひる","あむ","2079040612423368992"
"2026-07-20","3号店 +e","ひる","うな","2079040612423368992"
"2026-07-20","3号店 +e","ひる","ちぇる","2079040612423368992"
"2026-07-20","3号店 +e","ひる","ちま","2079040612423368992"
"2026-07-20","3号店 +e","ひる","はぴる","2079040612423368992"
"2026-07-20","3号店 +e","ひる","まこと","2079040612423368992"
"2026-07-20","4号店 A.D.2045","ひる","こえび","2079040876463140879"
"2026-07-20","4号店 A.D.2045","ひる","こん","2079040876463140879"
"2026-07-20","4号店 A.D.2045","ひる","みりあ","2079040876463140879"
"2026-07-20","4号店 A.D.2045","ひる","みりん","2079040876463140879"
"2026-07-21","1号店 アキバ絶対領域","ひる","あらた","2079401635215028662"
"2026-07-21","1号店 アキバ絶対領域","ひる","かなた","2079401635215028662"
"2026-07-21","1号店 アキバ絶対領域","ひる","しゃち","2079401635215028662"
"2026-07-21","1号店 アキバ絶対領域","ひる","みらい","2079401635215028662"
"2026-07-21","1号店 アキバ絶対領域","ひる","もなか","2079401635215028662"
"2026-07-21","1号店 アキバ絶対領域","ひる","るるか","2079401635215028662"
"2026-07-21","1号店 アキバ絶対領域","よる","きらり","2079513636750660034"
"2026-07-21","1号店 アキバ絶対領域","よる","ちゆ","2079513636750660034"
"2026-07-21","1号店 アキバ絶対領域","よる","ひかり","2079513636750660034"
"2026-07-21","1号店 アキバ絶対領域","よる","まこと","2079513636750660034"
"2026-07-21","1号店 アキバ絶対領域","よる","みえる","2079513636750660034"
"2026-07-21","1号店 アキバ絶対領域","よる","ろぜった","2079513636750660034"
"2026-07-21","4号店 A.D.2045","ひる","けだま","2079408680358035879"
"2026-07-21","4号店 A.D.2045","ひる","すくい","2079408680358035879"
"2026-07-21","4号店 A.D.2045","ひる","ねむり","2079408680358035879"
"2026-07-21","4号店 A.D.2045","ひる","まこと","2079408680358035879"
"2026-07-21","4号店 A.D.2045","ひる","もち","2079408680358035879"
"2026-07-21","4号店 A.D.2045","ひる","ららこ","2079408680358035879"
"2026-07-22","1号店 アキバ絶対領域","ひる","あらた","2079764179318383007"
"2026-07-22","1号店 アキバ絶対領域","ひる","うる","2079764179318383007"
"2026-07-22","1号店 アキバ絶対領域","ひる","えみ","2079764179318383007"
"2026-07-22","1号店 アキバ絶対領域","ひる","ちま","2079764179318383007"
"2026-07-22","1号店 アキバ絶対領域","ひる","ちゆ","2079764179318383007"
"2026-07-22","1号店 アキバ絶対領域","ひる","ひなり","2079764179318383007"
"2026-07-22","1号店 アキバ絶対領域","ひる","みらい","2079764179318383007"
"2026-07-22","1号店 アキバ絶対領域","よる","あむ","2079865742221304312"
"2026-07-22","1号店 アキバ絶対領域","よる","こん","2079865742221304312"
"2026-07-22","1号店 アキバ絶対領域","よる","ちさと","2079865742221304312"
"2026-07-22","1号店 アキバ絶対領域","よる","ちゆ","2079865742221304312"
"2026-07-22","1号店 アキバ絶対領域","よる","みりん","2079865742221304312"
"2026-07-22","1号店 アキバ絶対領域","よる","ろぜった","2079865742221304312"
"2026-07-22","2号店 A.D.1912","よる","うな","2079851730486100439"
"2026-07-22","2号店 A.D.1912","よる","うる","2079851730486100439"
"2026-07-22","2号店 A.D.1912","よる","かなた","2079851730486100439"
"2026-07-22","2号店 A.D.1912","よる","ちょこ","2079851730486100439"
"2026-07-22","2号店 A.D.1912","よる","まひろ","2079851730486100439"
"2026-07-22","2号店 A.D.1912","よる","みりあ","2079851730486100439"
"2026-07-22","4号店 A.D.2045","ひる","すくい","2079765140422152568"
"2026-07-22","4号店 A.D.2045","ひる","みりあ","2079765140422152568"
"2026-07-22","4号店 A.D.2045","ひる","みりん","2079765140422152568"
"2026-07-22","4号店 A.D.2045","ひる","るるか","2079765140422152568"
"2026-07-23","1号店 アキバ絶対領域","ひる","うる","2080163110011498823"
"2026-07-23","1号店 アキバ絶対領域","ひる","えみ","2080163110011498823"
"2026-07-23","1号店 アキバ絶対領域","ひる","はぴる","2080163110011498823"
"2026-07-23","1号店 アキバ絶対領域","ひる","みりあ","2080163110011498823"
"2026-07-23","1号店 アキバ絶対領域","ひる","もなか","2080163110011498823"
"2026-07-23","1号店 アキバ絶対領域","ひる","ろぜった","2080163110011498823"
"2026-07-23","2号店 A.D.1912","ひる","あむ","2080126119987306714"
"2026-07-23","2号店 A.D.1912","ひる","しゃち","2080126119987306714"
"2026-07-23","2号店 A.D.1912","ひる","ひなり","2080126119987306714"
"2026-07-23","2号店 A.D.1912","ひる","まこと","2080126119987306714"
"2026-07-23","2号店 A.D.1912","ひる","るるか","2080126119987306714"
"2026-07-23","2号店 A.D.1912","よる","うる","2080223627367338437"
"2026-07-23","2号店 A.D.1912","よる","ちょこ","2080223627367338437"
"2026-07-23","2号店 A.D.1912","よる","はぴる","2080223627367338437"
"2026-07-23","2号店 A.D.1912","よる","みえる","2080223627367338437"
"2026-07-23","2号店 A.D.1912","よる","るるか","2080223627367338437"
"2026-07-23","2号店 A.D.1912","よる","わたげ","2080223627367338437"
"2026-07-24","1号店 アキバ絶対領域","ひる","あめる","2080489289738264887"
"2026-07-24","1号店 アキバ絶対領域","ひる","すくい","2080489289738264887"
"2026-07-24","1号店 アキバ絶対領域","ひる","もなか","2080489289738264887"
"2026-07-24","1号店 アキバ絶対領域","ひる","ららこ","2080489289738264887"
"2026-07-24","1号店 アキバ絶対領域","ひる","ろぜった","2080489289738264887"
"2026-07-24","1号店 アキバ絶対領域","よる","あめる","2080570628445475024"
"2026-07-24","1号店 アキバ絶対領域","よる","うな","2080570628445475024"
"2026-07-24","1号店 アキバ絶対領域","よる","うる","2080570628445475024"
"2026-07-24","1号店 アキバ絶対領域","よる","ちゆ","2080570628445475024"
"2026-07-24","1号店 アキバ絶対領域","よる","のあ","2080570628445475024"
"2026-07-24","1号店 アキバ絶対領域","よる","ひかり","2080570628445475024"
"2026-07-24","2号店 A.D.1912","よる","こえび","2080584335917498419"
"2026-07-24","2号店 A.D.1912","よる","にゃな","2080584335917498419"
"2026-07-24","2号店 A.D.1912","よる","ねむり","2080584335917498419"
"2026-07-24","2号店 A.D.1912","よる","はぴる","2080584335917498419"
"2026-07-24","2号店 A.D.1912","よる","みえる","2080584335917498419"
"2026-07-24","2号店 A.D.1912","よる","みりん","2080584335917498419"
"2026-07-24","3号店 +e","ひる","こい","2080489112738656586"
"2026-07-24","3号店 +e","ひる","ちゆ","2080489112738656586"
"2026-07-24","3号店 +e","ひる","はぴる","2080489112738656586"
"2026-07-24","3号店 +e","ひる","ひなり","2080489112738656586"
"2026-07-24","3号店 +e","ひる","ゆめ","2080489112738656586"
"2026-07-24","3号店 +e","よる","こえび","2080584539727106383"
"2026-07-24","3号店 +e","よる","にゃな","2080584539727106383"
"2026-07-24","3号店 +e","よる","ねむり","2080584539727106383"
"2026-07-24","3号店 +e","よる","はぴる","2080584539727106383"
"2026-07-24","3号店 +e","よる","みえる","2080584539727106383"
"2026-07-24","3号店 +e","よる","みりん","2080584539727106383"
"2026-07-25","1号店 アキバ絶対領域","ひる","あらた","2080851700055986520"
"2026-07-25","1号店 アキバ絶対領域","ひる","うな","2080851700055986520"
"2026-07-25","1号店 アキバ絶対領域","ひる","うる","2080851700055986520"
"2026-07-25","1号店 アキバ絶対領域","ひる","ちょこ","2080851700055986520"
"2026-07-25","1号店 アキバ絶対領域","ひる","つぼみ","2080851700055986520"
"2026-07-25","1号店 アキバ絶対領域","ひる","みりあ","2080851700055986520"
"2026-07-25","1号店 アキバ絶対領域","ひる","もなか","2080851700055986520"
"2026-07-25","1号店 アキバ絶対領域","ひる","ろぜった","2080851700055986520"
"2026-07-25","4号店 A.D.2045","ひる","あむ","2080852665777758252"
"2026-07-25","4号店 A.D.2045","ひる","すくい","2080852665777758252"
"2026-07-25","4号店 A.D.2045","ひる","にゃな","2080852665777758252"
"2026-07-25","4号店 A.D.2045","ひる","まこと","2080852665777758252"
"2026-07-25","4号店 A.D.2045","ひる","るるか","2080852665777758252"
"2026-07-25","4号店 A.D.2045","よる","こえび","2080936205366247705"
"2026-07-25","4号店 A.D.2045","よる","みえる","2080936205366247705"
"2026-07-25","4号店 A.D.2045","よる","みりあ","2080936205366247705"
"2026-07-25","4号店 A.D.2045","よる","みりん","2080936205366247705"
"2026-07-25","4号店 A.D.2045","よる","もち","2080936205366247705"
"2026-07-26","1号店 アキバ絶対領域","ひる","けだま","2081214045718557175"
"2026-07-26","1号店 アキバ絶対領域","ひる","こん","2081214045718557175"
"2026-07-26","1号店 アキバ絶対領域","ひる","すくい","2081214045718557175"
"2026-07-26","1号店 アキバ絶対領域","ひる","ちま","2081214045718557175"
"2026-07-26","1号店 アキバ絶対領域","ひる","つぼみ","2081214045718557175"
"2026-07-26","1号店 アキバ絶対領域","ひる","ねむり","2081214045718557175"
"2026-07-26","1号店 アキバ絶対領域","ひる","みらい","2081214045718557175"
"2026-07-26","1号店 アキバ絶対領域","ひる","みりん","2081214045718557175"
"2026-07-26","1号店 アキバ絶対領域","よる","ちま","2081311592545997031"
"2026-07-26","1号店 アキバ絶対領域","よる","ちゆ","2081311592545997031"
"2026-07-26","1号店 アキバ絶対領域","よる","ひかり","2081311592545997031"
"2026-07-26","1号店 アキバ絶対領域","よる","まこと","2081311592545997031"
"2026-07-26","1号店 アキバ絶対領域","よる","るるか","2081311592545997031"
"2026-07-26","2号店 A.D.1912","ひる","こい","2081213461179310590"
"2026-07-26","2号店 A.D.1912","ひる","ときり","2081213461179310590"
"2026-07-26","2号店 A.D.1912","ひる","のの","2081213461179310590"
"2026-07-26","2号店 A.D.1912","ひる","まこと","2081213461179310590"
"2026-07-26","2号店 A.D.1912","ひる","みりあ","2081213461179310590"
"2026-07-26","2号店 A.D.1912","ひる","るるか","2081213461179310590"
"2026-07-26","2号店 A.D.1912","よる","すくい","2081309502616515039"
"2026-07-26","2号店 A.D.1912","よる","ちょこ","2081309502616515039"
"2026-07-26","2号店 A.D.1912","よる","ぴあの","2081309502616515039"
"2026-07-26","2号店 A.D.1912","よる","みりん","2081309502616515039"
"2026-07-26","2号店 A.D.1912","よる","ららこ","2081309502616515039"
"2026-07-27","1号店 アキバ絶対領域","ひる","うる","2081606143529701519"
"2026-07-27","1号店 アキバ絶対領域","ひる","こん","2081606143529701519"
"2026-07-27","1号店 アキバ絶対領域","ひる","ちゆ","2081606143529701519"
"2026-07-27","1号店 アキバ絶対領域","ひる","ひかり","2081606143529701519"
"2026-07-27","1号店 アキバ絶対領域","ひる","もち","2081606143529701519"
"2026-07-27","1号店 アキバ絶対領域","ひる","ゆめ","2081606143529701519"
"2026-07-27","1号店 アキバ絶対領域","よる","あむ","2081667097260908752"
"2026-07-27","1号店 アキバ絶対領域","よる","あめる","2081667097260908752"
"2026-07-27","1号店 アキバ絶対領域","よる","えみ","2081667097260908752"
"2026-07-27","1号店 アキバ絶対領域","よる","ちぇる","2081667097260908752"
"2026-07-27","1号店 アキバ絶対領域","よる","にゃな","2081667097260908752"
"2026-07-27","1号店 アキバ絶対領域","よる","みりん","2081667097260908752"
"2026-07-27","2号店 A.D.1912","ひる","あらた","2081576461929263472"
"2026-07-27","2号店 A.D.1912","ひる","のの","2081576461929263472"
"2026-07-27","2号店 A.D.1912","ひる","ひなり","2081576461929263472"
"2026-07-27","2号店 A.D.1912","ひる","まこっちゃん","2081576461929263472"
"2026-07-27","2号店 A.D.1912","ひる","まこと","2081576461929263472"
"2026-07-27","2号店 A.D.1912","ひる","みえる","2081576461929263472"
"2026-07-27","2号店 A.D.1912","ひる","もなか","2081576461929263472"
"2026-07-27","2号店 A.D.1912","ひる","ららこ","2081576461929263472"
"2026-07-27","2号店 A.D.1912","よる","うる","2081669392614744089"
"2026-07-27","2号店 A.D.1912","よる","のの","2081669392614744089"
"2026-07-27","2号店 A.D.1912","よる","ぴあの","2081669392614744089"
"2026-07-27","2号店 A.D.1912","よる","ひかり","2081669392614744089"
"2026-07-27","2号店 A.D.1912","よる","ひなり","2081669392614744089"
"2026-07-27","2号店 A.D.1912","よる","まこっちゃん","2081669392614744089"
"2026-07-27","2号店 A.D.1912","よる","まこと","2081669392614744089"
"2026-07-27","2号店 A.D.1912","よる","もなか","2081669392614744089"
"2026-07-27","2号店 A.D.1912","よる","ららこ","2081669392614744089"
"2026-07-28","1号店 アキバ絶対領域","ひる","える","2081938225921450386"
"2026-07-28","1号店 アキバ絶対領域","ひる","けだま","2081938225921450386"
"2026-07-28","1号店 アキバ絶対領域","ひる","しゃち","2081938225921450386"
"2026-07-28","1号店 アキバ絶対領域","ひる","ちょこ","2081938225921450386"
"2026-07-28","1号店 アキバ絶対領域","ひる","ぴあの","2081938225921450386"
"2026-07-28","1号店 アキバ絶対領域","ひる","もなか","2081938225921450386"
"2026-07-28","1号店 アキバ絶対領域","よる","あめる","2082040291570466940"
"2026-07-28","1号店 アキバ絶対領域","よる","あらた","2082040291570466940"
"2026-07-28","1号店 アキバ絶対領域","よる","みえる","2082040291570466940"
"2026-07-28","1号店 アキバ絶対領域","よる","みりあ","2082040291570466940"
"2026-07-28","1号店 アキバ絶対領域","よる","もなか","2082040291570466940"
"2026-07-28","1号店 アキバ絶対領域","よる","わたげ","2082040291570466940"
"2026-07-28","3号店 +e","ひる","あらた","2081937479154962440"
"2026-07-28","3号店 +e","ひる","ねむり","2081937479154962440"
"2026-07-28","3号店 +e","ひる","のの","2081937479154962440"
"2026-07-28","3号店 +e","ひる","みらい","2081937479154962440"
"2026-07-28","3号店 +e","ひる","みりあ","2081937479154962440"
"2026-07-28","3号店 +e","ひる","ららこ","2081937479154962440"
"2026-07-29","1号店 アキバ絶対領域","ひる","こん","2082300932155711672"
"2026-07-29","1号店 アキバ絶対領域","ひる","ちゆ","2082300932155711672"
"2026-07-29","1号店 アキバ絶対領域","ひる","ひかり","2082300932155711672"
"2026-07-29","1号店 アキバ絶対領域","ひる","みりん","2082300932155711672"
"2026-07-29","1号店 アキバ絶対領域","よる","うな","2082392271727780296"
"2026-07-29","1号店 アキバ絶対領域","よる","うる","2082392271727780296"
"2026-07-29","1号店 アキバ絶対領域","よる","える","2082392271727780296"
"2026-07-29","1号店 アキバ絶対領域","よる","きらり","2082392271727780296"
"2026-07-29","1号店 アキバ絶対領域","よる","ちさと","2082392271727780296"
"2026-07-29","1号店 アキバ絶対領域","よる","ひかり","2082392271727780296"
"2026-07-29","2号店 A.D.1912","ひる","はぴる","2082304946259849522"
"2026-07-29","2号店 A.D.1912","ひる","まこと","2082304946259849522"
"2026-07-29","2号店 A.D.1912","ひる","みらい","2082304946259849522"
"2026-07-29","2号店 A.D.1912","ひる","みりあ","2082304946259849522"
"2026-07-29","2号店 A.D.1912","ひる","るるか","2082304946259849522"
"2026-07-29","3号店 +e","ひる","あむ","2082300389827944470"
"2026-07-29","3号店 +e","ひる","あらた","2082300389827944470"
"2026-07-29","3号店 +e","ひる","ちま","2082300389827944470"
"2026-07-29","3号店 +e","ひる","ひなり","2082300389827944470"
"2026-07-29","3号店 +e","ひる","もち","2082300389827944470"
"2026-07-29","3号店 +e","よる","あむ","2082394317935747348"
"2026-07-29","3号店 +e","よる","こえび","2082394317935747348"
"2026-07-29","3号店 +e","よる","つぼみ","2082394317935747348"
"2026-07-29","3号店 +e","よる","ぴあの","2082394317935747348"
"2026-07-29","3号店 +e","よる","みえる","2082394317935747348"
"2026-07-29","3号店 +e","よる","みりん","2082394317935747348"
"2026-07-30","1号店 アキバ絶対領域","ひる","こん","2082674594973143453"
"2026-07-30","1号店 アキバ絶対領域","ひる","しゃち","2082674594973143453"
"2026-07-30","1号店 アキバ絶対領域","ひる","のあ","2082674594973143453"
"2026-07-30","1号店 アキバ絶対領域","ひる","ひかり","2082674594973143453"
"2026-07-30","1号店 アキバ絶対領域","ひる","るるか","2082674594973143453"
"2026-07-30","1号店 アキバ絶対領域","よる","あめる","2082776574198448512"
"2026-07-30","1号店 アキバ絶対領域","よる","うる","2082776574198448512"
"2026-07-30","1号店 アキバ絶対領域","よる","こえび","2082776574198448512"
"2026-07-30","1号店 アキバ絶対領域","よる","すくい","2082776574198448512"
"2026-07-30","1号店 アキバ絶対領域","よる","もなか","2082776574198448512"
"2026-07-30","2号店 A.D.1912","ひる","いろは","2082664622759522369"
"2026-07-30","2号店 A.D.1912","ひる","のの","2082664622759522369"
"2026-07-30","2号店 A.D.1912","ひる","まこと","2082664622759522369"
"2026-07-30","2号店 A.D.1912","ひる","みりあ","2082664622759522369"
"2026-07-30","2号店 A.D.1912","ひる","もなか","2082664622759522369"
"2026-07-30","2号店 A.D.1912","よる","ちま","2082776181028671848"
"2026-07-30","2号店 A.D.1912","よる","ちょこ","2082776181028671848"
"2026-07-30","2号店 A.D.1912","よる","ひなり","2082776181028671848"
"2026-07-30","2号店 A.D.1912","よる","みりん","2082776181028671848"
"2026-07-30","2号店 A.D.1912","よる","るるか","2082776181028671848"
"2026-07-30","2号店 A.D.1912","よる","わたげ","2082776181028671848"
"2026-07-30","3号店 +e","ひる","あむ","2082666610985488658"
"2026-07-30","3号店 +e","ひる","あめる","2082666610985488658"
"2026-07-30","3号店 +e","ひる","うる","2082666610985488658"
"2026-07-30","3号店 +e","ひる","ちぇる","2082666610985488658"
"2026-07-30","3号店 +e","ひる","にゃな","2082666610985488658"
"2026-07-30","3号店 +e","ひる","ゆめ","2082666610985488658"
"2026-07-31","1号店 アキバ絶対領域","ひる","あらた","2083028143728919006"
"2026-07-31","1号店 アキバ絶対領域","ひる","しゃち","2083028143728919006"
"2026-07-31","1号店 アキバ絶対領域","ひる","のあ","2083028143728919006"
"2026-07-31","1号店 アキバ絶対領域","ひる","のの","2083028143728919006"
"2026-07-31","1号店 アキバ絶対領域","ひる","みりあ","2083028143728919006"
"2026-07-31","1号店 アキバ絶対領域","ひる","もなか","2083028143728919006"
"2026-07-31","1号店 アキバ絶対領域","よる","うな","2083120737293041723"
"2026-07-31","1号店 アキバ絶対領域","よる","しゃち","2083120737293041723"
"2026-07-31","1号店 アキバ絶対領域","よる","ちゆ","2083120737293041723"
"2026-07-31","1号店 アキバ絶対領域","よる","ちょこ","2083120737293041723"
"2026-07-31","1号店 アキバ絶対領域","よる","ひなり","2083120737293041723"
"2026-07-31","1号店 アキバ絶対領域","よる","みりん","2083120737293041723"
"2026-07-31","3号店 +e","ひる","あむ","2083027002727260461"
"2026-07-31","3号店 +e","ひる","すくい","2083027002727260461"
"2026-07-31","3号店 +e","ひる","ちま","2083027002727260461"
"2026-07-31","3号店 +e","ひる","にゃな","2083027002727260461"
"2026-07-31","3号店 +e","ひる","ねむり","2083027002727260461"
"2026-07-31","3号店 +e","ひる","みりん","2083027002727260461"
"2026-07-31","3号店 +e","よる","うる","2083122594434433432"
"2026-07-31","3号店 +e","よる","ちぇる","2083122594434433432"
"2026-07-31","3号店 +e","よる","ちま","2083122594434433432"
"2026-07-31","3号店 +e","よる","みえる","2083122594434433432"
"2026-07-31","3号店 +e","よる","みりあ","2083122594434433432"
"2026-07-31","3号店 +e","よる","るるか","2083122594434433432"
"2026-08-01","1号店 アキバ絶対領域","ひる","いろは","2083388825884393843"
"2026-08-01","1号店 アキバ絶対領域","ひる","うる","2083388825884393843"
"2026-08-01","1号店 アキバ絶対領域","ひる","きらり","2083388825884393843"
"2026-08-01","1号店 アキバ絶対領域","ひる","ちさと","2083388825884393843"
"2026-08-01","1号店 アキバ絶対領域","ひる","ちゆ","2083388825884393843"
"2026-08-01","1号店 アキバ絶対領域","ひる","もなか","2083388825884393843"
"2026-08-01","1号店 アキバ絶対領域","よる","しゃち","2083486324989026413"
"2026-08-01","1号店 アキバ絶対領域","よる","ちさと","2083486324989026413"
"2026-08-01","1号店 アキバ絶対領域","よる","はぴる","2083486324989026413"
"2026-08-01","1号店 アキバ絶対領域","よる","みりん","2083486324989026413"
"2026-08-01","1号店 アキバ絶対領域","よる","もなか","2083486324989026413"
"2026-08-01","1号店 アキバ絶対領域","よる","ろぜった","2083486324989026413"
"2026-08-01","3号店 +e","ひる","あらた","2083389343679578373"
"2026-08-01","3号店 +e","ひる","かなた","2083389343679578373"
"2026-08-01","3号店 +e","ひる","こい","2083389343679578373"
"2026-08-01","3号店 +e","ひる","はぴる","2083389343679578373"
"2026-08-01","3号店 +e","ひる","ゆめ","2083389343679578373"
"2026-08-01","3号店 +e","ひる","わたげ","2083389343679578373"
"2026-08-01","3号店 +e","よる","あめる","2083482476610199815"
"2026-08-01","3号店 +e","よる","うる","2083482476610199815"
"2026-08-01","3号店 +e","よる","かなた","2083482476610199815"
"2026-08-01","3号店 +e","よる","こえび","2083482476610199815"
"2026-08-01","3号店 +e","よる","のの","2083482476610199815"
"2026-08-01","3号店 +e","よる","もち","2083482476610199815"
"2026-08-02","1号店 アキバ絶対領域","ひる","あめる","2083752234370961666"
"2026-08-02","1号店 アキバ絶対領域","ひる","えみ","2083752234370961666"
"2026-08-02","1号店 アキバ絶対領域","ひる","こん","2083752234370961666"
"2026-08-02","1号店 アキバ絶対領域","ひる","にゃな","2083752234370961666"
"2026-08-02","1号店 アキバ絶対領域","ひる","まこと","2083752234370961666"
"2026-08-02","1号店 アキバ絶対領域","ひる","みりあ","2083752234370961666"
"2026-08-02","1号店 アキバ絶対領域","ひる","るるか","2083752234370961666"
"2026-08-02","1号店 アキバ絶対領域","よる","あめる","2083856271502115264"
"2026-08-02","1号店 アキバ絶対領域","よる","しゃち","2083856271502115264"
"2026-08-02","1号店 アキバ絶対領域","よる","すくい","2083856271502115264"
"2026-08-02","1号店 アキバ絶対領域","よる","まこと","2083856271502115264"
"2026-08-02","1号店 アキバ絶対領域","よる","みえる","2083856271502115264"
"2026-08-02","1号店 アキバ絶対領域","よる","みらい","2083856271502115264"
"2026-08-02","2号店 A.D.1912","ひる","いと","2083755318824300998"
"2026-08-02","2号店 A.D.1912","ひる","こい","2083755318824300998"
"2026-08-02","2号店 A.D.1912","ひる","すくい","2083755318824300998"
"2026-08-02","2号店 A.D.1912","ひる","ちょこ","2083755318824300998"
"2026-08-02","2号店 A.D.1912","ひる","ひなり","2083755318824300998"
"2026-08-02","2号店 A.D.1912","ひる","みりん","2083755318824300998"
"2026-08-02","2号店 A.D.1912","ひる","わたげ","2083755318824300998"
"2026-08-02","2号店 A.D.1912","よる","かなた","2083833448037503348"
"2026-08-02","2号店 A.D.1912","よる","ちゆ","2083833448037503348"
"2026-08-02","2号店 A.D.1912","よる","ちょこ","2083833448037503348"
"2026-08-02","2号店 A.D.1912","よる","つぼみ","2083833448037503348"
"2026-08-02","2号店 A.D.1912","よる","ひかり","2083833448037503348"
"2026-08-02","2号店 A.D.1912","よる","まこと","2083833448037503348"
"2026-08-02","2号店 A.D.1912","よる","もち","2083833448037503348"
"2026-08-03","1号店 アキバ絶対領域","ひる","あらた","2084111329821163899"
"2026-08-03","1号店 アキバ絶対領域","ひる","ちぇる","2084111329821163899"
"2026-08-03","1号店 アキバ絶対領域","ひる","ちさと","2084111329821163899"
"2026-08-03","1号店 アキバ絶対領域","ひる","のの","2084111329821163899"
"2026-08-03","1号店 アキバ絶対領域","ひる","もなか","2084111329821163899"
"2026-08-03","1号店 アキバ絶対領域","よる","うる","2084213395449171987"
"2026-08-03","1号店 アキバ絶対領域","よる","ちま","2084213395449171987"
"2026-08-03","1号店 アキバ絶対領域","よる","ひなり","2084213395449171987"
"2026-08-03","1号店 アキバ絶対領域","よる","もなか","2084213395449171987"
"2026-08-03","1号店 アキバ絶対領域","よる","るるか","2084213395449171987"
"2026-08-03","4号店 A.D.2045","ひる","あむ","2084112558366273945"
"2026-08-03","4号店 A.D.2045","ひる","うる","2084112558366273945"
"2026-08-03","4号店 A.D.2045","ひる","けだま","2084112558366273945"
"2026-08-03","4号店 A.D.2045","ひる","にゃな","2084112558366273945"
"2026-08-03","4号店 A.D.2045","ひる","るるか","2084112558366273945"
"2026-08-03","4号店 A.D.2045","よる","ひかり","2084198777540465092"
"2026-08-03","4号店 A.D.2045","よる","まこと","2084198777540465092"
"2026-08-03","4号店 A.D.2045","よる","みえる","2084198777540465092"
"2026-08-03","4号店 A.D.2045","よる","ろぜった","2084198777540465092"
"2026-08-04","1号店 アキバ絶対領域","ひる","うる","2084475200922702206"
"2026-08-04","1号店 アキバ絶対領域","ひる","こん","2084475200922702206"
"2026-08-04","1号店 アキバ絶対領域","ひる","すくい","2084475200922702206"
"2026-08-04","1号店 アキバ絶対領域","ひる","みりあ","2084475200922702206"
"2026-08-04","1号店 アキバ絶対領域","ひる","もなか","2084475200922702206"
"2026-08-04","1号店 アキバ絶対領域","よる","えみ","2084555440613196126"
"2026-08-04","1号店 アキバ絶対領域","よる","ちゆ","2084555440613196126"
"2026-08-04","1号店 アキバ絶対領域","よる","にゃな","2084555440613196126"
"2026-08-04","1号店 アキバ絶対領域","よる","ねるる","2084555440613196126"
"2026-08-04","1号店 アキバ絶対領域","よる","ひかり","2084555440613196126"
"2026-08-04","1号店 アキバ絶対領域","よる","まこと","2084555440613196126"
"2026-08-04","2号店 A.D.1912","よる","かなた","2084557595764031532"
"2026-08-04","2号店 A.D.1912","よる","こい","2084557595764031532"
"2026-08-04","2号店 A.D.1912","よる","みりあ","2084557595764031532"
"2026-08-04","2号店 A.D.1912","よる","みりん","2084557595764031532"
"2026-08-04","2号店 A.D.1912","よる","るるか","2084557595764031532"
"2026-08-04","2号店 A.D.1912","よる","ろぜった","2084557595764031532"
"2026-08-04","3号店 +e","ひる","あむ","2084475693904339379"
"2026-08-04","3号店 +e","ひる","あらた","2084475693904339379"
"2026-08-04","3号店 +e","ひる","けだま","2084475693904339379"
"2026-08-04","3号店 +e","ひる","こい","2084475693904339379"
"2026-08-04","3号店 +e","ひる","みらい","2084475693904339379"
"2026-08-04","3号店 +e","ひる","ゆめ","2084475693904339379"
"2026-08-04","3号店 +e","よる","あむ","2084567437706748193"
"2026-08-04","3号店 +e","よる","あめる","2084567437706748193"
"2026-08-04","3号店 +e","よる","うな","2084567437706748193"
"2026-08-04","3号店 +e","よる","うる","2084567437706748193"
"2026-08-04","3号店 +e","よる","はぴる","2084567437706748193"
"2026-08-04","3号店 +e","よる","もなか","2084567437706748193"
"2026-08-05","1号店 アキバ絶対領域","ひる","える","2084839109923832023"
"2026-08-05","1号店 アキバ絶対領域","ひる","しゃち","2084839109923832023"
"2026-08-05","1号店 アキバ絶対領域","ひる","すくい","2084839109923832023"
"2026-08-05","1号店 アキバ絶対領域","ひる","ちさと","2084839109923832023"
"2026-08-05","1号店 アキバ絶対領域","ひる","ちもしー","2084839109923832023"
"2026-08-05","1号店 アキバ絶対領域","ひる","まこと","2084839109923832023"
"2026-08-05","1号店 アキバ絶対領域","よる","あめる","2084935585597472956"
"2026-08-05","1号店 アキバ絶対領域","よる","しゃち","2084935585597472956"
"2026-08-05","1号店 アキバ絶対領域","よる","ちま","2084935585597472956"
"2026-08-05","1号店 アキバ絶対領域","よる","ちゆ","2084935585597472956"
"2026-08-05","1号店 アキバ絶対領域","よる","みりん","2084935585597472956"
"2026-08-05","1号店 アキバ絶対領域","よる","もなか","2084935585597472956"
"2026-08-05","3号店 +e","ひる","ちま","2084838647275336157"
"2026-08-05","3号店 +e","ひる","はぴる","2084838647275336157"
"2026-08-05","3号店 +e","ひる","ひなり","2084838647275336157"
"2026-08-05","3号店 +e","ひる","みりん","2084838647275336157"
"2026-08-05","3号店 +e","ひる","ろぜった","2084838647275336157"
"2026-08-05","4号店 A.D.2045","ひる","うな","2084843867602554959"
"2026-08-05","4号店 A.D.2045","ひる","ひかり","2084843867602554959"
"2026-08-05","4号店 A.D.2045","ひる","みりあ","2084843867602554959"
"2026-08-05","4号店 A.D.2045","ひる","わたげ","2084843867602554959"
"2026-08-05","4号店 A.D.2045","よる","すくい","2084935263202246984"
"2026-08-05","4号店 A.D.2045","よる","はぴる","2084935263202246984"
"2026-08-05","4号店 A.D.2045","よる","まこと","2084935263202246984"
"2026-08-05","4号店 A.D.2045","よる","みらい","2084935263202246984"
"2026-08-06","1号店 アキバ絶対領域","ひる","あらた","2085199648101376386"
"2026-08-06","1号店 アキバ絶対領域","ひる","えみ","2085199648101376386"
"2026-08-06","1号店 アキバ絶対領域","ひる","きらり","2085199648101376386"
"2026-08-06","1号店 アキバ絶対領域","ひる","こい","2085199648101376386"
"2026-08-06","1号店 アキバ絶対領域","ひる","みりあ","2085199648101376386"
"2026-08-06","1号店 アキバ絶対領域","よる","あむ","2085276860846596269"
"2026-08-06","1号店 アキバ絶対領域","よる","あらた","2085276860846596269"
"2026-08-06","1号店 アキバ絶対領域","よる","ちま","2085276860846596269"
"2026-08-06","1号店 アキバ絶対領域","よる","ちゆ","2085276860846596269"
"2026-08-06","1号店 アキバ絶対領域","よる","にゃな","2085276860846596269"
"2026-08-06","2号店 A.D.1912","ひる","いろは","2085200276529815637"
"2026-08-06","2号店 A.D.1912","ひる","かなた","2085200276529815637"
"2026-08-06","2号店 A.D.1912","ひる","すくい","2085200276529815637"
"2026-08-06","2号店 A.D.1912","ひる","ちぇる","2085200276529815637"
"2026-08-06","2号店 A.D.1912","ひる","まこと","2085200276529815637"
"2026-08-06","4号店 A.D.2045","ひる","うな","2085198954954960896"
"2026-08-06","4号店 A.D.2045","ひる","ひなり","2085198954954960896"
"2026-08-06","4号店 A.D.2045","ひる","みりん","2085198954954960896"
"2026-08-06","4号店 A.D.2045","ひる","るるか","2085198954954960896"
"2026-08-07","1号店 アキバ絶対領域","ひる","あらた","2085570918332727592"
"2026-08-07","1号店 アキバ絶対領域","ひる","かなた","2085570918332727592"
"2026-08-07","1号店 アキバ絶対領域","ひる","こい","2085570918332727592"
"2026-08-07","1号店 アキバ絶対領域","ひる","ちさと","2085570918332727592"
"2026-08-07","1号店 アキバ絶対領域","ひる","ちもしー","2085570918332727592"
"2026-08-07","1号店 アキバ絶対領域","ひる","ねむり","2085570918332727592"
"2026-08-07","1号店 アキバ絶対領域","ひる","ぴあの","2085570918332727592"
"2026-08-07","1号店 アキバ絶対領域","よる","うな","2085657780414038197"
"2026-08-07","1号店 アキバ絶対領域","よる","える","2085657780414038197"
"2026-08-07","1号店 アキバ絶対領域","よる","ひかり","2085657780414038197"
"2026-08-07","1号店 アキバ絶対領域","よる","ひじり","2085657780414038197"
"2026-08-07","1号店 アキバ絶対領域","よる","みりん","2085657780414038197"
"2026-08-07","1号店 アキバ絶対領域","よる","もなか","2085657780414038197"
"2026-08-07","4号店 A.D.2045","ひる","うる","2085565583119303086"
"2026-08-07","4号店 A.D.2045","ひる","すくい","2085565583119303086"
"2026-08-07","4号店 A.D.2045","ひる","のあ","2085565583119303086"
"2026-08-07","4号店 A.D.2045","ひる","るるか","2085565583119303086"
"2026-08-09","1号店 アキバ絶対領域","ひる","うな","2086286822842458381"
"2026-08-09","1号店 アキバ絶対領域","ひる","えみ","2086286822842458381"
"2026-08-09","1号店 アキバ絶対領域","ひる","こん","2086286822842458381"
"2026-08-09","1号店 アキバ絶対領域","ひる","ちさと","2086286822842458381"
"2026-08-09","1号店 アキバ絶対領域","ひる","ねるる","2086286822842458381"
"2026-08-09","1号店 アキバ絶対領域","ひる","ぴあの","2086286822842458381"
"2026-08-09","1号店 アキバ絶対領域","ひる","まこと","2086286822842458381"
"2026-08-09","1号店 アキバ絶対領域","よる","うる","2086370952481575096"
"2026-08-09","1号店 アキバ絶対領域","よる","ちぇる","2086370952481575096"
"2026-08-09","1号店 アキバ絶対領域","よる","ちま","2086370952481575096"
"2026-08-09","1号店 アキバ絶対領域","よる","ちゆ","2086370952481575096"
"2026-08-09","1号店 アキバ絶対領域","よる","みりあ","2086370952481575096"
"2026-08-09","1号店 アキバ絶対領域","よる","もなか","2086370952481575096"
"2026-08-09","2号店 A.D.1912","ひる","うる","2086287616899797250"
"2026-08-09","2号店 A.D.1912","ひる","こえび","2086287616899797250"
"2026-08-09","2号店 A.D.1912","ひる","ちぇる","2086287616899797250"
"2026-08-09","2号店 A.D.1912","ひる","ちょこ","2086287616899797250"
"2026-08-09","2号店 A.D.1912","ひる","みらい","2086287616899797250"
"2026-08-09","2号店 A.D.1912","ひる","みりあ","2086287616899797250"
"2026-08-09","2号店 A.D.1912","よる","あむ","2086380890721341535"
"2026-08-09","2号店 A.D.1912","よる","あめる","2086380890721341535"
"2026-08-09","2号店 A.D.1912","よる","いと","2086380890721341535"
"2026-08-09","2号店 A.D.1912","よる","けだま","2086380890721341535"
"2026-08-09","2号店 A.D.1912","よる","まこと","2086380890721341535"
"2026-08-09","2号店 A.D.1912","よる","まひろ","2086380890721341535"
"2026-08-09","2号店 A.D.1912","よる","ろぜった","2086380890721341535"
"2026-08-10","1号店 アキバ絶対領域","ひる","あめる","2086651778477818259"
"2026-08-10","1号店 アキバ絶対領域","ひる","あらた","2086651778477818259"
"2026-08-10","1号店 アキバ絶対領域","ひる","うな","2086651778477818259"
"2026-08-10","1号店 アキバ絶対領域","ひる","こい","2086651778477818259"
"2026-08-10","1号店 アキバ絶対領域","ひる","みらい","2086651778477818259"
"2026-08-10","1号店 アキバ絶対領域","ひる","ゆめ","2086651778477818259"
"2026-08-10","1号店 アキバ絶対領域","よる","かなた","2086747439722332298"
"2026-08-10","1号店 アキバ絶対領域","よる","ちゆ","2086747439722332298"
"2026-08-10","1号店 アキバ絶対領域","よる","ひかり","2086747439722332298"
"2026-08-10","1号店 アキバ絶対領域","よる","ひじり","2086747439722332298"
"2026-08-10","1号店 アキバ絶対領域","よる","みりん","2086747439722332298"
"2026-08-10","4号店 A.D.2045","ひる","こえび","2086651379570098273"
"2026-08-10","4号店 A.D.2045","ひる","ねむり","2086651379570098273"
"2026-08-10","4号店 A.D.2045","ひる","ひなり","2086651379570098273"
"2026-08-10","4号店 A.D.2045","ひる","みりん","2086651379570098273"
"2026-08-10","4号店 A.D.2045","ひる","わたげ","2086651379570098273"
"2026-08-10","4号店 A.D.2045","よる","あめる","2086745114039431655"
"2026-08-10","4号店 A.D.2045","よる","うる","2086745114039431655"
"2026-08-10","4号店 A.D.2045","よる","もち","2086745114039431655"
"2026-08-10","4号店 A.D.2045","よる","るるか","2086745114039431655"
"2026-08-11","1号店 アキバ絶対領域","ひる","あむ","2087020397439177178"
"2026-08-11","1号店 アキバ絶対領域","ひる","えみ","2087020397439177178"
"2026-08-11","1号店 アキバ絶対領域","ひる","こん","2087020397439177178"
"2026-08-11","1号店 アキバ絶対領域","ひる","つぼみ","2087020397439177178"
"2026-08-11","1号店 アキバ絶対領域","ひる","まこと","2087020397439177178"
"2026-08-11","1号店 アキバ絶対領域","ひる","もなか","2087020397439177178"
"2026-08-11","1号店 アキバ絶対領域","よる","きらり","2087098962071457910"
"2026-08-11","1号店 アキバ絶対領域","よる","ちゆ","2087098962071457910"
"2026-08-11","1号店 アキバ絶対領域","よる","はぴる","2087098962071457910"
"2026-08-11","1号店 アキバ絶対領域","よる","みえる","2087098962071457910"
"2026-08-11","1号店 アキバ絶対領域","よる","もなか","2087098962071457910"
"2026-08-11","3号店 +e","ひる","こい","2087016776022544662"
"2026-08-11","3号店 +e","ひる","しゃち","2087016776022544662"
"2026-08-11","3号店 +e","ひる","ぴあの","2087016776022544662"
"2026-08-11","3号店 +e","ひる","ひなり","2087016776022544662"
"2026-08-11","3号店 +e","ひる","みりあ","2087016776022544662"
"2026-08-11","3号店 +e","ひる","みりん","2087016776022544662"
"2026-08-11","3号店 +e","よる","あむ","2087123683295056013"
"2026-08-11","3号店 +e","よる","かなた","2087123683295056013"
"2026-08-11","3号店 +e","よる","ちぇる","2087123683295056013"
"2026-08-11","3号店 +e","よる","まこと","2087123683295056013"
"2026-08-11","3号店 +e","よる","まひろ","2087123683295056013"
"2026-08-11","3号店 +e","よる","るるか","2087123683295056013"
"2026-08-11","3号店 +e","よる","わたげ","2087123683295056013"
"2026-08-12","1号店 アキバ絶対領域","ひる","あらた","2087373174937956603"
"2026-08-12","1号店 アキバ絶対領域","ひる","える","2087373174937956603"
"2026-08-12","1号店 アキバ絶対領域","ひる","つぼみ","2087373174937956603"
"2026-08-12","1号店 アキバ絶対領域","ひる","ひかり","2087373174937956603"
"2026-08-12","1号店 アキバ絶対領域","ひる","もなか","2087373174937956603"
"2026-08-12","1号店 アキバ絶対領域","よる","きらり","2087472318411165813"
"2026-08-12","1号店 アキバ絶対領域","よる","ちょこ","2087472318411165813"
"2026-08-12","1号店 アキバ絶対領域","よる","はぴる","2087472318411165813"
"2026-08-12","1号店 アキバ絶対領域","よる","ぴあの","2087472318411165813"
"2026-08-12","1号店 アキバ絶対領域","よる","まこと","2087472318411165813"
"2026-08-12","1号店 アキバ絶対領域","よる","るるか","2087472318411165813"
"2026-08-12","3号店 +e","ひる","あむ","2087373666879463692"
"2026-08-12","3号店 +e","ひる","こい","2087373666879463692"
"2026-08-12","3号店 +e","ひる","はぴる","2087373666879463692"
"2026-08-12","3号店 +e","ひる","まこと","2087373666879463692"
"2026-08-12","3号店 +e","ひる","みえる","2087373666879463692"
"2026-08-12","3号店 +e","ひる","もち","2087373666879463692"
"2026-08-12","3号店 +e","よる","あめる","2087461551561486845"
"2026-08-12","3号店 +e","よる","しゃち","2087461551561486845"
"2026-08-12","3号店 +e","よる","ちぇる","2087461551561486845"
"2026-08-12","3号店 +e","よる","みりん","2087461551561486845"
"2026-08-12","3号店 +e","よる","ららこ","2087461551561486845"
"2026-08-12","3号店 +e","よる","ろぜった","2087461551561486845"
"2026-08-12","4号店 A.D.2045","ひる","こえび","2087376953385099399"
"2026-08-12","4号店 A.D.2045","ひる","すくい","2087376953385099399"
"2026-08-12","4号店 A.D.2045","ひる","ひなり","2087376953385099399"
"2026-08-12","4号店 A.D.2045","ひる","みりあ","2087376953385099399"
"2026-08-12","4号店 A.D.2045","ひる","みりん","2087376953385099399"
"2026-08-13","1号店 アキバ絶対領域","ひる","あらた","2087738044057288927"
"2026-08-13","1号店 アキバ絶対領域","ひる","ちゆ","2087738044057288927"
"2026-08-13","1号店 アキバ絶対領域","ひる","つぼみ","2087738044057288927"
"2026-08-13","1号店 アキバ絶対領域","ひる","はぴる","2087738044057288927"
"2026-08-13","1号店 アキバ絶対領域","ひる","わたげ","2087738044057288927"
"2026-08-13","1号店 アキバ絶対領域","よる","ちゆ","2087831129793658890"
"2026-08-13","1号店 アキバ絶対領域","よる","にゃな","2087831129793658890"
"2026-08-13","1号店 アキバ絶対領域","よる","はぴる","2087831129793658890"
"2026-08-13","1号店 アキバ絶対領域","よる","ひかり","2087831129793658890"
"2026-08-13","1号店 アキバ絶対領域","よる","ひじり","2087831129793658890"
"2026-08-13","1号店 アキバ絶対領域","よる","ひなり","2087831129793658890"
"2026-08-13","2号店 A.D.1912","ひる","うな","2087737727479640184"
"2026-08-13","2号店 A.D.1912","ひる","こん","2087737727479640184"
"2026-08-13","2号店 A.D.1912","ひる","みりあ","2087737727479640184"
"2026-08-13","2号店 A.D.1912","ひる","みりん","2087737727479640184"
"2026-08-13","2号店 A.D.1912","ひる","ろぜった","2087737727479640184"
"2026-08-13","2号店 A.D.1912","よる","あめる","2087839562727075909"
"2026-08-13","2号店 A.D.1912","よる","こん","2087839562727075909"
"2026-08-13","2号店 A.D.1912","よる","ちょこ","2087839562727075909"
"2026-08-13","2号店 A.D.1912","よる","のあ","2087839562727075909"
"2026-08-13","2号店 A.D.1912","よる","みりん","2087839562727075909"
"2026-08-13","2号店 A.D.1912","よる","ららこ","2087839562727075909"
"2026-08-14","1号店 アキバ絶対領域","ひる","あらた","2088101330892255577"
"2026-08-14","1号店 アキバ絶対領域","ひる","える","2088101330892255577"
"2026-08-14","1号店 アキバ絶対領域","ひる","みりあ","2088101330892255577"
"2026-08-14","1号店 アキバ絶対領域","ひる","もなか","2088101330892255577"
"2026-08-14","1号店 アキバ絶対領域","ひる","るるか","2088101330892255577"
"2026-08-14","1号店 アキバ絶対領域","よる","あむ","2088198135533486324"
"2026-08-14","1号店 アキバ絶対領域","よる","うな","2088198135533486324"
"2026-08-14","1号店 アキバ絶対領域","よる","しゃち","2088198135533486324"
"2026-08-14","1号店 アキバ絶対領域","よる","まこと","2088198135533486324"
"2026-08-14","1号店 アキバ絶対領域","よる","ららこ","2088198135533486324"
"2026-08-14","1号店 アキバ絶対領域","よる","ろぜった","2088198135533486324"
"2026-08-14","4号店 A.D.2045","ひる","すくい","2088100969456574543"
"2026-08-14","4号店 A.D.2045","ひる","ちぇる","2088100969456574543"
"2026-08-14","4号店 A.D.2045","ひる","ぴあの","2088100969456574543"
"2026-08-14","4号店 A.D.2045","ひる","まこと","2088100969456574543"
"2026-08-14","4号店 A.D.2045","よる","のあ","2088214938137543058"
"2026-08-14","4号店 A.D.2045","よる","みえる","2088214938137543058"
"2026-08-14","4号店 A.D.2045","よる","みりあ","2088214938137543058"
"2026-08-14","4号店 A.D.2045","よる","るるか","2088214938137543058"
"2026-08-15","1号店 アキバ絶対領域","ひる","えみ","2088461278721556498"
"2026-08-15","1号店 アキバ絶対領域","ひる","こん","2088461278721556498"
"2026-08-15","1号店 アキバ絶対領域","ひる","にゃな","2088461278721556498"
"2026-08-15","1号店 アキバ絶対領域","ひる","ひじり","2088461278721556498"
"2026-08-15","1号店 アキバ絶対領域","ひる","ひなり","2088461278721556498"
"2026-08-15","1号店 アキバ絶対領域","ひる","みりん","2088461278721556498"
"2026-08-15","1号店 アキバ絶対領域","ひる","もなか","2088461278721556498"
"2026-08-15","1号店 アキバ絶対領域","よる","あむ","2088553925914108388"
"2026-08-15","1号店 アキバ絶対領域","よる","うる","2088553925914108388"
"2026-08-15","1号店 アキバ絶対領域","よる","ちゆ","2088553925914108388"
"2026-08-15","1号店 アキバ絶対領域","よる","ねるる","2088553925914108388"
"2026-08-15","1号店 アキバ絶対領域","よる","のあ","2088553925914108388"
"2026-08-15","1号店 アキバ絶対領域","よる","みえる","2088553925914108388"
"2026-08-15","1号店 アキバ絶対領域","よる","もなか","2088553925914108388"
"2026-08-15","2号店 A.D.1912","ひる","あむ","2088461160068833718"
"2026-08-15","2号店 A.D.1912","ひる","いと","2088461160068833718"
"2026-08-15","2号店 A.D.1912","ひる","こい","2088461160068833718"
"2026-08-15","2号店 A.D.1912","ひる","ちぇる","2088461160068833718"
"2026-08-15","2号店 A.D.1912","ひる","ぴあの","2088461160068833718"
"2026-08-15","2号店 A.D.1912","ひる","まこと","2088461160068833718"
"2026-08-15","2号店 A.D.1912","ひる","ららこ","2088461160068833718"
"2026-08-15","2号店 A.D.1912","よる","いろは","2088539989382664686"
"2026-08-15","2号店 A.D.1912","よる","ちさと","2088539989382664686"
"2026-08-15","2号店 A.D.1912","よる","ちょこ","2088539989382664686"
"2026-08-15","2号店 A.D.1912","よる","つぼみ","2088539989382664686"
"2026-08-15","2号店 A.D.1912","よる","ひかり","2088539989382664686"
"2026-08-15","2号店 A.D.1912","よる","みりん","2088539989382664686"
"2026-08-16","1号店 アキバ絶対領域","ひる","いと","2088830444523684134"
"2026-08-16","1号店 アキバ絶対領域","ひる","うる","2088830444523684134"
"2026-08-16","1号店 アキバ絶対領域","ひる","ちさと","2088830444523684134"
"2026-08-16","1号店 アキバ絶対領域","ひる","にゃな","2088830444523684134"
"2026-08-16","1号店 アキバ絶対領域","ひる","ひなり","2088830444523684134"
"2026-08-16","1号店 アキバ絶対領域","ひる","みりあ","2088830444523684134"
"2026-08-16","1号店 アキバ絶対領域","よる","ちさと","2088921327898186021"
"2026-08-16","1号店 アキバ絶対領域","よる","ちゆ","2088921327898186021"
"2026-08-16","1号店 アキバ絶対領域","よる","ねるる","2088921327898186021"
"2026-08-16","1号店 アキバ絶対領域","よる","ひかり","2088921327898186021"
"2026-08-16","1号店 アキバ絶対領域","よる","まこと","2088921327898186021"
"2026-08-16","1号店 アキバ絶対領域","よる","るるか","2088921327898186021"
"2026-08-16","3号店 +e","ひる","あむ","2088841587375866053"
"2026-08-16","3号店 +e","ひる","うな","2088841587375866053"
"2026-08-16","3号店 +e","ひる","こい","2088841587375866053"
"2026-08-16","3号店 +e","ひる","ちま","2088841587375866053"
"2026-08-16","3号店 +e","ひる","まこと","2088841587375866053"
"2026-08-16","3号店 +e","ひる","まひろ","2088841587375866053"
"2026-08-16","3号店 +e","よる","うる","2088920254881923356"
"2026-08-16","3号店 +e","よる","こい","2088920254881923356"
"2026-08-16","3号店 +e","よる","こえび","2088920254881923356"
"2026-08-16","3号店 +e","よる","ちま","2088920254881923356"
"2026-08-16","3号店 +e","よる","ひなり","2088920254881923356"
"2026-08-16","3号店 +e","よる","ろぜった","2088920254881923356"
"2026-08-18","1号店 アキバ絶対領域","ひる","あむ","2089549344441860231"
"2026-08-18","1号店 アキバ絶対領域","ひる","あらた","2089549344441860231"
"2026-08-18","1号店 アキバ絶対領域","ひる","こん","2089549344441860231"
"2026-08-18","1号店 アキバ絶対領域","ひる","もち","2089549344441860231"
"2026-08-18","1号店 アキバ絶対領域","ひる","るるか","2089549344441860231"
"2026-08-18","2号店 A.D.1912","ひる","ちま","2089547745929633850"
"2026-08-18","2号店 A.D.1912","ひる","まこと","2089547745929633850"
"2026-08-18","2号店 A.D.1912","ひる","みりあ","2089547745929633850"
"2026-08-18","2号店 A.D.1912","ひる","もなか","2089547745929633850"
"2026-08-18","2号店 A.D.1912","ひる","ららこ","2089547745929633850"
"2026-08-18","4号店 A.D.2045","よる","けだま","2089639940607156288"
"2026-08-18","4号店 A.D.2045","よる","まこと","2089639940607156288"
"2026-08-18","4号店 A.D.2045","よる","みりあ","2089639940607156288"
"2026-08-18","4号店 A.D.2045","よる","るるか","2089639940607156288"
"2026-08-19","1号店 アキバ絶対領域","ひる","うな","2089912380998517201"
"2026-08-19","1号店 アキバ絶対領域","ひる","きらり","2089912380998517201"
"2026-08-19","1号店 アキバ絶対領域","ひる","こえび","2089912380998517201"
"2026-08-19","1号店 アキバ絶対領域","ひる","ひかり","2089912380998517201"
"2026-08-19","1号店 アキバ絶対領域","ひる","みりあ","2089912380998517201"
"2026-08-19","1号店 アキバ絶対領域","よる","あめる","2090013175446216912"
"2026-08-19","1号店 アキバ絶対領域","よる","ちゆ","2090013175446216912"
"2026-08-19","1号店 アキバ絶対領域","よる","にゃな","2090013175446216912"
"2026-08-19","1号店 アキバ絶対領域","よる","るるか","2090013175446216912"
"2026-08-19","2号店 A.D.1912","ひる","あめる","2089913899432939952"
"2026-08-19","2号店 A.D.1912","ひる","える","2089913899432939952"
"2026-08-19","2号店 A.D.1912","ひる","ねむり","2089913899432939952"
"2026-08-19","2号店 A.D.1912","ひる","ひなり","2089913899432939952"
"2026-08-19","2号店 A.D.1912","ひる","まこと","2089913899432939952"
"2026-08-19","2号店 A.D.1912","よる","あむ","2089991561711100320"
"2026-08-19","2号店 A.D.1912","よる","ちま","2089991561711100320"
"2026-08-19","2号店 A.D.1912","よる","ちょこ","2089991561711100320"
"2026-08-19","2号店 A.D.1912","よる","ねるる","2089991561711100320"
"2026-08-19","2号店 A.D.1912","よる","まこと","2089991561711100320"
"2026-08-19","2号店 A.D.1912","よる","みらい","2089991561711100320"
"2026-08-19","2号店 A.D.1912","よる","ゆめ","2089991561711100320"
"2026-08-20","1号店 アキバ絶対領域","ひる","あらた","2090272720194044207"
"2026-08-20","1号店 アキバ絶対領域","ひる","ひかり","2090272720194044207"
"2026-08-20","1号店 アキバ絶対領域","ひる","ひじり","2090272720194044207"
"2026-08-20","1号店 アキバ絶対領域","ひる","もなか","2090272720194044207"
"2026-08-20","1号店 アキバ絶対領域","ひる","ららこ","2090272720194044207"
"2026-08-20","1号店 アキバ絶対領域","よる","うな","2090369465565503761"
"2026-08-20","1号店 アキバ絶対領域","よる","ちゆ","2090369465565503761"
"2026-08-20","1号店 アキバ絶対領域","よる","ねるる","2090369465565503761"
"2026-08-20","1号店 アキバ絶対領域","よる","ひかり","2090369465565503761"
"2026-08-20","1号店 アキバ絶対領域","よる","まこと","2090369465565503761"
"2026-08-20","1号店 アキバ絶対領域","よる","ららこ","2090369465565503761"
"2026-08-20","3号店 +e","ひる","あめる","2090276533881672161"
"2026-08-20","3号店 +e","ひる","すくい","2090276533881672161"
"2026-08-20","3号店 +e","ひる","ひなり","2090276533881672161"
"2026-08-20","3号店 +e","ひる","みりん","2090276533881672161"
"2026-08-20","3号店 +e","よる","あめる","2090382450342199625"
"2026-08-20","3号店 +e","よる","あらた","2090382450342199625"
"2026-08-20","3号店 +e","よる","ぴあの","2090382450342199625"
"2026-08-20","3号店 +e","よる","もなか","2090382450342199625"
"2026-08-20","3号店 +e","よる","るるか","2090382450342199625"
"2026-08-21","1号店 アキバ絶対領域","ひる","うる","2090638857654149471"
"2026-08-21","1号店 アキバ絶対領域","ひる","えみ","2090638857654149471"
"2026-08-21","1号店 アキバ絶対領域","ひる","すくい","2090638857654149471"
"2026-08-21","1号店 アキバ絶対領域","ひる","にゃな","2090638857654149471"
"2026-08-21","1号店 アキバ絶対領域","ひる","もなか","2090638857654149471"
"2026-08-21","1号店 アキバ絶対領域","よる","あらた","2090732311231021211"
"2026-08-21","1号店 アキバ絶対領域","よる","すくい","2090732311231021211"
"2026-08-21","1号店 アキバ絶対領域","よる","ちぇる","2090732311231021211"
"2026-08-21","1号店 アキバ絶対領域","よる","ちゆ","2090732311231021211"
"2026-08-21","1号店 アキバ絶対領域","よる","わたげ","2090732311231021211"
"2026-08-21","3号店 +e","ひる","あらた","2090642728103363070"
"2026-08-21","3号店 +e","ひる","ちぇる","2090642728103363070"
"2026-08-21","3号店 +e","ひる","ちま","2090642728103363070"
"2026-08-21","3号店 +e","ひる","のあ","2090642728103363070"
"2026-08-21","3号店 +e","ひる","ひなり","2090642728103363070"
"2026-08-21","4号店 A.D.2045","ひる","しゃち","2090642596154712463"
"2026-08-21","4号店 A.D.2045","ひる","ぴあの","2090642596154712463"
"2026-08-21","4号店 A.D.2045","ひる","みりあ","2090642596154712463"
"2026-08-21","4号店 A.D.2045","ひる","みりん","2090642596154712463"
"2026-08-22","1号店 アキバ絶対領域","ひる","うる","2091001539733455052"
"2026-08-22","1号店 アキバ絶対領域","ひる","えみ","2091001539733455052"
"2026-08-22","1号店 アキバ絶対領域","ひる","こん","2091001539733455052"
"2026-08-22","1号店 アキバ絶対領域","ひる","ねむり","2091001539733455052"
"2026-08-22","1号店 アキバ絶対領域","ひる","ぴあの","2091001539733455052"
"2026-08-22","1号店 アキバ絶対領域","ひる","みりあ","2091001539733455052"
"2026-08-22","1号店 アキバ絶対領域","よる","ちま","2091105119438004508"
"2026-08-22","1号店 アキバ絶対領域","よる","ちゆ","2091105119438004508"
"2026-08-22","1号店 アキバ絶対領域","よる","ひかり","2091105119438004508"
"2026-08-22","1号店 アキバ絶対領域","よる","まこと","2091105119438004508"
"2026-08-22","1号店 アキバ絶対領域","よる","もなか","2091105119438004508"
"2026-08-22","2号店 A.D.1912","ひる","うな","2090999945453351110"
"2026-08-22","2号店 A.D.1912","ひる","かなた","2090999945453351110"
"2026-08-22","2号店 A.D.1912","ひる","けだま","2090999945453351110"
"2026-08-22","2号店 A.D.1912","ひる","ちょこ","2090999945453351110"
"2026-08-22","2号店 A.D.1912","ひる","のあ","2090999945453351110"
"2026-08-22","2号店 A.D.1912","ひる","まこと","2090999945453351110"
"2026-08-22","2号店 A.D.1912","ひる","もなか","2090999945453351110"
"2026-08-22","2号店 A.D.1912","ひる","ららこ","2090999945453351110"
"2026-08-22","3号店 +e","ひる","あめる","2090999635599052962"
"2026-08-22","3号店 +e","ひる","あらた","2090999635599052962"
"2026-08-22","3号店 +e","ひる","こい","2090999635599052962"
"2026-08-22","3号店 +e","ひる","ちま","2090999635599052962"
"2026-08-22","3号店 +e","ひる","にゃな","2090999635599052962"
"2026-08-22","3号店 +e","ひる","ろぜった","2090999635599052962"
"2026-08-22","4号店 A.D.2045","よる","いと","2091077765693096327"
"2026-08-22","4号店 A.D.2045","よる","うる","2091077765693096327"
"2026-08-22","4号店 A.D.2045","よる","ひじり","2091077765693096327"
"2026-08-22","4号店 A.D.2045","よる","みりあ","2091077765693096327"
"2026-08-22","4号店 A.D.2045","よる","るるか","2091077765693096327"
"2026-08-23","1号店 アキバ絶対領域","ひる","うな","2091365075844223221"
"2026-08-23","1号店 アキバ絶対領域","ひる","こい","2091365075844223221"
"2026-08-23","1号店 アキバ絶対領域","ひる","こん","2091365075844223221"
"2026-08-23","1号店 アキバ絶対領域","ひる","ちま","2091365075844223221"
"2026-08-23","1号店 アキバ絶対領域","ひる","にゃな","2091365075844223221"
"2026-08-23","1号店 アキバ絶対領域","ひる","まこと","2091365075844223221"
"2026-08-23","1号店 アキバ絶対領域","よる","あめる","2091464862073586121"
"2026-08-23","1号店 アキバ絶対領域","よる","いと","2091464862073586121"
"2026-08-23","1号店 アキバ絶対領域","よる","うる","2091464862073586121"
"2026-08-23","1号店 アキバ絶対領域","よる","のあ","2091464862073586121"
"2026-08-23","1号店 アキバ絶対領域","よる","まひろ","2091464862073586121"
"2026-08-23","1号店 アキバ絶対領域","よる","みらい","2091464862073586121"
"2026-08-23","1号店 アキバ絶対領域","よる","みりん","2091464862073586121"
"2026-08-23","1号店 アキバ絶対領域","よる","るるか","2091464862073586121"
"2026-08-23","2号店 A.D.1912","ひる","いと","2091365349187010854"
"2026-08-23","2号店 A.D.1912","ひる","ちょこ","2091365349187010854"
"2026-08-23","2号店 A.D.1912","ひる","みりあ","2091365349187010854"
"2026-08-23","2号店 A.D.1912","ひる","みりん","2091365349187010854"
"2026-08-23","2号店 A.D.1912","ひる","もち","2091365349187010854"
"2026-08-24","1号店 アキバ絶対領域","ひる","あめる","2091722989566046641"
"2026-08-24","1号店 アキバ絶対領域","ひる","あらた","2091722989566046641"
"2026-08-24","1号店 アキバ絶対領域","ひる","うな","2091722989566046641"
"2026-08-24","1号店 アキバ絶対領域","ひる","ちぇる","2091722989566046641"
"2026-08-24","1号店 アキバ絶対領域","ひる","みおり","2091722989566046641"
"2026-08-24","1号店 アキバ絶対領域","ひる","もなか","2091722989566046641"
"2026-08-24","1号店 アキバ絶対領域","ひる","らん","2091722989566046641"
"2026-08-24","1号店 アキバ絶対領域","よる","あずち","2091828164179988854"
"2026-08-24","1号店 アキバ絶対領域","よる","うる","2091828164179988854"
"2026-08-24","1号店 アキバ絶対領域","よる","ちさと","2091828164179988854"
"2026-08-24","1号店 アキバ絶対領域","よる","ちゆ","2091828164179988854"
"2026-08-24","1号店 アキバ絶対領域","よる","ひじり","2091828164179988854"
"2026-08-24","1号店 アキバ絶対領域","よる","もなか","2091828164179988854"
"2026-08-24","4号店 A.D.2045","ひる","うる","2091735357041860633"
"2026-08-24","4号店 A.D.2045","ひる","すくい","2091735357041860633"
"2026-08-24","4号店 A.D.2045","ひる","ねむり","2091735357041860633"
"2026-08-24","4号店 A.D.2045","ひる","わたげ","2091735357041860633"
"2026-08-24","4号店 A.D.2045","よる","あむ","2091824258918047822"
"2026-08-24","4号店 A.D.2045","よる","けだま","2091824258918047822"
"2026-08-24","4号店 A.D.2045","よる","まこと","2091824258918047822"
"2026-08-24","4号店 A.D.2045","よる","みえる","2091824258918047822"
"2026-08-24","4号店 A.D.2045","よる","るるか","2091824258918047822"
"2026-08-25","1号店 アキバ絶対領域","ひる","ちゆ","2092086541380472950"
"2026-08-25","1号店 アキバ絶対領域","ひる","みえる","2092086541380472950"
"2026-08-25","1号店 アキバ絶対領域","ひる","みりん","2092086541380472950"
"2026-08-25","1号店 アキバ絶対領域","ひる","もなか","2092086541380472950"
"2026-08-25","1号店 アキバ絶対領域","ひる","ゆめ","2092086541380472950"
"2026-08-25","1号店 アキバ絶対領域","ひる","らん","2092086541380472950"
"2026-08-25","1号店 アキバ絶対領域","よる","ちゆ","2092180861361979625"
"2026-08-25","1号店 アキバ絶対領域","よる","にゃな","2092180861361979625"
"2026-08-25","1号店 アキバ絶対領域","よる","ひかり","2092180861361979625"
"2026-08-25","1号店 アキバ絶対領域","よる","まこと","2092180861361979625"
"2026-08-25","1号店 アキバ絶対領域","よる","もなか","2092180861361979625"
"2026-08-25","3号店 +e","ひる","あめる","2092086655930995002"
"2026-08-25","3号店 +e","ひる","うる","2092086655930995002"
"2026-08-25","3号店 +e","ひる","こい","2092086655930995002"
"2026-08-25","3号店 +e","ひる","ちま","2092086655930995002"
"2026-08-25","3号店 +e","ひる","はぴる","2092086655930995002"
"2026-08-25","3号店 +e","よる","あむ","2092183134884560950"
"2026-08-25","3号店 +e","よる","あめる","2092183134884560950"
"2026-08-25","3号店 +e","よる","こん","2092183134884560950"
"2026-08-25","3号店 +e","よる","ちょこ","2092183134884560950"
"2026-08-25","3号店 +e","よる","みらい","2092183134884560950"
"2026-08-25","3号店 +e","よる","みりん","2092183134884560950"
"2026-08-26","1号店 アキバ絶対領域","ひる","あむ","2092448586797813858"
"2026-08-26","1号店 アキバ絶対領域","ひる","こい","2092448586797813858"
"2026-08-26","1号店 アキバ絶対領域","ひる","こん","2092448586797813858"
"2026-08-26","1号店 アキバ絶対領域","ひる","つぼみ","2092448586797813858"
"2026-08-26","1号店 アキバ絶対領域","ひる","みりん","2092448586797813858"
"2026-08-26","1号店 アキバ絶対領域","ひる","るるか","2092448586797813858"
"2026-08-26","1号店 アキバ絶対領域","よる","ちさと","2092528707181466010"
"2026-08-26","1号店 アキバ絶対領域","よる","ちま","2092528707181466010"
"2026-08-26","1号店 アキバ絶対領域","よる","ちゆ","2092528707181466010"
"2026-08-26","1号店 アキバ絶対領域","よる","まこと","2092528707181466010"
"2026-08-26","1号店 アキバ絶対領域","よる","ろぜった","2092528707181466010"
"2026-08-26","2号店 A.D.1912","ひる","きらり","2092450868104921117"
"2026-08-26","2号店 A.D.1912","ひる","まこと","2092450868104921117"
"2026-08-26","2号店 A.D.1912","ひる","みらい","2092450868104921117"
"2026-08-26","2号店 A.D.1912","ひる","みりあ","2092450868104921117"
"2026-08-26","2号店 A.D.1912","ひる","ららこ","2092450868104921117"
"2026-08-26","4号店 A.D.2045","ひる","ねむり","2092451027769581742"
"2026-08-26","4号店 A.D.2045","ひる","ひかり","2092451027769581742"
"2026-08-26","4号店 A.D.2045","ひる","みえる","2092451027769581742"
"2026-08-26","4号店 A.D.2045","よる","みりあ","2092547271066005515"
"2026-08-26","4号店 A.D.2045","よる","みりん","2092547271066005515"
"2026-08-26","4号店 A.D.2045","よる","ららこ","2092547271066005515"
"2026-08-26","4号店 A.D.2045","よる","るるか","2092547271066005515"
"2026-08-27","1号店 アキバ絶対領域","ひる","あめる","2092810129188241618"
"2026-08-27","1号店 アキバ絶対領域","ひる","こん","2092810129188241618"
"2026-08-27","1号店 アキバ絶対領域","ひる","ねむり","2092810129188241618"
"2026-08-27","1号店 アキバ絶対領域","ひる","もなか","2092810129188241618"
"2026-08-27","1号店 アキバ絶対領域","ひる","わたげ","2092810129188241618"
"2026-08-27","1号店 アキバ絶対領域","よる","うる","2092905706081128737"
"2026-08-27","1号店 アキバ絶対領域","よる","しゃち","2092905706081128737"
"2026-08-27","1号店 アキバ絶対領域","よる","ちさと","2092905706081128737"
"2026-08-27","1号店 アキバ絶対領域","よる","ぴあの","2092905706081128737"
"2026-08-27","1号店 アキバ絶対領域","よる","みえる","2092905706081128737"
"2026-08-27","1号店 アキバ絶対領域","よる","もなか","2092905706081128737"
"2026-08-27","3号店 +e","ひる","うる","2092811073481322827"
"2026-08-27","3号店 +e","ひる","える","2092811073481322827"
"2026-08-27","3号店 +e","ひる","こい","2092811073481322827"
"2026-08-27","3号店 +e","ひる","ひなり","2092811073481322827"
"2026-08-27","3号店 +e","ひる","もち","2092811073481322827"
"2026-08-27","3号店 +e","よる","あめる","2092905945286484287"
"2026-08-27","3号店 +e","よる","える","2092905945286484287"
"2026-08-27","3号店 +e","よる","こえび","2092905945286484287"
"2026-08-27","3号店 +e","よる","ひじり","2092905945286484287"
"2026-08-27","3号店 +e","よる","みりん","2092905945286484287"
"2026-08-27","3号店 +e","よる","るるか","2092905945286484287"
"2026-08-28","1号店 アキバ絶対領域","よる","あむ","2093251918797873449"
"2026-08-28","1号店 アキバ絶対領域","よる","こん","2093251918797873449"
"2026-08-28","1号店 アキバ絶対領域","よる","ちゆ","2093251918797873449"
"2026-08-28","1号店 アキバ絶対領域","よる","ゆめ","2093251918797873449"
"2026-08-28","1号店 アキバ絶対領域","よる","らん","2093251918797873449"
"2026-08-28","1号店 アキバ絶対領域","よる","るるか","2093251918797873449"
"2026-08-28","4号店 A.D.2045","よる","こえび","2093263173650682271"
"2026-08-28","4号店 A.D.2045","よる","ちさと","2093263173650682271"
"2026-08-28","4号店 A.D.2045","よる","まこと","2093263173650682271"
"2026-08-28","4号店 A.D.2045","よる","みりあ","2093263173650682271"
"2026-08-29","1号店 アキバ絶対領域","ひる","あむ","2093534409760911489"
"2026-08-29","1号店 アキバ絶対領域","ひる","あらた","2093534409760911489"
"2026-08-29","1号店 アキバ絶対領域","ひる","しゃち","2093534409760911489"
"2026-08-29","1号店 アキバ絶対領域","ひる","ちま","2093534409760911489"
"2026-08-29","1号店 アキバ絶対領域","ひる","もなか","2093534409760911489"
"2026-08-29","1号店 アキバ絶対領域","ひる","らん","2093534409760911489"
"2026-08-29","3号店 +e","ひる","ちぇる","2093535923158032480"
"2026-08-29","3号店 +e","ひる","のあ","2093535923158032480"
"2026-08-29","3号店 +e","ひる","はぴる","2093535923158032480"
"2026-08-29","3号店 +e","ひる","ひなり","2093535923158032480"
"2026-08-29","3号店 +e","ひる","みりん","2093535923158032480"
"2026-08-30","1号店 アキバ絶対領域","ひる","うな","2093898123106238881"
"2026-08-30","1号店 アキバ絶対領域","ひる","うる","2093898123106238881"
"2026-08-30","1号店 アキバ絶対領域","ひる","しゃち","2093898123106238881"
"2026-08-30","1号店 アキバ絶対領域","ひる","すくい","2093898123106238881"
"2026-08-30","1号店 アキバ絶対領域","ひる","つぼみ","2093898123106238881"
"2026-08-30","1号店 アキバ絶対領域","ひる","ひなり","2093898123106238881"
"2026-08-30","1号店 アキバ絶対領域","ひる","みらい","2093898123106238881"
"2026-08-30","1号店 アキバ絶対領域","よる","きらり","2093989505745502598"
"2026-08-30","1号店 アキバ絶対領域","よる","ちさと","2093989505745502598"
"2026-08-30","1号店 アキバ絶対領域","よる","ちゆ","2093989505745502598"
"2026-08-30","1号店 アキバ絶対領域","よる","ぴあの","2093989505745502598"
"2026-08-30","1号店 アキバ絶対領域","よる","ひかり","2093989505745502598"
"2026-08-30","1号店 アキバ絶対領域","よる","みりん","2093989505745502598"
"2026-08-30","2号店 A.D.1912","ひる","ちぇる","2093898563348742581"
"2026-08-30","2号店 A.D.1912","ひる","ちさと","2093898563348742581"
"2026-08-30","2号店 A.D.1912","ひる","ちょこ","2093898563348742581"
"2026-08-30","2号店 A.D.1912","ひる","みりあ","2093898563348742581"
"2026-08-30","2号店 A.D.1912","ひる","みりん","2093898563348742581"
"2026-08-30","2号店 A.D.1912","ひる","るるか","2093898563348742581"
"2026-08-30","2号店 A.D.1912","ひる","わたげ","2093898563348742581"
"2026-08-30","2号店 A.D.1912","よる","あむ","2093990152196825329"
"2026-08-30","2号店 A.D.1912","よる","かなた","2093990152196825329"
"2026-08-30","2号店 A.D.1912","よる","まこと","2093990152196825329"
"2026-08-30","2号店 A.D.1912","よる","まひろ","2093990152196825329"
"2026-08-30","2号店 A.D.1912","よる","ゆめ","2093990152196825329"
"2026-08-30","2号店 A.D.1912","よる","ららこ","2093990152196825329"
"2026-09-01","1号店 アキバ絶対領域","ひる","すくい","2094624405108437047"
"2026-09-01","1号店 アキバ絶対領域","ひる","えみ","2094624405108437047"
"2026-09-01","1号店 アキバ絶対領域","ひる","ひじり","2094624405108437047"
"2026-09-01","1号店 アキバ絶対領域","ひる","きらり","2094624405108437047"
"2026-09-01","1号店 アキバ絶対領域","ひる","あらた","2094624405108437047"
"2026-09-01","1号店 アキバ絶対領域","ひる","みおり","2094624405108437047"
"2026-09-01","4号店 A.D.2045","ひる","みりあ","2094627269461549232"
"2026-09-01","4号店 A.D.2045","ひる","ちゆ","2094627269461549232"
"2026-09-01","4号店 A.D.2045","ひる","けだま","2094627269461549232"
"2026-09-01","1号店 アキバ絶対領域","よる","もなか","2094716955529998836"
"2026-09-01","1号店 アキバ絶対領域","よる","あむ","2094716955529998836"
"2026-09-01","1号店 アキバ絶対領域","よる","こえび","2094716955529998836"
"2026-09-01","1号店 アキバ絶対領域","よる","ろぜった","2094716955529998836"
"2026-09-01","1号店 アキバ絶対領域","よる","える","2094716955529998836"
"2026-09-01","1号店 アキバ絶対領域","よる","みりあ","2094716955529998836"
"2026-09-01","1号店 アキバ絶対領域","よる","あくび","2094716955529998836"
"2026-09-01","1号店 アキバ絶対領域","よる","まこと","2094716955529998836"
"2026-09-01","1号店 アキバ絶対領域","よる","あらた","2094716955529998836"
"2026-09-02","2号店 A.D.1912","ひる","ちさと","2094986089224384519"
"2026-09-02","2号店 A.D.1912","ひる","いと","2094986089224384519"
"2026-09-02","2号店 A.D.1912","ひる","ろぜった","2094986089224384519"
"2026-09-02","2号店 A.D.1912","ひる","かなた","2094986089224384519"
"2026-09-02","2号店 A.D.1912","ひる","けだま","2094986089224384519"
"2026-09-02","1号店 アキバ絶対領域","ひる","えみ","2094998281583759612"
"2026-09-02","1号店 アキバ絶対領域","ひる","らん","2094998281583759612"
"2026-09-02","1号店 アキバ絶対領域","ひる","しゃち","2094998281583759612"
"2026-09-02","1号店 アキバ絶対領域","ひる","ひかり","2094998281583759612"
"2026-09-02","1号店 アキバ絶対領域","ひる","あらた","2094998281583759612"
"2026-09-02","4号店 A.D.2045","ひる","あめる","2095002818327507374"
"2026-09-02","4号店 A.D.2045","ひる","ねむり","2095002818327507374"
"2026-09-02","4号店 A.D.2045","ひる","わたげ","2095002818327507374"
"2026-09-02","4号店 A.D.2045","ひる","まこと","2095002818327507374"
"2026-09-02","1号店 アキバ絶対領域","よる","ぴあの","2095060931000914258"
"2026-09-02","1号店 アキバ絶対領域","よる","うな","2095060931000914258"
"2026-09-02","1号店 アキバ絶対領域","よる","いと","2095060931000914258"
"2026-09-02","4号店 A.D.2045","よる","ひかり","2095077027061899578"
"2026-09-02","4号店 A.D.2045","よる","こえび","2095077027061899578"
"2026-09-02","4号店 A.D.2045","よる","みらい","2095077027061899578"
"2026-09-02","4号店 A.D.2045","よる","みりん","2095077027061899578"
